SET FOREIGN_KEY_CHECKS = 0;

DROP TABLE IF EXISTS  `business_ad`;
CREATE TABLE `business_ad` (
  `ad_id` bigint(6) NOT NULL AUTO_INCREMENT COMMENT '广告ID',
  `position_id` bigint(6) DEFAULT NULL COMMENT '位置ID',
  `ad_name` varchar(100) DEFAULT NULL COMMENT '广告名称',
  `ad_img` longtext COMMENT '广告图片',
  `ad_img_link` varchar(255) DEFAULT NULL COMMENT '广告图片链接',
  `ad_link` varchar(255) DEFAULT NULL COMMENT '广告链接',
  `ad_code` text COMMENT '广告编码',
  `start_time` datetime DEFAULT NULL COMMENT '开始时间',
  `end_time` datetime DEFAULT NULL COMMENT '结束时间',
  `click_count` mediumint(8) DEFAULT NULL COMMENT '点击次数',
  `description` varchar(100) DEFAULT NULL COMMENT '描述',
  PRIMARY KEY (`ad_id`)
) ENGINE=InnoDB AUTO_INCREMENT=30 DEFAULT CHARSET=utf8 ROW_FORMAT=DYNAMIC COMMENT='广告';

insert into `business_ad`(`ad_id`,`position_id`,`ad_name`,`ad_img`,`ad_img_link`,`ad_link`,`ad_code`,`start_time`,`end_time`,`click_count`,`description`) values
('27','15','伊亲购','http://img.yiqingo.com/tuan/2016/12/24/c4bc29767a7b4951bc6f8875d7f098bc.jpg','','','',null,null,null,''),
('28','15','伊亲购','http://img.yiqingo.com/tuan/2016/12/24/d179a98cfaf4438f9e37b08d51e42568.jpg','','','',null,null,null,''),
('29','15','伊亲购','http://img.yiqingo.com/tuan/2016/12/24/543f0cb835bc41b2986924335e3b9174.jpg','','','',null,null,null,'');
DROP TABLE IF EXISTS  `business_ad_position`;
CREATE TABLE `business_ad_position` (
  `position_id` bigint(3) NOT NULL AUTO_INCREMENT COMMENT '广告位ID',
  `position_code` varchar(50) NOT NULL COMMENT '位置编码',
  `position_name` varchar(60) DEFAULT NULL COMMENT '广告位名称',
  `ad_width` smallint(5) DEFAULT NULL COMMENT '广告位宽度',
  `ad_height` smallint(5) DEFAULT NULL COMMENT '广告位高度',
  `position_desc` varchar(255) DEFAULT NULL COMMENT '广告位描述',
  PRIMARY KEY (`position_id`)
) ENGINE=InnoDB AUTO_INCREMENT=18 DEFAULT CHARSET=utf8 ROW_FORMAT=DYNAMIC COMMENT='广告位置';

insert into `business_ad_position`(`position_id`,`position_code`,`position_name`,`ad_width`,`ad_height`,`position_desc`) values
('15','index','首页轮播广告','1024','768','首页广告');
DROP TABLE IF EXISTS  `business_attention`;
CREATE TABLE `business_attention` (
  `id` bigint(20) NOT NULL AUTO_INCREMENT COMMENT '主键',
  `group_id` bigint(20) DEFAULT '0' COMMENT '团id',
  `goods_id` bigint(20) DEFAULT '0' COMMENT '商品主键',
  `user_id` bigint(20) DEFAULT '0' COMMENT '用户ID',
  `openid` varchar(70) DEFAULT '0' COMMENT 'openid',
  PRIMARY KEY (`id`)
) ENGINE=InnoDB AUTO_INCREMENT=86 DEFAULT CHARSET=utf8 ROW_FORMAT=DYNAMIC COMMENT='商品或者团的关注';

insert into `business_attention`(`id`,`group_id`,`goods_id`,`user_id`,`openid`) values
('63','29',null,'14',null),
('64','31',null,'27',null),
('65','38',null,'51',null),
('66','29',null,'27',null),
('67','32',null,'59',null),
('68','38',null,'80',null),
('69','31',null,'80',null),
('70','32',null,'81',null),
('71','29',null,'83',null),
('72','38',null,'96',null),
('73','31',null,'99',null),
('74','38',null,'6',null),
('75','36',null,'5',null),
('76','29',null,'5',null),
('77','37',null,'142',null),
('78','32',null,'147',null),
('79','29',null,'150',null),
('80','33',null,'150',null),
('81','31',null,'168',null),
('82','29',null,'168',null),
('83','32',null,'168',null),
('84','33',null,'168',null),
('85','38',null,'231',null);
DROP TABLE IF EXISTS  `business_category`;
CREATE TABLE `business_category` (
  `id` bigint(20) unsigned NOT NULL AUTO_INCREMENT COMMENT '分类id',
  `parent_id` bigint(20) unsigned DEFAULT NULL COMMENT '父分类的id',
  `name` varchar(90) DEFAULT NULL COMMENT '分类名称',
  `path` varchar(200) DEFAULT NULL COMMENT '分类路径',
  `sort_order` int(10) unsigned DEFAULT NULL COMMENT '排序',
  `is_show` int(10) unsigned DEFAULT NULL COMMENT '是否显示',
  `cat_ico` varchar(255) DEFAULT NULL COMMENT '分类标志',
  `cat_logo` varchar(255) DEFAULT NULL COMMENT '分类LOGO',
  PRIMARY KEY (`id`),
  KEY `parent_id` (`parent_id`)
) ENGINE=InnoDB AUTO_INCREMENT=22 DEFAULT CHARSET=utf8 ROW_FORMAT=DYNAMIC COMMENT='商品分类';

insert into `business_category`(`id`,`parent_id`,`name`,`path`,`sort_order`,`is_show`,`cat_ico`,`cat_logo`) values
('12',null,'奶粉','/','1','1','1','1'),
('13',null,'纸尿裤','/','2','1','',''),
('14',null,'宝宝辅食','/','3','1','',''),
('15',null,'辅食喂养','/','4','1','',''),
('16','12','1段奶粉','/12/','1','1','',''),
('17','12','2段奶粉','/12/','3','1','','http://img.yiqingo.com/tuan/2016/11/30/b7c84aba37ba4b6d8e386f7dd2722523.jpeg'),
('18','13','XXL纸尿裤','/13/','1','1','',''),
('19','15','饮料','/15/','1','1','',''),
('20','16','德国','/12/16/','1','1','',''),
('21','16','爱他美','/12/16/','1','1','','');
DROP TABLE IF EXISTS  `business_favorite`;
CREATE TABLE `business_favorite` (
  `id` bigint(20) NOT NULL AUTO_INCREMENT COMMENT '收藏主键',
  `group_id` bigint(20) DEFAULT '0' COMMENT '团id',
  `goods_id` bigint(20) DEFAULT '0' COMMENT '商品主键',
  `user_id` bigint(20) DEFAULT '0' COMMENT '用户ID',
  `openid` varchar(70) DEFAULT '0' COMMENT 'openid',
  PRIMARY KEY (`id`)
) ENGINE=InnoDB AUTO_INCREMENT=150 DEFAULT CHARSET=utf8 ROW_FORMAT=DYNAMIC COMMENT='团收藏';

insert into `business_favorite`(`id`,`group_id`,`goods_id`,`user_id`,`openid`) values
('137','32',null,'27',null),
('138','29',null,'30',null),
('140','30',null,'46',null),
('141','29',null,'14',null),
('142','33',null,'14',null),
('143','29',null,'27',null),
('145','38',null,'6',null),
('146','36',null,'31',null),
('147','33',null,'5',null),
('149','30',null,'5',null);
DROP TABLE IF EXISTS  `business_goods`;
CREATE TABLE `business_goods` (
  `id` bigint(10) NOT NULL AUTO_INCREMENT COMMENT '商品ID',
  `category_id` bigint(20) DEFAULT '1' COMMENT '商品分类id',
  `goods_desc` longtext COMMENT '商品详情',
  `goods_name` varchar(120) DEFAULT '' COMMENT '商品名称',
  `goods_number` int(50) DEFAULT NULL COMMENT '商品数量',
  `goods_code` varchar(64) DEFAULT NULL COMMENT '商品编码',
  `goods_original_price` decimal(10,2) DEFAULT NULL COMMENT '商品原价',
  `promote_price` decimal(10,2) DEFAULT NULL COMMENT '促销价',
  `saled_number` int(10) DEFAULT NULL COMMENT '已售数量',
  `goods_thumb` varchar(255) DEFAULT '' COMMENT '商品相册',
  `goods_main_img` varchar(255) DEFAULT '' COMMENT '商品主图',
  `goods_original_img` varchar(255) DEFAULT '' COMMENT '商品原图',
  `is_onsale` tinyint(1) DEFAULT '0' COMMENT '商品是否下架',
  PRIMARY KEY (`id`)
) ENGINE=InnoDB AUTO_INCREMENT=163 DEFAULT CHARSET=utf8 ROW_FORMAT=DYNAMIC COMMENT='商品活动';

insert into `business_goods`(`id`,`category_id`,`goods_desc`,`goods_name`,`goods_number`,`goods_code`,`goods_original_price`,`promote_price`,`saled_number`,`goods_thumb`,`goods_main_img`,`goods_original_img`,`is_onsale`) values
('150',null,'<p><img align="absmiddle" src="https://img.alicdn.com/imgextra/i1/2735913147/TB2hqAypXXXXXXQXXXXXXXXXXXX_!!2735913147.jpg" style="margin: 0px; padding: 0px; border: 0px; list-style-type: none; max-width: 950px; color: rgb(51, 51, 51); text-align: center; white-space: normal; vertical-align: top; font-family: tahoma, arial, 宋体, sans-serif; font-size: 14px; line-height: 21px; background-color: rgb(255, 255, 255);"/><img align="absmiddle" src="https://img.alicdn.com/imgextra/i3/2735913147/TB2D8cnpXXXXXcQXXXXXXXXXXXX_!!2735913147.jpg" style="margin: 0px; padding: 0px; border: 0px; list-style-type: none; max-width: 950px; color: rgb(51, 51, 51); text-align: center; white-space: normal; vertical-align: top; font-family: tahoma, arial, 宋体, sans-serif; font-size: 14px; line-height: 21px; background-color: rgb(255, 255, 255);"/><img align="absmiddle" src="https://img.alicdn.com/imgextra/i2/2735913147/TB2.cjKpXXXXXXMXFXXXXXXXXXX_!!2735913147.jpg" style="margin: 0px; padding: 0px; border: 0px; list-style-type: none; max-width: 950px; color: rgb(51, 51, 51); text-align: center; white-space: normal; vertical-align: top; font-family: tahoma, arial, 宋体, sans-serif; font-size: 14px; line-height: 21px; background-color: rgb(255, 255, 255);"/><img align="absmiddle" src="https://img.alicdn.com/imgextra/i3/2735913147/TB2jjstpXXXXXaDXXXXXXXXXXXX_!!2735913147.jpg" class="" style="margin: 0px; padding: 0px; border: 0px; list-style-type: none; max-width: 950px; color: rgb(51, 51, 51); text-align: center; white-space: normal; vertical-align: top; font-family: tahoma, arial, 宋体, sans-serif; font-size: 14px; line-height: 21px; background-color: rgb(255, 255, 255);"/><img align="absmiddle" src="https://img.alicdn.com/imgextra/i4/2735913147/TB2zyczpXXXXXXKXXXXXXXXXXXX_!!2735913147.jpg" class="" style="margin: 0px; padding: 0px; border: 0px; list-style-type: none; max-width: 950px; color: rgb(51, 51, 51); text-align: center; white-space: normal; vertical-align: top; font-family: tahoma, arial, 宋体, sans-serif; font-size: 14px; line-height: 21px; background-color: rgb(255, 255, 255);"/><img align="absmiddle" src="https://img.alicdn.com/imgextra/i1/2735913147/TB2kn.ypXXXXXXVXXXXXXXXXXXX_!!2735913147.jpg" class="" style="margin: 0px; padding: 0px; border: 0px; list-style-type: none; max-width: 950px; color: rgb(51, 51, 51); text-align: center; white-space: normal; vertical-align: top; font-family: tahoma, arial, 宋体, sans-serif; font-size: 14px; line-height: 21px; background-color: rgb(255, 255, 255);"/><img align="absmiddle" src="https://img.alicdn.com/imgextra/i4/2735913147/TB26HAopXXXXXcbXXXXXXXXXXXX_!!2735913147.jpg" class="" style="margin: 0px; padding: 0px; border: 0px; list-style-type: none; max-width: 950px; color: rgb(51, 51, 51); text-align: center; white-space: normal; vertical-align: top; font-family: tahoma, arial, 宋体, sans-serif; font-size: 14px; line-height: 21px; background-color: rgb(255, 255, 255);"/></p>','【伊亲购】保宁 新款B&B洗衣液（1300ml）','628',null,44.00,1.00,'411',null,'http://img.yiqingo.com/goodsimg/2016/12/23/44a1892808e946b8b5c921456011fc3b.jpg',null,'1'),
('151',null,'<p style="margin-top: 0px; margin-bottom: 0px; padding: 0px; border: none; list-style-type: none; color: rgb(51, 51, 51); font-family: Arial, Helvetica, sans-serif, 宋体; font-size: 12px; text-align: center; white-space: normal; background-color: rgb(255, 255, 255);"><img src="http://img.yiqingo.com/detailimage/2016/5/27/1e172d071a434b68a8fa873d0be99733.jpg" style="margin: 0px; padding: 0px; border: none; list-style-type: none; max-width: 950px;"/></p><p style="margin-top: 0px; margin-bottom: 0px; padding: 0px; border: none; list-style-type: none; color: rgb(51, 51, 51); font-family: Arial, Helvetica, sans-serif, 宋体; font-size: 12px; text-align: center; white-space: normal; background-color: rgb(255, 255, 255);"><img src="http://img.yiqingo.com/detailimage/2016/5/27/6d3942ceb22d47bba6d2b6ca2ae3f0ad.jpg" style="margin: 0px; padding: 0px; border: none; list-style-type: none; max-width: 950px;"/></p><p style="margin-top: 0px; margin-bottom: 0px; padding: 0px; border: none; list-style-type: none; color: rgb(51, 51, 51); font-family: Arial, Helvetica, sans-serif, 宋体; font-size: 12px; text-align: center; white-space: normal; background-color: rgb(255, 255, 255);"><img src="http://img.yiqingo.com/detailimage/2016/5/27/88450e2504ff4b97bf78fecb0189c414.jpg" style="margin: 0px; padding: 0px; border: none; list-style-type: none; max-width: 950px;"/></p><p style="margin-top: 0px; margin-bottom: 0px; padding: 0px; border: none; list-style-type: none; color: rgb(51, 51, 51); font-family: Arial, Helvetica, sans-serif, 宋体; font-size: 12px; text-align: center; white-space: normal; background-color: rgb(255, 255, 255);"><img src="http://img.yiqingo.com/detailimage/2016/5/27/0dcf02b597fa42ec87efa4b540dbdeb0.jpg" style="margin: 0px; padding: 0px; border: none; list-style-type: none; max-width: 950px;"/></p><p style="margin-top: 0px; margin-bottom: 0px; padding: 0px; border: none; list-style-type: none; color: rgb(51, 51, 51); font-family: Arial, Helvetica, sans-serif, 宋体; font-size: 12px; text-align: center; white-space: normal; background-color: rgb(255, 255, 255);"><img src="http://img.yiqingo.com/detailimage/2016/5/27/e0bcde5c8cec4616ac8b154ec726a5d3.jpg" style="margin: 0px; padding: 0px; border: none; list-style-type: none; max-width: 950px;"/></p><p><br/></p>','【伊亲购】澳大利亚Lucas Papaw天然神奇木瓜膏25g','396',null,49.00,1.00,'5609',null,'http://img.yiqingo.com/goodsimg/2016/12/23/0fe4d0c6d58849afa417c62c97da9d81.jpg',null,'1'),
('152',null,'<p style="margin-top: 0px; margin-bottom: 0px; padding: 0px; border: none; list-style-type: none; color: rgb(51, 51, 51); font-family: Arial, Helvetica, sans-serif, 宋体; font-size: 12px; text-align: center; white-space: normal; background-color: rgb(255, 255, 255);"><img align="absmiddle" src="https://img.alicdn.com/imgextra/i3/2869009814/TB208LUopXXXXcdXpXXXXXXXXXX_!!2869009814.jpg" class="img-ks-lazyload" style="margin: 0px; padding: 0px; border: 0px; list-style-type: none; max-width: 950px; animation: ks-fadeIn 350ms linear 0ms 1 normal both; opacity: 1; vertical-align: top;"/><img align="absmiddle" src="https://img.alicdn.com/imgextra/i4/2869009814/TB2dJQcopXXXXcVXXXXXXXXXXXX_!!2869009814.jpg" class="img-ks-lazyload" style="margin: 0px; padding: 0px; border: 0px; list-style-type: none; max-width: 950px; animation: ks-fadeIn 350ms linear 0ms 1 normal both; opacity: 1; vertical-align: top;"/><img align="absmiddle" src="https://img.alicdn.com/imgextra/i1/2869009814/TB21WfOopXXXXcHXpXXXXXXXXXX_!!2869009814.jpg" class="img-ks-lazyload" style="margin: 0px; padding: 0px; border: 0px; list-style-type: none; max-width: 950px; animation: ks-fadeIn 350ms linear 0ms 1 normal both; opacity: 1; vertical-align: top;"/><img align="absmiddle" src="https://img.alicdn.com/imgextra/i1/2869009814/TB2GOZoopXXXXaMXXXXXXXXXXXX_!!2869009814.jpg" class="img-ks-lazyload" style="margin: 0px; padding: 0px; border: 0px; list-style-type: none; max-width: 950px; animation: ks-fadeIn 350ms linear 0ms 1 normal both; opacity: 1; vertical-align: top;"/><img align="absmiddle" src="https://img.alicdn.com/imgextra/i1/2869009814/TB2xP6HopXXXXalXFXXXXXXXXXX_!!2869009814.jpg" class="img-ks-lazyload" style="margin: 0px; padding: 0px; border: 0px; list-style-type: none; max-width: 950px; animation: ks-fadeIn 350ms linear 0ms 1 normal both; opacity: 1; vertical-align: top;"/><img align="absmiddle" src="https://img.alicdn.com/imgextra/i2/2869009814/TB2D320opXXXXbrXpXXXXXXXXXX_!!2869009814.jpg" class="img-ks-lazyload" style="margin: 0px; padding: 0px; border: 0px; list-style-type: none; max-width: 950px; animation: ks-fadeIn 350ms linear 0ms 1 normal both; opacity: 1; vertical-align: top;"/><img align="absmiddle" src="https://img.alicdn.com/imgextra/i2/2869009814/TB2FeEfopXXXXceXXXXXXXXXXXX_!!2869009814.jpg" class="img-ks-lazyload" style="margin: 0px; padding: 0px; border: 0px; list-style-type: none; max-width: 950px; animation: ks-fadeIn 350ms linear 0ms 1 normal both; opacity: 1; vertical-align: top;"/><img align="absmiddle" src="https://img.alicdn.com/imgextra/i1/2869009814/TB2_1ogopXXXXcXXXXXXXXXXXXX_!!2869009814.jpg" class="img-ks-lazyload" style="margin: 0px; padding: 0px; border: 0px; list-style-type: none; max-width: 950px; animation: ks-fadeIn 350ms linear 0ms 1 normal both; opacity: 1; vertical-align: top;"/><img align="absmiddle" src="https://img.alicdn.com/imgextra/i3/2869009814/TB2rX2UopXXXXcgXpXXXXXXXXXX_!!2869009814.jpg" class="img-ks-lazyload" style="margin: 0px; padding: 0px; border: 0px; list-style-type: none; max-width: 950px; animation: ks-fadeIn 350ms linear 0ms 1 normal both; opacity: 1; vertical-align: top;"/><img align="absmiddle" src="https://img.alicdn.com/imgextra/i1/2869009814/TB2ueQeopXXXXcEXXXXXXXXXXXX_!!2869009814.jpg" class="img-ks-lazyload" style="margin: 0px; padding: 0px; border: 0px; list-style-type: none; max-width: 950px; animation: ks-fadeIn 350ms linear 0ms 1 normal both; opacity: 1; vertical-align: top;"/><img align="absmiddle" src="https://img.alicdn.com/imgextra/i2/2869009814/TB2u22IopXXXXX5XFXXXXXXXXXX_!!2869009814.jpg" class="img-ks-lazyload" style="margin: 0px; padding: 0px; border: 0px; list-style-type: none; max-width: 950px; animation: ks-fadeIn 350ms linear 0ms 1 normal both; opacity: 1; vertical-align: top;"/></p><p style="margin-top: 0px; margin-bottom: 0px; padding: 0px; border: none; list-style-type: none; color: rgb(51, 51, 51); font-family: Arial, Helvetica, sans-serif, 宋体; font-size: 12px; text-align: center; white-space: normal; background-color: rgb(255, 255, 255);"><img class="desc_anchor img-ks-lazyload" id="desc-module-3" src="https://assets.alicdn.com/kissy/1.0.0/build/imglazyload/spaceball.gif" style="margin: 0px; padding: 0px; border: 0px; list-style-type: none; max-width: 950px; height: 1px; display: block; clear: both; animation: ks-fadeIn 350ms linear 0ms 1 normal both; opacity: 1; vertical-align: top; color: rgb(64, 64, 64); font-family: tahoma, arial, 宋体, sans-serif; font-size: 14px; line-height: 21px;"/></p><p style="margin-top: 0px; margin-bottom: 0px; padding: 0px; border: none; list-style-type: none; color: rgb(51, 51, 51); font-family: Arial, Helvetica, sans-serif, 宋体; font-size: 12px; text-align: center; white-space: normal; background-color: rgb(255, 255, 255);"><img align="absmiddle" src="https://img.alicdn.com/imgextra/i1/2869009814/TB2KsQqopXXXXaBXXXXXXXXXXXX_!!2869009814.jpg" class="img-ks-lazyload" style="margin: 0px; padding: 0px; border: 0px; list-style-type: none; max-width: 950px; animation: ks-fadeIn 350ms linear 0ms 1 normal both; opacity: 1; vertical-align: top;"/><img align="absmiddle" src="https://img.alicdn.com/imgextra/i3/2869009814/TB2x8ZtopXXXXXZXXXXXXXXXXXX_!!2869009814.jpg" class="img-ks-lazyload" style="margin: 0px; padding: 0px; border: 0px; list-style-type: none; max-width: 950px; animation: ks-fadeIn 350ms linear 0ms 1 normal both; opacity: 1; vertical-align: top;"/><img align="absmiddle" src="https://img.alicdn.com/imgextra/i2/2869009814/TB2N5khopXXXXb3XXXXXXXXXXXX_!!2869009814.jpg" class="img-ks-lazyload" style="margin: 0px; padding: 0px; border: 0px; list-style-type: none; max-width: 950px; animation: ks-fadeIn 350ms linear 0ms 1 normal both; opacity: 1; vertical-align: top;"/><img align="absmiddle" src="https://img.alicdn.com/imgextra/i3/2869009814/TB2nXHYopXXXXbOXpXXXXXXXXXX_!!2869009814.jpg" class="img-ks-lazyload" style="margin: 0px; padding: 0px; border: 0px; list-style-type: none; max-width: 950px; animation: ks-fadeIn 350ms linear 0ms 1 normal both; opacity: 1; vertical-align: top;"/><img align="absmiddle" src="https://img.alicdn.com/imgextra/i2/2869009814/TB2b8UmopXXXXaZXXXXXXXXXXXX_!!2869009814.jpg" class="img-ks-lazyload" style="margin: 0px; padding: 0px; border: 0px; list-style-type: none; max-width: 950px; animation: ks-fadeIn 350ms linear 0ms 1 normal both; opacity: 1; vertical-align: top;"/><img align="absmiddle" src="https://img.alicdn.com/imgextra/i4/2869009814/TB2QYbZopXXXXbNXpXXXXXXXXXX_!!2869009814.jpg" class="img-ks-lazyload" style="margin: 0px; padding: 0px; border: 0px; list-style-type: none; max-width: 950px; animation: ks-fadeIn 350ms linear 0ms 1 normal both; opacity: 1; vertical-align: top;"/><img align="absmiddle" src="https://img.alicdn.com/imgextra/i3/2869009814/TB2yXTPopXXXXcUXpXXXXXXXXXX_!!2869009814.jpg" class="img-ks-lazyload" style="margin: 0px; padding: 0px; border: 0px; list-style-type: none; max-width: 950px; animation: ks-fadeIn 350ms linear 0ms 1 normal both; opacity: 1; vertical-align: top;"/><img align="absmiddle" src="https://img.alicdn.com/imgextra/i3/2869009814/TB2DZQpopXXXXaTXXXXXXXXXXXX_!!2869009814.jpg" class="img-ks-lazyload" style="margin: 0px; padding: 0px; border: 0px; list-style-type: none; max-width: 950px; animation: ks-fadeIn 350ms linear 0ms 1 normal both; opacity: 1; vertical-align: top;"/><img align="absmiddle" src="https://img.alicdn.com/imgextra/i2/2869009814/TB27o28opXXXXXsXpXXXXXXXXXX_!!2869009814.jpg" class="img-ks-lazyload" style="margin: 0px; padding: 0px; border: 0px; list-style-type: none; max-width: 950px; animation: ks-fadeIn 350ms linear 0ms 1 normal both; opacity: 1; vertical-align: top;"/></p><p><br/></p>','【伊亲购】德国施巴Sebamed洁肤沐浴露400ml','35',null,148.00,1.00,'2029',null,'http://img.yiqingo.com/goodsimg/2016/12/23/0212e8f91d164ec383f6efb0f007a4c5.jpg',null,'1'),
('153',null,'<p><img src="http://www.yiqingo.com/images/upload/201509/01/14410989905054.png" style="margin: 0px; padding: 0px; border: none; list-style-type: none; max-width: 950px; color: rgb(51, 51, 51); font-family: Arial, Helvetica, sans-serif, 宋体; font-size: 12px; text-align: center; white-space: normal; background-color: rgb(255, 255, 255);"/></p>','【伊亲购】哈罗闪婴儿二合一沐浴洗发露500ml','40',null,139.00,1.00,'1385',null,'http://img.yiqingo.com/goodsimg/2016/12/23/972c350c374d468d82fd8efdf5583cf8.jpg',null,'1'),
('154',null,'<p style="margin-top: 0px; margin-bottom: 0px; padding: 0px; border: none; list-style-type: none; color: rgb(51, 51, 51); font-family: Arial, Helvetica, sans-serif, 宋体; font-size: 12px; text-align: center; white-space: normal; background-color: rgb(255, 255, 255);"><img src="http://img.yiqingo.com/detailimage/2016/12/23/3fa950fe8f2c48e3b5dfd4343afabfbd.jpg" title="image" style="margin: 0px; padding: 0px; border: none; list-style-type: none; max-width: 950px; float: none;"/></p><p style="margin-top: 0px; margin-bottom: 0px; padding: 0px; border: none; list-style-type: none; color: rgb(51, 51, 51); font-family: Arial, Helvetica, sans-serif, 宋体; font-size: 12px; text-align: center; white-space: normal; background-color: rgb(255, 255, 255);"><img src="http://img.yiqingo.com/detailimage/2016/12/23/c5a825652df44d44a894bc2ed96a6659.jpg" title="image" style="margin: 0px; padding: 0px; border: none; list-style-type: none; max-width: 950px; float: none;"/></p><p style="margin-top: 0px; margin-bottom: 0px; padding: 0px; border: none; list-style-type: none; color: rgb(51, 51, 51); font-family: Arial, Helvetica, sans-serif, 宋体; font-size: 12px; text-align: center; white-space: normal; background-color: rgb(255, 255, 255);"><img src="https://img.alicdn.com/imgextra/i3/123979316/TB26nyVd4eK.eBjSZFlXXaywXXa_!!123979316.jpg" align="absmiddle" style="margin: 0px; padding: 0px; border: 0px; list-style-type: none; max-width: 750px; vertical-align: top; font-family: tahoma, arial, 宋体, sans-serif; font-size: 14px; line-height: 21px;"/><img src="https://img.alicdn.com/imgextra/i4/123979316/TB208rUcghJc1FjSZFDXXbvnFXa_!!123979316.jpg" align="absmiddle" style="margin: 0px; padding: 0px; border: 0px; list-style-type: none; max-width: 750px; vertical-align: top; font-family: tahoma, arial, 宋体, sans-serif; font-size: 14px; line-height: 21px;"/><img src="https://img.alicdn.com/imgextra/i1/123979316/TB2WqYbdV5N.eBjSZFvXXbvMFXa_!!123979316.jpg" align="absmiddle" style="margin: 0px; padding: 0px; border: 0px; list-style-type: none; max-width: 750px; vertical-align: top; font-family: tahoma, arial, 宋体, sans-serif; font-size: 14px; line-height: 21px;"/><img src="https://img.alicdn.com/imgextra/i1/123979316/TB2dW2xdhuI.eBjy0FdXXXgbVXa_!!123979316.jpg" align="absmiddle" style="margin: 0px; padding: 0px; border: 0px; list-style-type: none; max-width: 750px; vertical-align: top; font-family: tahoma, arial, 宋体, sans-serif; font-size: 14px; line-height: 21px;"/><img src="https://img.alicdn.com/imgextra/i1/123979316/TB2mdrmdmCI.eBjy1XbXXbUBFXa_!!123979316.jpg" class="" align="absmiddle" width="800" height="533" style="margin: 0px; padding: 0px; border: 0px; list-style-type: none; max-width: 750px; vertical-align: top; font-family: tahoma, arial, 宋体, sans-serif; font-size: 14px; line-height: 21px;"/><img src="https://img.alicdn.com/imgextra/i3/123979316/TB2sIrxdhuI.eBjy0FdXXXgbVXa_!!123979316.jpg" class="" align="absmiddle" width="800" height="533" style="margin: 0px; padding: 0px; border: 0px; list-style-type: none; max-width: 750px; vertical-align: top; font-family: tahoma, arial, 宋体, sans-serif; font-size: 14px; line-height: 21px;"/><img align="absmiddle" src="https://img.alicdn.com/imgextra/i4/32520538/TB2edDYsVXXXXaJXXXXXXXXXXXX_!!32520538.jpg" style="margin: 0px; padding: 0px; border: 0px; list-style-type: none; max-width: 950px; vertical-align: top; font-family: tahoma, arial, 宋体, sans-serif; font-size: 14px; line-height: 21px;"/><img align="absmiddle" src="https://img.alicdn.com/imgextra/i1/32520538/TB2L2jtsVXXXXaiXpXXXXXXXXXX_!!32520538.jpg" class="" style="margin: 0px; padding: 0px; border: 0px; list-style-type: none; max-width: 950px; vertical-align: top; font-family: tahoma, arial, 宋体, sans-serif; font-size: 14px; line-height: 21px;"/><img align="absmiddle" src="https://img.alicdn.com/imgextra/i4/32520538/TB2tLLwsVXXXXXIXpXXXXXXXXXX_!!32520538.jpg" class="" style="margin: 0px; padding: 0px; border: 0px; list-style-type: none; max-width: 950px; vertical-align: top; font-family: tahoma, arial, 宋体, sans-serif; font-size: 14px; line-height: 21px;"/></p><p><br/></p>','【伊亲购】俄罗斯正宗椴树蜜','999',null,79.00,1.00,'554',null,'http://img.yiqingo.com/goodsimg/2016/12/23/0eec1c2c92f0468dbd124b3011c2038b.jpg',null,'1'),
('155',null,'<p><img src="http://www.yiqingo.com/images/upload/201512/23/1450853673871.jpg" style="margin: 0px; padding: 0px; border: none; list-style-type: none; max-width: 950px; color: rgb(51, 51, 51); font-family: Arial, Helvetica, sans-serif, 宋体; font-size: 12px; text-align: center; white-space: normal; background-color: rgb(255, 255, 255);"/><img src="http://www.yiqingo.com/images/upload/201512/23/14508536873937.jpg" style="margin: 0px; padding: 0px; border: none; list-style-type: none; max-width: 950px; color: rgb(51, 51, 51); font-family: Arial, Helvetica, sans-serif, 宋体; font-size: 12px; text-align: center; white-space: normal; background-color: rgb(255, 255, 255);"/><img src="http://www.yiqingo.com/images/upload/201512/23/14508536936711.jpg" style="margin: 0px; padding: 0px; border: none; list-style-type: none; max-width: 950px; color: rgb(51, 51, 51); font-family: Arial, Helvetica, sans-serif, 宋体; font-size: 12px; text-align: center; white-space: normal; background-color: rgb(255, 255, 255);"/><img src="http://www.yiqingo.com/images/upload/201512/23/14508537041339.jpg" style="margin: 0px; padding: 0px; border: none; list-style-type: none; max-width: 950px; color: rgb(51, 51, 51); font-family: Arial, Helvetica, sans-serif, 宋体; font-size: 12px; text-align: center; white-space: normal; background-color: rgb(255, 255, 255);"/><img src="http://www.yiqingo.com/images/upload/201512/23/14508537141824.jpg" style="margin: 0px; padding: 0px; border: none; list-style-type: none; max-width: 950px; color: rgb(51, 51, 51); font-family: Arial, Helvetica, sans-serif, 宋体; font-size: 12px; text-align: center; white-space: normal; background-color: rgb(255, 255, 255);"/><img src="http://www.yiqingo.com/images/upload/201512/23/14508537331864.jpg" style="margin: 0px; padding: 0px; border: none; list-style-type: none; max-width: 950px; color: rgb(51, 51, 51); font-family: Arial, Helvetica, sans-serif, 宋体; font-size: 12px; text-align: center; white-space: normal; background-color: rgb(255, 255, 255);"/><img src="http://www.yiqingo.com/images/upload/201512/23/14508537402291.jpg" style="margin: 0px; padding: 0px; border: none; list-style-type: none; max-width: 950px; color: rgb(51, 51, 51); font-family: Arial, Helvetica, sans-serif, 宋体; font-size: 12px; text-align: center; white-space: normal; background-color: rgb(255, 255, 255);"/><img src="http://www.yiqingo.com/images/upload/201512/23/14508537491410.jpg" style="margin: 0px; padding: 0px; border: none; list-style-type: none; max-width: 950px; color: rgb(51, 51, 51); font-family: Arial, Helvetica, sans-serif, 宋体; font-size: 12px; text-align: center; white-space: normal; background-color: rgb(255, 255, 255);"/><img src="http://www.yiqingo.com/images/upload/201512/23/14508537571192.jpg" style="margin: 0px; padding: 0px; border: none; list-style-type: none; max-width: 950px; color: rgb(51, 51, 51); font-family: Arial, Helvetica, sans-serif, 宋体; font-size: 12px; text-align: center; white-space: normal; background-color: rgb(255, 255, 255);"/><img src="http://www.yiqingo.com/images/upload/201512/23/14508537631606.jpg" style="margin: 0px; padding: 0px; border: none; list-style-type: none; max-width: 950px; color: rgb(51, 51, 51); font-family: Arial, Helvetica, sans-serif, 宋体; font-size: 12px; text-align: center; white-space: normal; background-color: rgb(255, 255, 255);"/><img src="http://www.yiqingo.com/images/upload/201512/23/14508537692505.jpg" style="margin: 0px; padding: 0px; border: none; list-style-type: none; max-width: 950px; color: rgb(51, 51, 51); font-family: Arial, Helvetica, sans-serif, 宋体; font-size: 12px; text-align: center; white-space: normal; background-color: rgb(255, 255, 255);"/><img src="http://www.yiqingo.com/images/upload/201512/23/14508537751001.jpg" style="margin: 0px; padding: 0px; border: none; list-style-type: none; max-width: 950px; color: rgb(51, 51, 51); font-family: Arial, Helvetica, sans-serif, 宋体; font-size: 12px; text-align: center; white-space: normal; background-color: rgb(255, 255, 255);"/><img src="http://www.yiqingo.com/images/upload/201512/23/14508537828007.jpg" style="margin: 0px; padding: 0px; border: none; list-style-type: none; max-width: 950px; color: rgb(51, 51, 51); font-family: Arial, Helvetica, sans-serif, 宋体; font-size: 12px; text-align: center; white-space: normal; background-color: rgb(255, 255, 255);"/></p>','【伊亲购】澳洲进口 Swisse钙加维生素D','228',null,151.00,1.00,'2199',null,'http://img.yiqingo.com/goodsimg/2016/12/24/8235bf0a620441d58dbd675b92de868b.jpg',null,'1'),
('156',null,'<p style="margin-top: 0px; margin-bottom: 0px; padding: 0px; border: none; list-style-type: none; color: rgb(51, 51, 51); font-family: Arial, Helvetica, sans-serif, 宋体; font-size: 12px; text-align: center; white-space: normal; background-color: rgb(255, 255, 255);"><img id="dfb460136cff4207a2fcc9c1fa544255" alt="" data-lazyload="done" src="http://img30.360buyimg.com/popWareDetail/jfs/t2038/229/2114566568/274766/1ddd7362/56a5980dNb1f5155f.jpg" class="" style="margin: 0px auto; padding: 0px; border: 0px; list-style-type: none; max-width: 950px; vertical-align: middle; display: block;"/></p><p style="margin-top: 0px; margin-bottom: 0px; padding: 0px; border: none; list-style-type: none; color: rgb(51, 51, 51); font-family: Arial, Helvetica, sans-serif, 宋体; font-size: 12px; text-align: center; white-space: normal; background-color: rgb(255, 255, 255);"><br style="color: rgb(102, 102, 102); font-family: &#39;microsoft yahei&#39;; line-height: 18px;"/></p><p style="margin-top: 0px; margin-bottom: 0px; padding: 0px; border: none; list-style-type: none; color: rgb(51, 51, 51); font-family: Arial, Helvetica, sans-serif, 宋体; font-size: 12px; text-align: center; white-space: normal; background-color: rgb(255, 255, 255);"><img id="b0d380d39e1241c88dca59ad337cb926" alt="" data-lazyload="done" src="http://img30.360buyimg.com/popWareDetail/jfs/t2305/125/2178297228/203850/10828d8d/56a5980fNc6685867.jpg" class="" style="margin: 0px auto; padding: 0px; border: 0px; list-style-type: none; max-width: 950px; vertical-align: middle; display: block;"/></p><p style="margin-top: 0px; margin-bottom: 0px; padding: 0px; border: none; list-style-type: none; color: rgb(51, 51, 51); font-family: Arial, Helvetica, sans-serif, 宋体; font-size: 12px; text-align: center; white-space: normal; background-color: rgb(255, 255, 255);"><br style="color: rgb(102, 102, 102); font-family: &#39;microsoft yahei&#39;; line-height: 18px;"/></p><p style="margin-top: 0px; margin-bottom: 0px; padding: 0px; border: none; list-style-type: none; color: rgb(51, 51, 51); font-family: Arial, Helvetica, sans-serif, 宋体; font-size: 12px; text-align: center; white-space: normal; background-color: rgb(255, 255, 255);"><img id="48b7a612c2a648b38a26d999ea5e28d8" alt="" data-lazyload="done" src="http://img30.360buyimg.com/popWareDetail/jfs/t2416/196/2015832387/349174/5d8a8911/56a59812N8d48e883.jpg" class="" style="margin: 0px auto; padding: 0px; border: 0px; list-style-type: none; max-width: 950px; vertical-align: middle; display: block;"/></p><p style="margin-top: 0px; margin-bottom: 0px; padding: 0px; border: none; list-style-type: none; color: rgb(51, 51, 51); font-family: Arial, Helvetica, sans-serif, 宋体; font-size: 12px; text-align: center; white-space: normal; background-color: rgb(255, 255, 255);"><br style="color: rgb(102, 102, 102); font-family: &#39;microsoft yahei&#39;; line-height: 18px;"/></p><p style="margin-top: 0px; margin-bottom: 0px; padding: 0px; border: none; list-style-type: none; color: rgb(51, 51, 51); font-family: Arial, Helvetica, sans-serif, 宋体; font-size: 12px; text-align: center; white-space: normal; background-color: rgb(255, 255, 255);"><img id="4c4e80d5d96248dfa82d05eccd6b9ae7" alt="" data-lazyload="done" src="http://img30.360buyimg.com/popWareDetail/jfs/t2017/126/2183809614/285057/2001a0fa/56a59814N7e231668.jpg" class="" style="margin: 0px auto; padding: 0px; border: 0px; list-style-type: none; max-width: 950px; vertical-align: middle; display: block;"/></p><p style="margin-top: 0px; margin-bottom: 0px; padding: 0px; border: none; list-style-type: none; color: rgb(51, 51, 51); font-family: Arial, Helvetica, sans-serif, 宋体; font-size: 12px; text-align: center; white-space: normal; background-color: rgb(255, 255, 255);"><br style="color: rgb(102, 102, 102); font-family: &#39;microsoft yahei&#39;; line-height: 18px;"/></p><p style="margin-top: 0px; margin-bottom: 0px; padding: 0px; border: none; list-style-type: none; color: rgb(51, 51, 51); font-family: Arial, Helvetica, sans-serif, 宋体; font-size: 12px; text-align: center; white-space: normal; background-color: rgb(255, 255, 255);"><img id="1650c6720fc24d86b1a178b8a89aff16" alt="" data-lazyload="done" src="http://img30.360buyimg.com/popWareDetail/jfs/t2002/225/1445878760/222628/4e20d6c0/56a59816N392b42db.jpg" class="" style="margin: 0px auto; padding: 0px; border: 0px; list-style-type: none; max-width: 950px; vertical-align: middle; display: block;"/></p><p style="margin-top: 0px; margin-bottom: 0px; padding: 0px; border: none; list-style-type: none; color: rgb(51, 51, 51); font-family: Arial, Helvetica, sans-serif, 宋体; font-size: 12px; text-align: center; white-space: normal; background-color: rgb(255, 255, 255);"><br style="color: rgb(102, 102, 102); font-family: &#39;microsoft yahei&#39;; line-height: 18px;"/></p><p style="margin-top: 0px; margin-bottom: 0px; padding: 0px; border: none; list-style-type: none; color: rgb(51, 51, 51); font-family: Arial, Helvetica, sans-serif, 宋体; font-size: 12px; text-align: center; white-space: normal; background-color: rgb(255, 255, 255);"><img id="96d6c7f0341a4ebc9fcd2e109b1295a7" alt="" data-lazyload="done" src="http://img30.360buyimg.com/popWareDetail/jfs/t2176/86/2057630416/364075/177d7606/56a5981eNe8e5d807.jpg" class="" style="margin: 0px auto; padding: 0px; border: 0px; list-style-type: none; max-width: 950px; vertical-align: middle; display: block;"/></p><p style="margin-top: 0px; margin-bottom: 0px; padding: 0px; border: none; list-style-type: none; color: rgb(51, 51, 51); font-family: Arial, Helvetica, sans-serif, 宋体; font-size: 12px; text-align: center; white-space: normal; background-color: rgb(255, 255, 255);"><br style="color: rgb(102, 102, 102); font-family: &#39;microsoft yahei&#39;; line-height: 18px;"/></p><p style="margin-top: 0px; margin-bottom: 0px; padding: 0px; border: none; list-style-type: none; color: rgb(51, 51, 51); font-family: Arial, Helvetica, sans-serif, 宋体; font-size: 12px; text-align: center; white-space: normal; background-color: rgb(255, 255, 255);"><img id="a8454ad23fb04714bfad6f4f2aaf4ad5" alt="" data-lazyload="done" src="http://img30.360buyimg.com/popWareDetail/jfs/t2269/199/2054302567/237626/9e2168c1/56a5981fNf9a39ba6.jpg" class="" style="margin: 0px auto; padding: 0px; border: 0px; list-style-type: none; max-width: 950px; vertical-align: middle; display: block;"/></p><p style="margin-top: 0px; margin-bottom: 0px; padding: 0px; border: none; list-style-type: none; color: rgb(51, 51, 51); font-family: Arial, Helvetica, sans-serif, 宋体; font-size: 12px; text-align: center; white-space: normal; background-color: rgb(255, 255, 255);"><br style="color: rgb(102, 102, 102); font-family: &#39;microsoft yahei&#39;; line-height: 18px;"/></p><p style="margin-top: 0px; margin-bottom: 0px; padding: 0px; border: none; list-style-type: none; color: rgb(51, 51, 51); font-family: Arial, Helvetica, sans-serif, 宋体; font-size: 12px; text-align: center; white-space: normal; background-color: rgb(255, 255, 255);"><img id="1d57d35b1b1948f6b69eb7b9e65ba485" alt="" data-lazyload="done" src="http://img30.360buyimg.com/popWareDetail/jfs/t2446/290/1411527169/192329/caf19cd0/56a59821N3df39528.jpg" class="" style="margin: 0px auto; padding: 0px; border: 0px; list-style-type: none; max-width: 950px; vertical-align: middle; display: block;"/></p><p style="margin-top: 0px; margin-bottom: 0px; padding: 0px; border: none; list-style-type: none; color: rgb(51, 51, 51); font-family: Arial, Helvetica, sans-serif, 宋体; font-size: 12px; text-align: center; white-space: normal; background-color: rgb(255, 255, 255);"><br style="color: rgb(102, 102, 102); font-family: &#39;microsoft yahei&#39;; line-height: 18px;"/></p><p style="margin-top: 0px; margin-bottom: 0px; padding: 0px; border: none; list-style-type: none; color: rgb(51, 51, 51); font-family: Arial, Helvetica, sans-serif, 宋体; font-size: 12px; text-align: center; white-space: normal; background-color: rgb(255, 255, 255);"><img id="c7b99540141f4874965794eb627c03b5" alt="" data-lazyload="done" src="http://img30.360buyimg.com/popWareDetail/jfs/t2218/119/2156301729/132518/882c0291/56a59823N91b7e0c8.jpg" class="" style="margin: 0px auto; padding: 0px; border: 0px; list-style-type: none; max-width: 950px; vertical-align: middle; display: block;"/></p><p style="margin-top: 0px; margin-bottom: 0px; padding: 0px; border: none; list-style-type: none; color: rgb(51, 51, 51); font-family: Arial, Helvetica, sans-serif, 宋体; font-size: 12px; text-align: center; white-space: normal; background-color: rgb(255, 255, 255);"><br style="color: rgb(102, 102, 102); font-family: &#39;microsoft yahei&#39;; line-height: 18px;"/></p><p style="margin-top: 0px; margin-bottom: 0px; padding: 0px; border: none; list-style-type: none; color: rgb(51, 51, 51); font-family: Arial, Helvetica, sans-serif, 宋体; font-size: 12px; text-align: center; white-space: normal; background-color: rgb(255, 255, 255);"><img id="c25477ada9434440b80b24986872a49d" alt="" data-lazyload="done" src="http://img30.360buyimg.com/popWareDetail/jfs/t1867/251/1449924263/121058/6fb61c69/56a59823Ndbeb0050.jpg" class="" style="margin: 0px auto; padding: 0px; border: 0px; list-style-type: none; max-width: 950px; vertical-align: middle; display: block;"/></p><p style="margin-top: 0px; margin-bottom: 0px; padding: 0px; border: none; list-style-type: none; color: rgb(51, 51, 51); font-family: Arial, Helvetica, sans-serif, 宋体; font-size: 12px; text-align: center; white-space: normal; background-color: rgb(255, 255, 255);"><br style="color: rgb(102, 102, 102); font-family: &#39;microsoft yahei&#39;; line-height: 18px;"/></p><p style="margin-top: 0px; margin-bottom: 0px; padding: 0px; border: none; list-style-type: none; color: rgb(51, 51, 51); font-family: Arial, Helvetica, sans-serif, 宋体; font-size: 12px; text-align: center; white-space: normal; background-color: rgb(255, 255, 255);"><img id="5598c76694e04143a5fa99900fc6dcaf" alt="" data-lazyload="done" src="http://img30.360buyimg.com/popWareDetail/jfs/t1918/286/1467940578/332020/95b8f4c8/56a59824N843f4146.jpg" class="" style="margin: 0px auto; padding: 0px; border: 0px; list-style-type: none; max-width: 950px; vertical-align: middle; display: block;"/></p><p><br/></p>','【伊亲购】澳洲澳佳宝Blackmores圣洁莓片','278',null,150.00,1.00,'3026',null,'http://img.yiqingo.com/goodsimg/2016/12/24/2b9d2b205e6f4fbf9a1d47ff6861e2bf.jpg',null,'1'),
('157',null,'<p><img src="http://img.yiqingo.com/detailimage/2016/8/9/7ca175d3cb3e456687a1408885425e0b.jpg" style="margin: 0px; padding: 0px; border: none; list-style-type: none; max-width: 950px; color: rgb(51, 51, 51); font-family: Arial, Helvetica, sans-serif, 宋体; font-size: 12px; text-align: center; white-space: normal; background-color: rgb(255, 255, 255);"/><img src="http://img.yiqingo.com/detailimage/2016/4/21/509e191a59d34f08972d4a96cbde9fac.jpg" style="margin: 0px; padding: 0px; border: none; list-style-type: none; max-width: 950px; color: rgb(51, 51, 51); font-family: Arial, Helvetica, sans-serif, 宋体; font-size: 12px; text-align: center; white-space: normal; background-color: rgb(255, 255, 255);"/><img src="http://img.yiqingo.com/detailimage/2016/4/21/6c9b6262567d48ee85fa4a8c577f6871.jpg" style="margin: 0px; padding: 0px; border: none; list-style-type: none; max-width: 950px; color: rgb(51, 51, 51); font-family: Arial, Helvetica, sans-serif, 宋体; font-size: 12px; text-align: center; white-space: normal; background-color: rgb(255, 255, 255);"/><img src="http://img.yiqingo.com/detailimage/2016/4/21/77bd2fc4bf644c3ab66ee8e20c9dba1b.jpg" style="margin: 0px; padding: 0px; border: none; list-style-type: none; max-width: 950px; color: rgb(51, 51, 51); font-family: Arial, Helvetica, sans-serif, 宋体; font-size: 12px; text-align: center; white-space: normal; background-color: rgb(255, 255, 255);"/></p>','【伊亲购】荷兰牛栏nutrilon 1段奶粉 （适用0-6个月宝宝）850g 2罐装','890',null,378.00,366.00,'1367',null,'http://img.yiqingo.com/goodsimg/2016/12/24/0e8a215a6ccd438b85a3524ddc5048c5.jpg',null,'1'),
('158',null,'<p><img src="http://img.yiqingo.com/detailimage/2016/8/25/d2b8909353c64ac2bab7382457d8de53.jpg" style="margin: 0px; padding: 0px; border: none; list-style-type: none; max-width: 950px; color: rgb(51, 51, 51); font-family: Arial, Helvetica, sans-serif, 宋体; font-size: 12px; text-align: center; white-space: normal; background-color: rgb(255, 255, 255);"/><img src="http://img.yiqingo.com/detailimage/2016/8/25/5256b11682dc4bd1b970975b17191093.jpg" style="margin: 0px; padding: 0px; border: none; list-style-type: none; max-width: 950px; color: rgb(51, 51, 51); font-family: Arial, Helvetica, sans-serif, 宋体; font-size: 12px; text-align: center; white-space: normal; background-color: rgb(255, 255, 255);"/><img src="http://img.yiqingo.com/detailimage/2016/3/23/1baead3daa51495abeb3519758ab01df.jpg" style="margin: 0px; padding: 0px; border: none; list-style-type: none; max-width: 950px; color: rgb(51, 51, 51); font-family: Arial, Helvetica, sans-serif, 宋体; font-size: 12px; text-align: center; white-space: normal; background-color: rgb(255, 255, 255);"/><img src="http://img.yiqingo.com/detailimage/2016/8/25/544b0f7d5b204eb1bafa23b588c67b76.jpg" style="margin: 0px; padding: 0px; border: none; list-style-type: none; max-width: 950px; color: rgb(51, 51, 51); font-family: Arial, Helvetica, sans-serif, 宋体; font-size: 12px; text-align: center; white-space: normal; background-color: rgb(255, 255, 255);"/><img src="http://img.yiqingo.com/detailimage/2016/3/23/2ac1446549ec4f40832a3dd8ac449abd.jpg" style="margin: 0px; padding: 0px; border: none; list-style-type: none; max-width: 950px; color: rgb(51, 51, 51); font-family: Arial, Helvetica, sans-serif, 宋体; font-size: 12px; text-align: center; white-space: normal; background-color: rgb(255, 255, 255);"/><img src="http://img.yiqingo.com/detailimage/2016/3/23/fd1a66782096494da53fa34ef1614d99.jpg" style="margin: 0px; padding: 0px; border: none; list-style-type: none; max-width: 950px; color: rgb(51, 51, 51); font-family: Arial, Helvetica, sans-serif, 宋体; font-size: 12px; text-align: center; white-space: normal; background-color: rgb(255, 255, 255);"/><img src="http://img.yiqingo.com/detailimage/2016/4/21/af08cf064a91433a8012c290df6fea0a.jpg" style="margin: 0px; padding: 0px; border: none; list-style-type: none; max-width: 950px; color: rgb(51, 51, 51); font-family: Arial, Helvetica, sans-serif, 宋体; font-size: 12px; text-align: center; white-space: normal; background-color: rgb(255, 255, 255);"/></p>','【伊亲购】德国爱他美aptamil 婴儿奶粉 pre段（适用 初生儿） 800g*2','788',null,396.00,378.00,'1583',null,'http://img.yiqingo.com/goodsimg/2016/12/24/16699df01df64170a278cb697aeb20c3.jpg',null,'1'),
('159',null,'<p style="margin-top: 0px; margin-bottom: 0px; padding: 0px; border: none; list-style-type: none; color: rgb(51, 51, 51); font-family: Arial, Helvetica, sans-serif, 宋体; font-size: 12px; text-align: center; white-space: normal; background-color: rgb(255, 255, 255);"><img src="http://www.yiqingo.com/images/upload/201511/18/14478124341384.jpg" style="margin: 0px; padding: 0px; border: none; list-style-type: none; max-width: 950px;"/><img src="http://www.yiqingo.com/images/upload/201511/18/14478124365006.jpg" style="margin: 0px; padding: 0px; border: none; list-style-type: none; max-width: 950px;"/><img src="http://www.yiqingo.com/images/upload/201511/18/14478124389954.jpg" style="margin: 0px; padding: 0px; border: none; list-style-type: none; max-width: 950px;"/><img src="http://www.yiqingo.com/images/upload/201511/18/1447812440178.jpg" style="margin: 0px; padding: 0px; border: none; list-style-type: none; max-width: 950px;"/><img src="http://www.yiqingo.com/images/upload/201511/18/14478124426951.jpg" style="margin: 0px; padding: 0px; border: none; list-style-type: none; max-width: 950px;"/></p><p style="margin-top: 0px; margin-bottom: 0px; padding: 0px; border: none; list-style-type: none; color: rgb(51, 51, 51); font-family: Arial, Helvetica, sans-serif, 宋体; font-size: 12px; text-align: center; white-space: normal; background-color: rgb(255, 255, 255);"><img src="http://www.yiqingo.com/images/upload/201511/18/14478132978733.jpg" style="margin: 0px; padding: 0px; border: none; list-style-type: none; max-width: 950px;"/><img src="http://www.yiqingo.com/images/upload/201511/18/14478124467133.jpg" style="margin: 0px; padding: 0px; border: none; list-style-type: none; max-width: 950px;"/><img src="http://www.yiqingo.com/images/upload/201511/18/14478124491059.jpg" style="margin: 0px; padding: 0px; border: none; list-style-type: none; max-width: 950px;"/><img src="http://img.yiqingo.com/detailimage/2016/4/21/3c553d687c2b430d816fda4f537e967a.jpg" style="margin: 0px; padding: 0px; border: none; list-style-type: none; max-width: 950px;"/></p><p><br/></p>','【伊亲购】免税澳洲金装爱他美奶粉2段900g铁罐装（适用6-12个月宝宝）900g*2','798',null,518.00,499.00,'1478',null,'http://img.yiqingo.com/goodsimg/2016/12/24/7da619db2d934240ba1c0017c9c5a59a.jpg',null,'1'),
('160',null,'<p><img src="http://img.yiqingo.com/detailimage/2016/8/31/c91d2ebe451640e4b90a1519e44ebd06.jpg" style="margin: 0px; padding: 0px; border: none; list-style-type: none; max-width: 950px; color: rgb(51, 51, 51); font-family: Arial, Helvetica, sans-serif, 宋体; font-size: 12px; text-align: center; white-space: normal; background-color: rgb(255, 255, 255);"/><img src="http://www.yiqingo.com/images/upload/201511/24/14483449324986.jpg" style="margin: 0px; padding: 0px; border: none; list-style-type: none; max-width: 950px; color: rgb(51, 51, 51); font-family: Arial, Helvetica, sans-serif, 宋体; font-size: 12px; text-align: center; white-space: normal; background-color: rgb(255, 255, 255);"/><img src="http://www.yiqingo.com/images/upload/201511/24/14483449354008.jpg" style="margin: 0px; padding: 0px; border: none; list-style-type: none; max-width: 950px; color: rgb(51, 51, 51); font-family: Arial, Helvetica, sans-serif, 宋体; font-size: 12px; text-align: center; white-space: normal; background-color: rgb(255, 255, 255);"/><img src="http://www.yiqingo.com/images/upload/201511/24/14483449369817.jpg" style="margin: 0px; padding: 0px; border: none; list-style-type: none; max-width: 950px; color: rgb(51, 51, 51); font-family: Arial, Helvetica, sans-serif, 宋体; font-size: 12px; text-align: center; white-space: normal; background-color: rgb(255, 255, 255);"/><img src="http://www.yiqingo.com/images/upload/201511/24/14483449381238.jpg" style="margin: 0px; padding: 0px; border: none; list-style-type: none; max-width: 950px; color: rgb(51, 51, 51); font-family: Arial, Helvetica, sans-serif, 宋体; font-size: 12px; text-align: center; white-space: normal; background-color: rgb(255, 255, 255);"/><img src="http://www.yiqingo.com/images/upload/201511/24/14483449393403.jpg" style="margin: 0px; padding: 0px; border: none; list-style-type: none; max-width: 950px; color: rgb(51, 51, 51); font-family: Arial, Helvetica, sans-serif, 宋体; font-size: 12px; text-align: center; white-space: normal; background-color: rgb(255, 255, 255);"/><img src="http://www.yiqingo.com/images/upload/201511/24/14483449419805.jpg" style="margin: 0px; padding: 0px; border: none; list-style-type: none; max-width: 950px; color: rgb(51, 51, 51); font-family: Arial, Helvetica, sans-serif, 宋体; font-size: 12px; text-align: center; white-space: normal; background-color: rgb(255, 255, 255);"/><img src="http://img.yiqingo.com/detailimage/2016/4/21/889e6b2e644d47ffb476e0c293d73a5e.jpg" style="margin: 0px; padding: 0px; border: none; list-style-type: none; max-width: 950px; color: rgb(51, 51, 51); font-family: Arial, Helvetica, sans-serif, 宋体; font-size: 12px; text-align: center; white-space: normal; background-color: rgb(255, 255, 255);"/></p>','荷兰美素herobaby 婴儿奶粉 3段 800g*6','985',null,804.00,804.00,'1432',null,'http://img.yiqingo.com/goodsimg/2016/12/24/fe6b6e9d52a84676981309bb5716309f.jpg',null,'0'),
('161',null,'<p style="margin-top: 1.12em; margin-bottom: 1.12em; padding: 0px; border: none; list-style-type: none; text-align: center; white-space: normal; line-height: 1.4; color: rgb(64, 64, 64); font-family: tahoma, arial, 宋体, sans-serif; font-size: 14px; background-color: rgb(255, 255, 255);"><img src="http://www.yiqingo.com/images/upload/201512/30/14514403944269.jpg" style="margin: 0px; padding: 0px; border: none; list-style-type: none; max-width: 950px;"/><img src="http://www.yiqingo.com/images/upload/201512/30/14514403982217.jpg" style="margin: 0px; padding: 0px; border: none; list-style-type: none; max-width: 950px;"/><img src="http://www.yiqingo.com/images/upload/201512/30/14514404034250.jpg" style="margin: 0px; padding: 0px; border: none; list-style-type: none; max-width: 950px;"/><img src="http://www.yiqingo.com/images/upload/201512/30/14514404066630.jpg" style="margin: 0px; padding: 0px; border: none; list-style-type: none; max-width: 950px;"/><img src="http://www.yiqingo.com/images/upload/201512/30/14514404099278.jpg" style="margin: 0px; padding: 0px; border: none; list-style-type: none; max-width: 950px;"/></p><p style="margin-top: 0px; margin-bottom: 0px; padding: 0px; border: none; list-style-type: none; color: rgb(51, 51, 51); font-family: Arial, Helvetica, sans-serif, 宋体; font-size: 12px; text-align: center; white-space: normal; background-color: rgb(255, 255, 255);"><br/></p><p style="margin-top: 0px; margin-bottom: 0px; padding: 0px; border: none; list-style-type: none; color: rgb(51, 51, 51); font-family: Arial, Helvetica, sans-serif, 宋体; font-size: 12px; text-align: center; white-space: normal; background-color: rgb(255, 255, 255);"><img class="desc_anchor" id="desc-module-5" src="http://www.yiqingo.com/includes/ueditor/php/upload/13851446009131.gif" style="margin: 0px; padding: 0px; border: 0px; list-style-type: none; max-width: 950px; height: 1px; display: block; clear: both; vertical-align: top; color: rgb(64, 64, 64); font-family: tahoma, arial, 宋体, sans-serif; font-size: 14px; line-height: 21px;"/></p><p style="margin-top: 1.12em; margin-bottom: 1.12em; padding: 0px; border: none; list-style-type: none; text-align: center; white-space: normal; line-height: 1.4; color: rgb(64, 64, 64); font-family: tahoma, arial, 宋体, sans-serif; font-size: 14px; background-color: rgb(255, 255, 255);"><img src="http://img.yiqingo.com/detailimage/2016/4/21/c5aab8b2929e4163b6544be065116410.jpg" style="margin: 0px; padding: 0px; border: none; list-style-type: none; max-width: 950px;"/></p><p><br/></p>','【伊亲购】英国爱他美aptamil 婴儿奶粉 1段 （适用0-6个月宝宝）900g','876',null,189.00,178.00,'1016',null,'http://img.yiqingo.com/goodsimg/2016/12/24/5a56f8700ebb45939d9299c6bfb20078.jpg',null,'1'),
('162',null,'<p><img src="http://img.yiqingo.com/detailimage/2016/12/26/be06c5ccd65f4358ae887087b476c2ad.jpg" style="float:none;" title="image"/></p><p><img src="http://img.yiqingo.com/detailimage/2016/12/26/7c50ba03d4ec456e8b3fd7c446803e2e.jpg" style="float:none;" title="image"/></p><p><br/></p>','一元团测试商品，请勿购买','100',null,100.00,10.00,'10',null,'http://img.yiqingo.com/goodsimg/2016/12/26/3e2820960a2a47219ff51a633c0ac826.jpg',null,'1');
DROP TABLE IF EXISTS  `business_goods_group`;
CREATE TABLE `business_goods_group` (
  `id` bigint(20) NOT NULL AUTO_INCREMENT COMMENT '主键',
  `goods_id` bigint(20) NOT NULL COMMENT '商品主键',
  `type` int(11) DEFAULT NULL COMMENT '拼团类型',
  `num` int(11) DEFAULT NULL COMMENT '拼团人数',
  `group_price` decimal(10,2) DEFAULT NULL COMMENT '拼团价',
  `start_time` datetime DEFAULT NULL COMMENT '拼团开始时间',
  `end_time` datetime DEFAULT NULL COMMENT '拼团结束时间',
  `duration` int(11) DEFAULT NULL COMMENT '持续时间：天',
  `group_num` int(11) DEFAULT '0' COMMENT '已经开始的团数量',
  `status` varchar(20) DEFAULT NULL COMMENT '团商品状态',
  PRIMARY KEY (`id`),
  KEY `FK2ldohhi8jxpipebd4mbkcle3c` (`goods_id`)
) ENGINE=InnoDB AUTO_INCREMENT=57 DEFAULT CHARSET=utf8 ROW_FORMAT=DYNAMIC COMMENT='商品拼团管理';

insert into `business_goods_group`(`id`,`goods_id`,`type`,`num`,`group_price`,`start_time`,`end_time`,`duration`,`group_num`,`status`) values
('29','154','2','5',1.00,'2016-12-27 00:00:00','2017-01-03 00:00:00','4','9',null),
('30','153','2','10',1.00,'2016-12-27 00:00:00','2017-01-03 00:00:00','4','1',null),
('31','152','2','10',1.00,'2016-12-27 00:00:00','2017-01-03 00:00:00','4','2',null),
('32','151','2','8',1.00,'2016-12-27 00:00:00','2017-01-03 00:00:00','4','3',null),
('33','150','2','5',1.00,'2016-12-27 00:00:00','2017-01-03 00:00:00','4','0',null),
('36','156','2','10',1.00,'2017-01-01 00:00:00','2017-01-07 00:00:00','3','0',null),
('37','155','2','10',1.00,'2017-01-01 00:00:00','2017-01-07 00:00:00','3','0',null),
('42','159','1','3',499.00,'2016-12-23 00:00:00','2017-02-23 00:00:00','1','2',null),
('43','158','1','3',378.00,'2016-12-23 00:00:00','2017-02-07 00:00:00','1','0',null),
('44','157','1','3',366.00,'2016-12-23 00:00:00','2017-02-07 00:00:00','1','0',null),
('49','161','1','3',178.00,'2016-12-23 00:00:00','2017-02-23 00:00:00','1','0',null),
('50','162','0','2',0.01,'2016-12-26 00:00:00','2016-12-26 00:00:00','1','6',null),
('51','150','1','10',31.00,'2016-12-28 00:00:00','2017-01-04 00:00:00','3','0',null),
('52','151','1','10',35.00,'2016-12-28 00:00:00','2017-01-04 00:00:00','3','0',null),
('53','154','1','10',56.00,'2016-12-28 00:00:00','2017-01-04 00:00:00','3','0',null),
('54','153','1','5',99.00,'2016-12-28 00:00:00','2017-01-04 00:00:00','3','0',null),
('55','152','1','5',103.00,'2016-12-28 00:00:00','2017-01-04 00:00:00','3','0',null),
('56','162','0','2',5.00,'2016-12-28 00:00:00','2016-12-29 00:00:00','1','2',null);
DROP TABLE IF EXISTS  `business_goods_img`;
CREATE TABLE `business_goods_img` (
  `id` bigint(20) NOT NULL AUTO_INCREMENT COMMENT '商品相册ID',
  `goods_id` bigint(20) NOT NULL COMMENT '商品ID',
  `original_img` varchar(100) DEFAULT NULL COMMENT '商品原图',
  `small_thumb_img` varchar(100) DEFAULT NULL COMMENT '商品缩略图1',
  `big_thumb_img` varchar(100) DEFAULT NULL COMMENT '商品缩略图2',
  PRIMARY KEY (`id`,`goods_id`)
) ENGINE=InnoDB AUTO_INCREMENT=75 DEFAULT CHARSET=utf8 ROW_FORMAT=DYNAMIC COMMENT='商品图片';

insert into `business_goods_img`(`id`,`goods_id`,`original_img`,`small_thumb_img`,`big_thumb_img`) values
('2','83','http://img.yiqingo.com/goodsimg/2016/11/2/618fb6d8b86d4f4da20e6b4e541d3e06.png','http://img.yiqingo.com/originalimg/2016/11/2/fb40ff2af8644a13a12c306f7d788e20.png','http://img.yiqingo.com/originalimg/2016/11/2/fb40ff2af8644a13a12c306f7d788e20.png'),
('3','83','http://img.yiqingo.com/goodsimg/2016/11/2/75a1da08961549d7aa802dc6765f848d.png','http://img.yiqingo.com/originalimg/2016/11/2/5e44716fdf144e919677a5959c272642.png','http://img.yiqingo.com/originalimg/2016/11/2/5e44716fdf144e919677a5959c272642.png'),
('4','89','http://img.yiqingo.com/goodsimg/2016/11/2/06306fb1da0f46f9ae07eef9d17b8b4e.png','http://img.yiqingo.com/originalimg/2016/11/2/0dd3775b3bf442739b4531b5231e8033.png','http://img.yiqingo.com/originalimg/2016/11/2/0dd3775b3bf442739b4531b5231e8033.png'),
('5','90','http://img.yiqingo.com/goodsimg/2016/11/2/6443e4a32b054720a7bc75fb7c9d8cbc.png','http://img.yiqingo.com/originalimg/2016/11/2/469f47d80ea2470e8d9db115f4084a3c.png','http://img.yiqingo.com/originalimg/2016/11/2/469f47d80ea2470e8d9db115f4084a3c.png'),
('21','110','http://img.yiqingo.com/goodsimg/2016/11/26/9ed1a58c6d064e10a60314cb1b5c5786.jpg','http://img.yiqingo.com/originalimg/2016/11/26/c1710e44ca254cc08f57ceb70f02827f.jpg','${img.bigThumbImg}'),
('22','110','http://img.yiqingo.com/goodsimg/2016/11/26/87c0cb1200f3421a8473e2f2d0002aaf.jpg','http://img.yiqingo.com/originalimg/2016/11/26/014b9835a31f4353be270df63e8f9775.jpg','${img.bigThumbImg}'),
('23','110','http://img.yiqingo.com/goodsimg/2016/11/26/730ac775c4414ac5aa52b19c8bc2e74f.jpg','http://img.yiqingo.com/originalimg/2016/11/26/991c7534e72f40a0abecd3b759a4929a.jpg','${img.bigThumbImg}'),
('24','118','http://img.yiqingo.com/goodsimg/2016/11/26/6a500366ed2f45da8cf8dfb31e82f78b.png','http://img.yiqingo.com/originalimg/2016/11/26/faf954ebbc0a4b30885b0e974caf3413.png','${img.bigThumbImg}'),
('25','118','http://img.yiqingo.com/goodsimg/2016/11/26/779aebe777884f098f657c6a9f98678d.jpg','http://img.yiqingo.com/originalimg/2016/11/26/f3271e7ffbd34f23a9b02b90d90c5cd6.jpg','${img.bigThumbImg}'),
('26','109','http://img.yiqingo.com/goodsimg/2016/11/29/808ba9d2245f4d8a8e4eaa6030dc575b.jpg','http://img.yiqingo.com/originalimg/2016/11/29/d91c607d79174a23836cf850392c2f4b.jpg','${img.bigThumbImg}'),
('27','109','http://img.yiqingo.com/goodsimg/2016/11/29/c735a0a2ace14672a8c9b62c9c39802f.jpg','http://img.yiqingo.com/originalimg/2016/11/29/d7d72c3e15c145b79784b2bc0069a5d6.jpg','${img.bigThumbImg}'),
('28','113','http://img.yiqingo.com/goodsimg/2016/11/29/b0743469772a454bb8f5b68293f42bf3.jpg','http://img.yiqingo.com/originalimg/2016/11/29/da2188874a2440ccb718ff20934d8d95.jpg','${img.bigThumbImg}'),
('29','113','http://img.yiqingo.com/goodsimg/2016/11/29/cd05c3e8b98d4f7ca8aa7ffcb3d32279.jpg','http://img.yiqingo.com/originalimg/2016/11/29/2c1dd71a47c34b16aa501d86967e3439.jpg','${img.bigThumbImg}'),
('30','113','http://img.yiqingo.com/goodsimg/2016/11/29/edb23fa1cf274c03a1ccdc64ac735dd8.jpg','http://img.yiqingo.com/originalimg/2016/11/29/cbe5c9bf1e214830bcd64dba0d599251.jpg','${img.bigThumbImg}'),
('31','110','http://img.yiqingo.com/goodsimg/2016/12/2/7a692d43672d43fab6a38bd68515219d.png','http://img.yiqingo.com/originalimg/2016/12/2/942dd19ae10c4f7395b073d0db517c5c.png','${img.bigThumbImg}'),
('32','147','http://img.yiqingo.com/goodsimg/2016/12/10/74c5b2e51fc14438b69055c17885d98a.jpg','http://img.yiqingo.com/originalimg/2016/12/10/97ba14ebd146443dbed4952ad3c8b929.jpg','${img.bigThumbImg}'),
('33','147','http://img.yiqingo.com/goodsimg/2016/12/10/a6976e67c49a40b485f54bd64ede6841.jpg','http://img.yiqingo.com/originalimg/2016/12/10/4071acadabf44428af4da455378e85ce.jpg','${img.bigThumbImg}'),
('34','147','http://img.yiqingo.com/goodsimg/2016/12/10/ae6a3d7723f9458181c1e94841c6e348.jpg','http://img.yiqingo.com/originalimg/2016/12/10/ec2e62a4ce264b22a5c02095eb26e18f.jpg','${img.bigThumbImg}'),
('37','148','http://img.yiqingo.com/goodsimg/2016/12/3/6d6fb7dec01f444ba06c18fe044e00a6.jpg','http://img.yiqingo.com/originalimg/2016/12/3/11648d7a318f4f968d8426a0f622a83c.jpg','${img.bigThumbImg}'),
('38','148','http://img.yiqingo.com/goodsimg/2016/12/3/b4d5d50361334587a3914b28d7d97a38.jpg','http://img.yiqingo.com/originalimg/2016/12/3/3d918fc3609e495b8ee6c684036f3bbf.jpg','${img.bigThumbImg}'),
('39','146','http://img.yiqingo.com/goodsimg/2016/12/16/8fd898a1ef4840c0a17f601f9fa10994.jpg','http://img.yiqingo.com/originalimg/2016/12/16/d835e9c14f8949e89c45ab15f9740ff2.jpg','${img.bigThumbImg}'),
('40','149','http://img.yiqingo.com/goodsimg/2016/12/23/6982f142da4c4bf1a5da7e963089ea76.png','http://img.yiqingo.com/originalimg/2016/12/23/31e5f05c78344532af7dd4f39bd22811.png','${img.bigThumbImg}'),
('41','149','http://img.yiqingo.com/goodsimg/2016/12/23/723434d1066c4416ab6c07e20462b662.png','http://img.yiqingo.com/originalimg/2016/12/23/c84beab2a42a446888d0e55cefaf9fec.png','${img.bigThumbImg}'),
('42','149','http://img.yiqingo.com/goodsimg/2016/12/23/0b3c8eabae4044f5aefbfa7ebd06c3b2.png','http://img.yiqingo.com/originalimg/2016/12/23/e323461c43a74d329b4901b6661d7fed.png','${img.bigThumbImg}'),
('43','149','http://img.yiqingo.com/goodsimg/2016/12/23/cd3e7bd6cf1542a19a91d8769aa63d81.png','http://img.yiqingo.com/originalimg/2016/12/23/165db5d3654641bbb2a8ef682a87a992.png','${img.bigThumbImg}'),
('44','150','http://img.yiqingo.com/goodsimg/2016/12/23/068d2601a23c4b59a054ef2214ff9be1.jpg','http://img.yiqingo.com/originalimg/2016/12/23/3bbf391f5584453ab01bcdf62d5ae130.jpg','${img.bigThumbImg}'),
('45','150','http://img.yiqingo.com/goodsimg/2016/12/23/22d8617809c94778bee492d4a8c1c3d8.jpg','http://img.yiqingo.com/originalimg/2016/12/23/e673fa25885a46cf94f526d647c0cf5f.jpg','${img.bigThumbImg}'),
('46','151','http://img.yiqingo.com/goodsimg/2016/12/23/40d269a386fd4ddaaeed6fe7bb69db89.jpg','http://img.yiqingo.com/originalimg/2016/12/23/e7091f89992148dfa35d92943d7efe75.jpg','${img.bigThumbImg}'),
('47','151','http://img.yiqingo.com/goodsimg/2016/12/23/b294dd54534348a395007b6f2b700a87.jpg','http://img.yiqingo.com/originalimg/2016/12/23/7749f2440b464399aa1c927f25b5c8ec.jpg','${img.bigThumbImg}'),
('48','152','http://img.yiqingo.com/goodsimg/2016/12/23/03b697ce22d9476ba512a535931d3321.jpg','http://img.yiqingo.com/originalimg/2016/12/23/f36f6d075b2a491298ed06d98ea10958.jpg','${img.bigThumbImg}'),
('49','152','http://img.yiqingo.com/goodsimg/2016/12/23/773e998b089e48ff8f29c9401016479d.jpg','http://img.yiqingo.com/originalimg/2016/12/23/712517935f024e2abfd419f7965d57c5.jpg','${img.bigThumbImg}'),
('50','152','http://img.yiqingo.com/goodsimg/2016/12/23/a5688be2e4a7414180063d65794f35c4.jpg','http://img.yiqingo.com/originalimg/2016/12/23/360951e3e15245e3a87a248a27ddef3d.jpg','${img.bigThumbImg}'),
('51','153','http://img.yiqingo.com/goodsimg/2016/12/23/928164a388414d03a9940b1c13a752a5.jpg','http://img.yiqingo.com/originalimg/2016/12/23/b543181090c94f4ab5872784036de973.jpg','${img.bigThumbImg}'),
('52','153','http://img.yiqingo.com/goodsimg/2016/12/23/7fa1132f0fa14f6ea3f6a398880c3578.jpg','http://img.yiqingo.com/originalimg/2016/12/23/6b81e3efb4a04b76838183be58c73367.jpg','${img.bigThumbImg}'),
('53','153','http://img.yiqingo.com/goodsimg/2016/12/23/ae70f3709ee64f189519f5a57b97adf7.jpg','http://img.yiqingo.com/originalimg/2016/12/23/cc8c95221d5b41ebae3dfb478a3b41de.jpg','${img.bigThumbImg}'),
('54','154','http://img.yiqingo.com/goodsimg/2016/12/23/1332cf2a5d60400eb5513dae3286fed5.jpg','http://img.yiqingo.com/originalimg/2016/12/23/a6ac99b71f754fbba546691f3e5dcbbc.jpg','${img.bigThumbImg}'),
('55','154','http://img.yiqingo.com/goodsimg/2016/12/23/382417b72075494d8d32f1fb6945ebc9.jpg','http://img.yiqingo.com/originalimg/2016/12/23/dc1a9e9ef91649a19ff756505da0e61e.jpg','${img.bigThumbImg}'),
('56','154','http://img.yiqingo.com/goodsimg/2016/12/23/9374143a82c4471da154fc61b9223bd6.jpg','http://img.yiqingo.com/originalimg/2016/12/23/097eb606b0ee49799715164e106071c4.jpg','${img.bigThumbImg}'),
('57','155','http://img.yiqingo.com/goodsimg/2016/12/24/962e27687fd14fe0a7e108629e84d85d.jpg','http://img.yiqingo.com/originalimg/2016/12/24/6e108a0a922d47e4877b6b09430439a2.jpg','${img.bigThumbImg}'),
('58','155','http://img.yiqingo.com/goodsimg/2016/12/24/4d2e92440f8c4f6f8e068548979b76c6.jpg','http://img.yiqingo.com/originalimg/2016/12/24/ca2d0aaff68647e4bc7ecf3ff26fb1d3.jpg','${img.bigThumbImg}'),
('59','156','http://img.yiqingo.com/goodsimg/2016/12/24/7dddf19f27f441db86bf301dd9014ffb.jpg','http://img.yiqingo.com/originalimg/2016/12/24/eaee72d3b0a6400c943c7ccefd8e5dc7.jpg','${img.bigThumbImg}'),
('60','156','http://img.yiqingo.com/goodsimg/2016/12/24/681dd10ce7514fe4bb752571861d62b1.jpg','http://img.yiqingo.com/originalimg/2016/12/24/973a1d4a9da4458e80c2e3104d994fdf.jpg','${img.bigThumbImg}'),
('61','157','http://img.yiqingo.com/goodsimg/2016/12/24/c23a101e14e34d278a1e9e1648e8a398.jpg','http://img.yiqingo.com/originalimg/2016/12/24/8ab4f962bd054e68a7b115c25ba65904.jpg','${img.bigThumbImg}'),
('62','157','http://img.yiqingo.com/goodsimg/2016/12/24/bd0c787ba295443f83e7bb7f90fd50b4.jpg','http://img.yiqingo.com/originalimg/2016/12/24/69cba950bced49559e56f506d364480a.jpg','${img.bigThumbImg}'),
('63','157','http://img.yiqingo.com/goodsimg/2016/12/24/a65f1647968949588998d558a29f2b38.jpg','http://img.yiqingo.com/originalimg/2016/12/24/9fd21f0ea3ab43b6853ad90c23fc4fd4.jpg','${img.bigThumbImg}'),
('64','157','http://img.yiqingo.com/goodsimg/2016/12/24/0b7e87faf0e14e74a9a1384d4f2bed47.jpg','http://img.yiqingo.com/originalimg/2016/12/24/8a3f34746799453c8893bff5ebe9b5b2.jpg','${img.bigThumbImg}'),
('65','158','http://img.yiqingo.com/goodsimg/2016/12/24/b9558b652d934661842e027fe5dd8207.jpg','http://img.yiqingo.com/originalimg/2016/12/24/80cef5ebaed84848abb4baaba53a72d7.jpg','${img.bigThumbImg}'),
('66','158','http://img.yiqingo.com/goodsimg/2016/12/24/c6800542ef724a6792e32c82fce2cf68.jpg','http://img.yiqingo.com/originalimg/2016/12/24/affadd6372a947bc8d4382ed11e392a6.jpg','${img.bigThumbImg}'),
('67','158','http://img.yiqingo.com/goodsimg/2016/12/24/92ae626565cd4434b37a673bd2f65838.jpg','http://img.yiqingo.com/originalimg/2016/12/24/1664cc2fbdbd4536ac0a5187c6d0ac91.jpg','${img.bigThumbImg}'),
('68','159','http://img.yiqingo.com/goodsimg/2016/12/24/5a2d5f6a14fd49d0a6630db469596d26.jpg','http://img.yiqingo.com/originalimg/2016/12/24/169ee6a503ba4f618f0f1e5d1caae575.jpg','${img.bigThumbImg}'),
('69','160','http://img.yiqingo.com/goodsimg/2016/12/24/15f41aa9ecbe4de4aefdaf3f5db83323.jpg','http://img.yiqingo.com/originalimg/2016/12/24/95b8df466a184dde92eeaf1d87fec5aa.jpg','http://img.yiqingo.com/originalimg/2016/12/24/95b8df466a184dde92eeaf1d87fec5aa.jpg'),
('70','160','http://img.yiqingo.com/goodsimg/2016/12/24/eccc886d973847d4b5db4f44a0207c63.jpg','http://img.yiqingo.com/originalimg/2016/12/24/bbdbf201b62a4639bda4ef30d562febf.jpg','http://img.yiqingo.com/originalimg/2016/12/24/bbdbf201b62a4639bda4ef30d562febf.jpg'),
('71','160','http://img.yiqingo.com/goodsimg/2016/12/24/2d9a9eca40ce4ff4918ad6c1a7396caf.jpg','http://img.yiqingo.com/originalimg/2016/12/24/9681821e93b34e0ea084466a51318fe3.jpg','http://img.yiqingo.com/originalimg/2016/12/24/9681821e93b34e0ea084466a51318fe3.jpg'),
('72','160','http://img.yiqingo.com/goodsimg/2016/12/24/6db848fa459f4114a0d14141f2aebd96.jpg','http://img.yiqingo.com/originalimg/2016/12/24/90f883ed7f5249d18b753654fbe01b1c.jpg','http://img.yiqingo.com/originalimg/2016/12/24/90f883ed7f5249d18b753654fbe01b1c.jpg'),
('73','161','http://img.yiqingo.com/goodsimg/2016/12/24/da0b85d6aaca4decae502cd30742aa5f.jpg','http://img.yiqingo.com/originalimg/2016/12/24/0b35bc539c954a2c808413929f91dc56.jpg','http://img.yiqingo.com/originalimg/2016/12/24/0b35bc539c954a2c808413929f91dc56.jpg'),
('74','162','http://img.yiqingo.com/goodsimg/2016/12/26/54ad802cafe74658b5a1346a571df2e3.jpg','http://img.yiqingo.com/originalimg/2016/12/26/b569e2a34ba54314b575bfa381f3dd12.jpg','http://img.yiqingo.com/originalimg/2016/12/26/b569e2a34ba54314b575bfa381f3dd12.jpg');
DROP TABLE IF EXISTS  `business_goods_sku`;
CREATE TABLE `business_goods_sku` (
  `id` bigint(20) NOT NULL AUTO_INCREMENT COMMENT '商品属性ID',
  `goods_id` bigint(20) DEFAULT NULL COMMENT '商品id',
  `sku_name` varchar(100) DEFAULT NULL COMMENT '属性值',
  `price` decimal(10,0) DEFAULT '0' COMMENT '商品价格',
  `stock` int(100) DEFAULT NULL COMMENT '该sku库存',
  `code` varchar(100) DEFAULT NULL COMMENT '商品条形码',
  `weight` smallint(50) DEFAULT NULL COMMENT '商品重量',
  PRIMARY KEY (`id`)
) ENGINE=InnoDB AUTO_INCREMENT=123 DEFAULT CHARSET=utf8 ROW_FORMAT=DYNAMIC COMMENT='商品SKU';

insert into `business_goods_sku`(`id`,`goods_id`,`sku_name`,`price`,`stock`,`code`,`weight`) values
('83',null,null,null,null,null,null),
('85',null,null,null,null,null,null),
('87',null,null,null,null,null,null),
('89',null,null,null,null,null,null),
('93',null,null,null,null,null,null),
('94','143','1','1','1','1','1'),
('95','143','2','2','2','2','2'),
('98','115','1','1','1','1','1'),
('100','109','1','1','1','1','1'),
('101','110','111111111','1','1','1','1'),
('103','110','4','4','4','4','4'),
('104','118','1','2','3','1','3'),
('105','118','2','3','666','8','9'),
('106','143','3','2','2','2','2'),
('107','143','12','33','321','12','12'),
('108','146','测试的属性','1','2','3','4'),
('109','149','黑色','100','100','13246554','10'),
('110','149','白色','222','100','1234678','10'),
('111','153','500ml','139','40','4003583063093',null),
('112','152','400ml','148','35','4103040139399	',null),
('113','151','25g','49','396','9316199000037',null),
('114','150','1300ml','44','628','8801092516705',null),
('115','154','500g','79','999','ECS004070',null),
('116','155','150粒','151','228','9311770592505',null),
('117','156','40粒','150','278','93807432',null),
('118','157','850g','378','890','8712400110136-2',null),
('119','158','800g','396','788','4008976022350-2',null),
('120','159','900g','518','798','9418783002837-2',null),
('121','160','800g','804','450','8711173001894-6',null),
('122','161','900g','178','876','5000378998270',null);
DROP TABLE IF EXISTS  `business_recommend_goods`;
CREATE TABLE `business_recommend_goods` (
  `id` int(11) NOT NULL AUTO_INCREMENT COMMENT '主键',
  `goods_id` int(11) NOT NULL COMMENT '商品id',
  `position_id` int(11) NOT NULL COMMENT '位置id',
  `orderby` int(10) DEFAULT NULL COMMENT '排序',
  `sort` int(2) DEFAULT '0' COMMENT '该商品在该位置的排序位置',
  PRIMARY KEY (`id`)
) ENGINE=InnoDB AUTO_INCREMENT=156 DEFAULT CHARSET=utf8 COLLATE=utf8_bin ROW_FORMAT=DYNAMIC COMMENT='商品 位置 关系表';

insert into `business_recommend_goods`(`id`,`goods_id`,`position_id`,`orderby`,`sort`) values
('141','151','12','1',null),
('143','150','12','3',null),
('144','154','12','4',null),
('148','159','19','50',null),
('149','158','19','50',null),
('150','157','19','50',null),
('151','160','19','50',null),
('153','161','19','49',null),
('154','152','12','50',null),
('155','153','12','50',null);
DROP TABLE IF EXISTS  `business_recommend_group`;
CREATE TABLE `business_recommend_group` (
  `id` bigint(10) NOT NULL AUTO_INCREMENT COMMENT '主键',
  `group_id` bigint(10) DEFAULT NULL COMMENT '拼团组ID',
  `position_id` int(10) DEFAULT NULL COMMENT '位置id',
  `orderby` int(10) DEFAULT NULL COMMENT '排序',
  PRIMARY KEY (`id`)
) ENGINE=InnoDB AUTO_INCREMENT=81 DEFAULT CHARSET=utf8 ROW_FORMAT=DYNAMIC COMMENT='推荐拼团';

insert into `business_recommend_group`(`id`,`group_id`,`position_id`,`orderby`) values
('33','3','12','10'),
('37','10','12','50'),
('39','9','19','50'),
('40','8','19','3'),
('41','14','19','1'),
('42','15','19','2'),
('43','16','19','50'),
('44','19','19','50'),
('56','29','12','1'),
('58','31','12','2'),
('59','32','12','1'),
('60','33','12','50'),
('63','40','12','50'),
('64','40','19','50'),
('66','42','19','49'),
('67','43','19','48'),
('68','44','19','47'),
('69','38','12','50'),
('72','49','19','60'),
('74','52','19','41'),
('75','51','19','40'),
('76','53','19','42'),
('77','54','19','43'),
('78','55','19','44'),
('80','30','12','50');
DROP TABLE IF EXISTS  `business_recommend_position`;
CREATE TABLE `business_recommend_position` (
  `id` int(11) NOT NULL AUTO_INCREMENT COMMENT 'id',
  `position_name` varchar(50) CHARACTER SET utf8 DEFAULT NULL COMMENT '位置名称',
  `code` varchar(50) COLLATE utf8_bin NOT NULL COMMENT '位置编码',
  PRIMARY KEY (`id`),
  UNIQUE KEY `code` (`code`)
) ENGINE=InnoDB AUTO_INCREMENT=22 DEFAULT CHARSET=utf8 COLLATE=utf8_bin ROW_FORMAT=DYNAMIC COMMENT='位置表';

insert into `business_recommend_position`(`id`,`position_name`,`code`) values
('12','HOT团','hot'),
('19','惠拼团','hui');
DROP TABLE IF EXISTS  `business_user_address`;
CREATE TABLE `business_user_address` (
  `id` mediumint(8) unsigned NOT NULL AUTO_INCREMENT COMMENT '地址id',
  `address_name` varchar(50) DEFAULT NULL COMMENT '地址名称',
  `user_id` mediumint(8) unsigned DEFAULT NULL COMMENT '会员id',
  `openid` varchar(120) DEFAULT NULL COMMENT 'openid',
  `consignee` varchar(60) DEFAULT NULL COMMENT '收货人姓名',
  `email` varchar(60) DEFAULT NULL COMMENT 'email',
  `country` smallint(5) DEFAULT NULL COMMENT '国家',
  `county_name` varchar(50) DEFAULT NULL COMMENT '国家名称',
  `province` smallint(5) DEFAULT NULL COMMENT '省',
  `province_name` varchar(50) DEFAULT NULL COMMENT '省名称',
  `city` smallint(5) DEFAULT NULL COMMENT '市',
  `city_name` varchar(50) DEFAULT NULL COMMENT '城市名称',
  `district` smallint(5) DEFAULT NULL COMMENT '区、县',
  `district_name` varchar(50) DEFAULT NULL COMMENT '区县名称',
  `address` varchar(120) DEFAULT NULL COMMENT '地址',
  `zipcode` varchar(60) DEFAULT NULL COMMENT '邮编',
  `tel` varchar(60) DEFAULT NULL COMMENT '电话',
  `mobile` varchar(60) DEFAULT NULL COMMENT '手机',
  PRIMARY KEY (`id`),
  KEY `user_id` (`user_id`)
) ENGINE=InnoDB AUTO_INCREMENT=407 DEFAULT CHARSET=utf8 ROW_FORMAT=DYNAMIC COMMENT='会员地址';

insert into `business_user_address`(`id`,`address_name`,`user_id`,`openid`,`consignee`,`email`,`country`,`county_name`,`province`,`province_name`,`city`,`city_name`,`district`,`district_name`,`address`,`zipcode`,`tel`,`mobile`) values
('134',null,'12','oFnZ-t4ELqb4jur5iUu8dFBO-rjA','测试',null,null,null,'22','山东','292','临沂','2408','兰山区','兰山','276000',null,''),
('135',null,'6','oFnZ-txT73jGln-_oNtu7tQ4wSSc','孙中强',null,null,null,'22','山东','292','临沂','2408','兰山区','进来了','277100',null,'18669996211'),
('172',null,'8','oFnZ-t-9g8yZQvdJzmJRLuZ6UBgw','张三',null,null,null,'2','北京','52','北京','503','朝阳区','通达路53号','852639',null,'18264922009'),
('173',null,'8','oFnZ-t-9g8yZQvdJzmJRLuZ6UBgw','张三',null,null,null,'2','北京','52','北京','503','朝阳区','通达路53号','852639',null,'18264922009'),
('214',null,null,'','3333',null,null,null,'2','','52','','502','','234324234234234','',null,'12334354534'),
('243',null,null,'','测试111',null,null,null,'3','','39','','423','','看来空','251436',null,'14712314780'),
('250',null,'27','oFnZ-t8i1dnzVIubkDOzRSmuWTo4','刘海霞',null,null,null,'2','北京','52','北京','500','东城区','sdfdsfdsfdsfdsfsd','fdsfds',null,'17753917031'),
('262',null,null,'','刘玉娇S',null,null,null,'5','','65','','628','','谁发个红包','',null,'18669976994'),
('263',null,null,'','刘玉娇A',null,null,null,'5','','65','','628','','谁发个红包','',null,'18669976994'),
('264',null,null,'','测试22',null,null,null,'5','','66','','633','','to路kill','251436',null,'12314725898'),
('272',null,null,'oFnZ-t-uQmnAp55KYFAkNrqJ2vSM','王翔',null,null,null,'4','福建','60','厦门','587','思明区','思明苑','361000',null,'15659839926'),
('273',null,'3','oFnZ-t-uQmnAp55KYFAkNrqJ2vSM','王翔',null,null,null,'4','福建','60','厦门','587','思明区','思明苑','361000',null,'15659839926'),
('274',null,'3','oFnZ-t-uQmnAp55KYFAkNrqJ2vSM','王翔',null,null,null,'4','福建','60','厦门','587','思明区','思明苑','361000',null,'15659839926'),
('275',null,null,'oFnZ-t-uQmnAp55KYFAkNrqJ2vSM','王翔',null,null,null,'4','福建','60','厦门','587','思明区','思明苑','361000',null,'15659839926'),
('276',null,null,'oFnZ-t-uQmnAp55KYFAkNrqJ2vSM','王翔',null,null,null,'4','福建','60','厦门','587','思明区','思明苑','361000',null,'15659839926'),
('277',null,'7','oFnZ-t51kjNeIQ-povbyL-abUzrA','音乐',null,null,null,'2','北京','52','北京','500','东城区','退款不是','',null,'15678905678'),
('278',null,'7','oFnZ-t51kjNeIQ-povbyL-abUzrA','音乐',null,null,null,'2','北京','52','北京','500','东城区','退款不是','',null,'15678905678'),
('280',null,'3','oFnZ-t-6UAz423f8TFy6WzD-PK-8','路庆保',null,null,null,'2','北京','52','北京','503','朝阳区','进口','276000',null,'15552979799'),
('281',null,'3','','路庆保',null,null,null,'3','安徽','39','池州','423','石台县','2222','276000',null,'15552979799'),
('282',null,null,'oFnZ-t-6UAz423f8TFy6WzD-PK-8','路庆保',null,null,null,'3','安徽','39','池州','423','石台县','55555','276000',null,'17753917031'),
('283',null,null,'oFnZ-t-6UAz423f8TFy6WzD-PK-8','路庆保',null,null,null,'3','安徽','39','池州','423','石台县','55555','276000',null,'17753917031'),
('284',null,null,'oFnZ-t-6UAz423f8TFy6WzD-PK-8','路庆保',null,null,null,'3','安徽','39','池州','423','石台县','55555','276000',null,'17753917031'),
('285',null,null,'oFnZ-t-6UAz423f8TFy6WzD-PK-8','路庆保',null,null,null,'3','安徽','39','池州','423','石台县','55555','276000',null,'17753917031'),
('286',null,null,'oFnZ-t-uQmnAp55KYFAkNrqJ2vSM','级',null,null,null,'4','福建','53','福州','518','鼓楼区','hh','',null,'15659839926'),
('287',null,null,'oFnZ-t-uQmnAp55KYFAkNrqJ2vSM','级',null,null,null,'4','福建','53','福州','518','鼓楼区','hh','',null,'15659839926'),
('288',null,'3','oFnZ-t-uQmnAp55KYFAkNrqJ2vSM','王翔',null,null,null,'3','安徽','36','安庆','398','迎江区','堂哥','',null,'15659839926'),
('289',null,'3','oFnZ-t-uQmnAp55KYFAkNrqJ2vSM','王翔',null,null,null,'3','安徽','36','安庆','398','迎江区','堂哥','',null,'15659839926'),
('290',null,null,'','',null,null,null,null,'',null,'',null,'','','',null,''),
('295',null,null,'','j h h j',null,null,null,null,'',null,'',null,'','','v',null,'vghjj'),
('296',null,'3','oFnZ-t3qHi2Bog0Refw5VaBxCEuM','胡玲',null,null,null,'22','山东','292','临沂','2408','兰山区','蒙山大道和北园路交汇处西北角伊亲购','276700',null,'18315738189'),
('297',null,null,'','阿狸',null,null,null,'4','福建','56','宁德','551','霞浦县','夸你呢','247565',null,'14725836978'),
('298',null,null,'','傻帽帽',null,null,null,'22','山东','292','临沂','2408','兰山区','蒙山大道与北园路交汇西50米优卡空间5楼005室','',null,'15266663333'),
('312',null,'31','oFnZ-t6-2j3zkmUlYlISurUrbrA0','rice123',null,null,null,'4','','55','','542','','测试11111111111','',null,'18669976994'),
('314',null,'31','oFnZ-t6-2j3zkmUlYlISurUrbrA0','rice',null,null,null,'4','','55','','540','','测试1122333','',null,'18669976994'),
('317',null,'3','oFnZ-t0sAqGOLN3VIVge8DCF7rR4','徐志浩',null,null,null,'22','山东','292','临沂','2408','兰山区','涑河南街与蒙山大道交汇东林庄小区','',null,'15266691228'),
('319',null,'36','oFnZ-t3VWtRn3FTne1UPrr6hNZHI','英子',null,null,null,'22','山东','292','临沂','2408','兰山区','蒙山大道与北园路交汇','276000',null,'17753917913'),
('320',null,'36','oFnZ-t3VWtRn3FTne1UPrr6hNZHI','英子',null,null,null,'22','山东','292','临沂','2408','兰山区','蒙山大道与北园路交汇','276000',null,'17753917913'),
('321',null,'37','oFnZ-t8GpPtWYsdA7NELr8R7jRfo','刘巧玲',null,null,null,'22','山东','292','临沂','2408','兰山区','伊亲购','276000',null,'13375392065'),
('322',null,'37','oFnZ-t8GpPtWYsdA7NELr8R7jRfo','刘巧玲',null,null,null,'22','山东','292','临沂','2408','兰山区','伊亲购','276000',null,'13375392065'),
('323',null,'46','oFnZ-t9f7p_uR1gcL9_tmIMGFv9E','庄敏',null,null,null,'22','山东','292','临沂','2408','兰山区','北园路与蒙山大道交汇','276000',null,'15376082087'),
('324',null,'46','oFnZ-t9f7p_uR1gcL9_tmIMGFv9E','庄敏',null,null,null,'22','山东','292','临沂','2408','兰山区','北园路与蒙山大道交汇','276000',null,'15376082087'),
('325',null,'46','oFnZ-t9f7p_uR1gcL9_tmIMGFv9E','庄敏',null,null,null,'22','山东','292','临沂','2408','兰山区','北园路与蒙山大道交汇','276000',null,'15376082087'),
('326',null,'51','oFnZ-twbYePUR26lr6p7RDXlHyYE','李明',null,null,null,'22','山东','292','临沂','2408','兰山区','临西八路美多商贸城1568-1569号','',null,'15165581675'),
('327',null,'51','oFnZ-twbYePUR26lr6p7RDXlHyYE','李明',null,null,null,'22','山东','292','临沂','2408','兰山区','临西八路美多商贸城1568-1569号','',null,'15165581675'),
('328',null,'192','oFnZ-t5B6lR-IzzPD-lZ0FjIT-0M','刘巧玲',null,null,null,'22','山东','292','临沂','2408','兰山区','伊亲购','276000',null,'15863940843'),
('329',null,'192','oFnZ-t5B6lR-IzzPD-lZ0FjIT-0M','刘巧玲',null,null,null,'22','山东','292','临沂','2408','兰山区','伊亲购','276000',null,'15863940843'),
('330',null,'230','oFnZ-t5B6lR-IzzPD-lZ0FjIT-0M','刘巧玲',null,null,null,'22','山东','292','临沂','2408','兰山区','','276000',null,'15863940843'),
('331',null,'233','oFnZ-t-Y7QjwnCMewcYkk7Ar365k','郁贝',null,null,null,'22','山东','292','临沂','2409','罗庄区','清河南路与电厂路交汇处沂景新苑小区30号楼2单元101室','276000',null,'13954959353'),
('332',null,'240','oFnZ-t8_u4AF6gWZN-0rB1OWQ3Pc','黄亭',null,null,null,'22','山东','292','临沂','2408','兰山区','大山路十三路交汇伊亲公司','',null,'18854499596'),
('333',null,'246','oFnZ-t6LMEgon7GGvy-9orBICcss','陈菲',null,null,null,'22','山东','292','临沂','2409','罗庄区','','276017',null,'15266687673'),
('334',null,'246','oFnZ-t6LMEgon7GGvy-9orBICcss','陈菲',null,null,null,'22','山东','292','临沂','2409','罗庄区','','276017',null,'15266687673'),
('335',null,'251','oFnZ-t3fbSv6kBE2cfutObVtwkiU','苗光照',null,null,null,'18','辽宁','249','丹东','2106','元宝区','宗裕城售楼处','118000',null,'13804152800'),
('336',null,'260','oFnZ-t8dzEw55bXDBCYcd-XH8Tuk','吕鑫',null,null,null,'22','山东','298','枣庄','2463','薛城区','中和路湖景花园16号楼二单元','277000',null,'18366668272'),
('337',null,'260','oFnZ-t8dzEw55bXDBCYcd-XH8Tuk','吕鑫',null,null,null,'22','山东','298','枣庄','2463','薛城区','中和路湖景花园16号楼二单元','277000',null,'18366668272'),
('338',null,'261','oFnZ-t5ClC5Sby3DcjF96zabLpXY','梁雯',null,null,null,'22','山东','292','临沂','2408','兰山区','南坊北京路与秀水路交汇大朱夏社区49号楼3单元101室','276000',null,'15806918979'),
('339',null,'306','oFnZ-t-tJ11k0Skj6zgu8C-JMM8Q','李苗',null,null,null,'22','山东','292','临沂','2408','兰山区','马陵山路与武汉路交汇花语馨苑10号楼','276000',null,'18353935185'),
('340',null,'306','oFnZ-t-tJ11k0Skj6zgu8C-JMM8Q','李苗',null,null,null,'22','山东','292','临沂','2408','兰山区','马陵山路与武汉路交汇花语馨苑10号楼','276000',null,'18353935185'),
('341',null,'308','oFnZ-t5M7V0BBYH8tS-pScpiuok4','刘春阳',null,null,null,'22','山东','292','临沂','2408','兰山区','永尚润城8号楼1单元201','276000',null,'13256522719'),
('342',null,'308','oFnZ-t5M7V0BBYH8tS-pScpiuok4','刘春阳',null,null,null,'22','山东','292','临沂','2408','兰山区','永尚润城8号楼1单元201','276000',null,'13256522719'),
('343',null,'310','oFnZ-t5-l5XMR0G6xGxtNgcKDZuQ','景玉',null,null,null,'22','山东','292','临沂','2410','河东区','芝麻墩街道后朱汪沿街楼红高粱原浆酒','276000',null,'13581098572'),
('344',null,'310','oFnZ-t5-l5XMR0G6xGxtNgcKDZuQ','景玉',null,null,null,'22','山东','292','临沂','2410','河东区','芝麻墩街道后朱汪沿街楼红高粱原浆酒','276000',null,'13581098572'),
('345',null,'316','oFnZ-tzrc102wn5dJ1mptX-PtMeI','虞浩',null,null,null,'22','山东','292','临沂','2408','兰山区','金一路与新华二路交汇北 五里堡小区','276000',null,'15153926103'),
('346',null,'316','oFnZ-tzrc102wn5dJ1mptX-PtMeI','虞浩',null,null,null,'22','山东','292','临沂','2408','兰山区','金一路与新华二路交汇北 五里堡小区','276000',null,'15153926103'),
('347',null,'322','oFnZ-tzbNBlccLOhdVh2v6M_0hPU','朱召伟',null,null,null,'22','山东','292','临沂','2408','兰山区','临西六路与涑河南街交汇永尚润城3号楼1单元','276300',null,'15589065852'),
('348',null,'322','oFnZ-tzbNBlccLOhdVh2v6M_0hPU','朱召伟',null,null,null,'22','山东','292','临沂','2408','兰山区','临西六路与涑河南街交汇永尚润城3号楼1单元','276300',null,'15589065852'),
('349',null,'311','oFnZ-tyc_ulglXJ06bTXUHlf18BE','张奇',null,null,null,'10','河北','146','唐山','1206','丰润区','恒益馨苑小区202楼三门','064000',null,'15512516724'),
('350',null,'311','oFnZ-tyc_ulglXJ06bTXUHlf18BE','张奇',null,null,null,'10','河北','146','唐山','1206','丰润区','恒益馨苑小区202楼三门','064000',null,'15512516724'),
('351',null,'323','oFnZ-tyQYS2Q9bHNJwYxXGhirTYE','红雨',null,null,null,'22','山东','292','临沂','2408','兰山区','临西六路涑河南街永尚润城5号楼','276000',null,'15266497023'),
('352',null,'323','oFnZ-tyQYS2Q9bHNJwYxXGhirTYE','红雨',null,null,null,'22','山东','292','临沂','2408','兰山区','临西六路涑河南街永尚润城5号楼','276000',null,'15266497023'),
('353',null,'157','oFnZ-t0ka2h3oGJgIHR8WvODMV00','王婷婷',null,null,null,'22','山东','292','临沂','2410','河东区','河东区河东车管所东800米路南顺鹏哈佛店','276000',null,'15216529030'),
('354',null,'157','oFnZ-t0ka2h3oGJgIHR8WvODMV00','王婷婷',null,null,null,'22','山东','292','临沂','2410','河东区','河东区河东车管所东800米路南顺鹏哈佛店','276000',null,'15216529030'),
('355',null,'337','oFnZ-txVvE_JsBC-pBUaKYWnhnhI','韩花花',null,null,null,'22','山东','292','临沂','2408','兰山区','工业大道天河家园东区19号楼1单元401','276000',null,'18853923839'),
('356',null,'344','oFnZ-t4icbXXFJkEq4RshT8ICDDE','卞舒展',null,null,null,'22','山东','292','临沂','2408','兰山区','临西十一路鲁南化工市场A区259','276000',null,'18669653122'),
('357',null,'344','oFnZ-t4icbXXFJkEq4RshT8ICDDE','卞舒展',null,null,null,'22','山东','292','临沂','2408','兰山区','临西十一路鲁南化工市场A区259','276000',null,'18669653122'),
('358',null,'349','oFnZ-t7cQyO9VGVxZhZwanxqp5QY','郭先生',null,null,null,'22','山东','292','临沂','2411','沂南县','山东省临沂市沂南县湖头镇','276301',null,'18769962007'),
('359',null,'349','oFnZ-t7cQyO9VGVxZhZwanxqp5QY','郭先生',null,null,null,'22','山东','292','临沂','2411','沂南县','山东省临沂市沂南县湖头镇','276301',null,'18769962007'),
('360',null,'353','oFnZ-t8cppRavgRV-VvFbhsaLQh8','吴琼',null,null,null,'22','山东','292','临沂','2408','兰山区','伊亲购','276000',null,'15064997640'),
('361',null,'353','oFnZ-t8cppRavgRV-VvFbhsaLQh8','吴琼',null,null,null,'22','山东','292','临沂','2408','兰山区','伊亲购','276000',null,'15064997640'),
('362',null,'359','oFnZ-txsKa7Y1L-CBnRF6UZFAxi4','张欣欣',null,null,null,'22','山东','292','临沂','2408','兰山区','城隍庙街与沂蒙路交汇处东南100米
临沂第三实验小学','276000',null,'13854983772'),
('363',null,'359','oFnZ-txsKa7Y1L-CBnRF6UZFAxi4','张欣欣',null,null,null,'22','山东','292','临沂','2408','兰山区','城隍庙街与沂蒙路交汇处东南100米
临沂第三实验小学','276000',null,'13854983772'),
('364',null,'370','oFnZ-tx4MJLfv0Cnnb1Yp6rV3Quo','张莉',null,null,null,'22','山东','292','临沂','2418','蒙阴县','临沂市蒙阴县蒙山佳园1号楼4单元','276200',null,'15153979890'),
('365',null,'370','oFnZ-tx4MJLfv0Cnnb1Yp6rV3Quo','张莉',null,null,null,'22','山东','292','临沂','2418','蒙阴县','临沂市蒙阴县蒙山佳园1号楼4单元','276200',null,'15153979890'),
('366',null,'373','oFnZ-t60N_4ovXIl6RAxY-5allTg','汲晓芳',null,null,null,'22','山东','292','临沂','2409','罗庄区','山东省临沂市罗庄区金六路与临西四路交汇处大成家苑','',null,'18369555958'),
('367',null,'373','oFnZ-t60N_4ovXIl6RAxY-5allTg','汲晓芳',null,null,null,'22','山东','292','临沂','2409','罗庄区','山东省临沂市罗庄区金六路与临西四路交汇处大成家苑','',null,'18369555958'),
('368',null,'35','oFnZ-twpRh6vyKc3kRWljsN9S7gc','周欢欢',null,null,null,'22','山东','292','临沂','2414','苍山县','苍山县庄坞镇西高尧村','',null,'15269994662'),
('369',null,'35','oFnZ-twpRh6vyKc3kRWljsN9S7gc','周欢欢',null,null,null,'22','山东','292','临沂','2414','苍山县','苍山县庄坞镇西高尧村','',null,'15269994662'),
('370',null,'377','oFnZ-t7ZF_QoXuuabLoWDFv6WvFA','尹荣超',null,null,null,'22','山东','292','临沂','2414','苍山县','山东省临沂市兰陵县向城镇','277711',null,'18266701586'),
('371',null,'377','oFnZ-t7ZF_QoXuuabLoWDFv6WvFA','尹荣超',null,null,null,'22','山东','292','临沂','2414','苍山县','山东省临沂市兰陵县向城镇','277711',null,'18266701586'),
('372',null,'377','oFnZ-t7ZF_QoXuuabLoWDFv6WvFA','尹荣超',null,null,null,'22','山东','292','临沂','2414','苍山县','山东省临沂市兰陵县向城镇','277711',null,'18266701586'),
('373',null,'377','oFnZ-t7ZF_QoXuuabLoWDFv6WvFA','尹荣超',null,null,null,'22','山东','292','临沂','2414','苍山县','山东省临沂市兰陵县向城镇','277711',null,'18266701586'),
('374',null,'377','oFnZ-t7ZF_QoXuuabLoWDFv6WvFA','尹荣超',null,null,null,'22','山东','292','临沂','2414','苍山县','山东省临沂市兰陵县向城镇','277711',null,'18266701586'),
('375',null,'382','oFnZ-t78SqoYxDvjChNZ2j57WIn4','郭女士',null,null,null,'22','山东','292','临沂','2408','兰山区','通达路50号三号楼','',null,'15615692326'),
('376',null,'394','oFnZ-tzMh3ngQZkoNBtlTjoDnU2o','王婷婷',null,null,null,'26','四川','326','达州','2784','大竹县','四川省达州市大竹县北大街47号文化馆楼底','651000',null,'15880260155'),
('377',null,'395','oFnZ-twHSHMHcsPrrVzrVNRzj7Qo','王金芝',null,null,null,'17','江西','238','九江','2018','瑞昌市','江西省瑞昌市南义镇王家铺','332200',null,'15387723242'),
('378',null,'396','oFnZ-t7vQj_o4FujnR5tDEWK05hQ','任燕',null,null,null,'23','山西','306','吕梁','2545','离石区','河东一区','',null,'13038002475'),
('379',null,'408','oFnZ-ty_GRUOrI4SpbzCt0tgOUUY','倪雅梅',null,null,null,'22','山东','284','青岛','2351','平度市','广州路78号','266700',null,'13963999881'),
('380',null,'410','oFnZ-t_yxXDMq2fBc8mE9v7TVh6k','赵东晓',null,null,null,'22','山东','292','临沂','3409','南坊','临沂市北城新区桥坊社区5号楼','276000',null,'15339975617'),
('381',null,'412','oFnZ-t6YeUwbTwTzVSwBmWriBhyM','于腾',null,null,null,'22','山东','292','临沂','2415','费县','','273400',null,' 15020307181'),
('382',null,'413','oFnZ-t4mlXLBUxmJdF_rfEphOk6U','葛常举',null,null,null,'22','山东','292','临沂','2409','罗庄区','临西六路与化五路鹏盛装饰城4栋4号','276000',null,'13605497630'),
('383',null,'416','oFnZ-t-0eLtF_mt5wPr7Hj2QgjuI','王凡',null,null,null,'22','山东','292','临沂','2410','河东区','临沂经济技术开发区临工路与香港路交汇处明德花苑1号楼','276000',null,'15092932529'),
('384',null,'419','oFnZ-t0YEEDpye1p32pVtKD_046I','吴阳珊',null,null,null,'13','湖北','196','恩施','1641','建始县','业州镇惠明小区A区c1-602','445300',null,'18107187699'),
('385',null,'419','oFnZ-t0YEEDpye1p32pVtKD_046I','吴阳珊',null,null,null,'13','湖北','196','恩施','1641','建始县','业州镇惠明小区A区c1-602','445300',null,'18107187699'),
('386',null,'420','oFnZ-tx7K2qI-OIbo9ZXxCUEC9Pg','王芳芳',null,null,null,'22','山东','292','临沂','2416','平邑县','蒙山大道通达小区1号楼','273300',null,'15762962966'),
('387',null,'420','oFnZ-tx7K2qI-OIbo9ZXxCUEC9Pg','王芳芳',null,null,null,'22','山东','292','临沂','2416','平邑县','蒙山大道通达小区1号楼','273300',null,'15762962966'),
('388',null,'425','oFnZ-t8xlvamvp1s5s9qw39JgHlQ','沙怡霖',null,null,null,'22','山东','292','临沂','2416','平邑县','临沂市平邑县丰华苑小区','273300',null,'15866955312'),
('389',null,'425','oFnZ-t8xlvamvp1s5s9qw39JgHlQ','沙怡霖',null,null,null,'22','山东','292','临沂','2416','平邑县','临沂市平邑县丰华苑小区','273300',null,'15866955312'),
('390',null,'430','oFnZ-t_WKiOltnWbe5SvcMHymP3Q','杨瑞',null,null,null,'22','山东','292','临沂','2412','郯城县','李庄镇华埠5村','276000',null,'18306560797'),
('391',null,'434','oFnZ-t8Ayq8XmaWnLz1oCl8t4OUQ','奶茶',null,null,null,'22','山东','292','临沂','2410','河东区','彭于埠高层','276034',null,'15266699055'),
('392',null,'434','oFnZ-t8Ayq8XmaWnLz1oCl8t4OUQ','奶茶',null,null,null,'22','山东','292','临沂','2410','河东区','彭于埠高层','276034',null,'15266699055'),
('393',null,'434','oFnZ-t8Ayq8XmaWnLz1oCl8t4OUQ','奶茶',null,null,null,'22','山东','292','临沂','2410','河东区','彭于埠高层','276034',null,'15266699055'),
('394',null,'434','oFnZ-t8Ayq8XmaWnLz1oCl8t4OUQ','奶茶',null,null,null,'22','山东','292','临沂','2410','河东区','彭于埠高层','276034',null,'15266699055'),
('395',null,'434','oFnZ-t8Ayq8XmaWnLz1oCl8t4OUQ','奶茶',null,null,null,'22','山东','292','临沂','2410','河东区','彭于埠高层','276034',null,'15266699055'),
('396',null,'443','oFnZ-t4LWZn1A8wfjKAI7boQb530','张向丽',null,null,null,'10','河北','142','邯郸','1160','临漳县','二环东段爱墨墨婴儿游泳馆','050600',null,'15511054807'),
('397',null,'459','oFnZ-tzJvyN3ZdM6068B_cn6zVRM','秦贞萍',null,null,null,'22','山东','292','临沂','2408','兰山区','五路与北园路交汇处锐腾优卡D1204','276000',null,'13853953211'),
('398',null,'459','oFnZ-tzJvyN3ZdM6068B_cn6zVRM','秦贞萍',null,null,null,'22','山东','292','临沂','2408','兰山区','五路与北园路交汇处锐腾优卡D1204','276000',null,'13853953211'),
('399',null,'461','oFnZ-tzYNCLfL5eOJm5WTEVFxoig','刘娜',null,null,null,'22','山东','292','临沂','2408','兰山区','伊亲购','276000',null,'15305392522'),
('400',null,'355','oFnZ-t7YaAQedV1Es3kn1U7BXMk8','李真真',null,null,null,'22','山东','292','临沂','3409','南坊','大青山路106号金穗花园','276000',null,'13665392893'),
('401',null,'463','oFnZ-t88tfs5-5bcEsDTi2oKyqYM','韩春艳',null,null,null,'22','山东','292','临沂','2408','兰山区','临沂市兰山区枣园镇大潮沂','276000',null,'15064987000'),
('402',null,'462','oFnZ-t9Mke7EQzBhKX8V1tOV9hoA','刘文艳',null,null,null,'22','山东','292','临沂','2413','沂水县','沂河明珠芭山耸翠七号楼三单元502','276400',null,'13407678876'),
('403',null,'3','oFnZ-t78upxmWPPn3Tfx9yk3Lj_E','赵秀艳',null,null,null,'22','山东','292','临沂','2408','兰山区','通达路与前十街交汇处交警大队院内公安局出入境照相室','276000',null,'13516399269'),
('404',null,'465','oFnZ-t0wgdpYPI8KweGLd9LJOzT0','李琼',null,null,null,null,'',null,'',null,'','上海市静安区洛川中路1158号名仕街B2幢609室','',null,'18321484646'),
('405',null,'466','oFnZ-t07N3ADgkYHJq3qqzzuyCI4','张冉',null,null,null,'22','山东','289','济宁','2391','微山县','山东省济宁市微山县夏镇白庄小区20号楼4单元101室','277600',null,'15106376200'),
('406',null,'466','oFnZ-t07N3ADgkYHJq3qqzzuyCI4','张冉',null,null,null,'22','山东','289','济宁','2391','微山县','山东省济宁市微山县夏镇白庄小区20号楼4单元101室','277600',null,'15106376200');
DROP TABLE IF EXISTS  `business_wx_user`;
CREATE TABLE `business_wx_user` (
  `id` bigint(20) NOT NULL AUTO_INCREMENT COMMENT '用户id',
  `openID` varchar(100) COLLATE utf8_bin NOT NULL COMMENT '窗口id',
  `nickname` varchar(100) COLLATE utf8_bin DEFAULT NULL COMMENT '昵称',
  `address_id` bigint(20) DEFAULT NULL COMMENT '地址ID',
  `realname` varchar(10) COLLATE utf8_bin DEFAULT NULL COMMENT '真实姓名',
  `sex` varchar(10) COLLATE utf8_bin DEFAULT NULL COMMENT '性别',
  `language` varchar(10) COLLATE utf8_bin DEFAULT NULL COMMENT '语言',
  `province` varchar(10) COLLATE utf8_bin DEFAULT NULL COMMENT '省份',
  `city` varchar(10) COLLATE utf8_bin DEFAULT NULL COMMENT '城市',
  `country` varchar(10) COLLATE utf8_bin DEFAULT NULL COMMENT '国家',
  `headimgurl` varchar(255) COLLATE utf8_bin DEFAULT NULL COMMENT '头像路径',
  `privilege` varchar(10) COLLATE utf8_bin DEFAULT NULL COMMENT '权限',
  PRIMARY KEY (`id`)
) ENGINE=InnoDB AUTO_INCREMENT=469 DEFAULT CHARSET=utf8 COLLATE=utf8_bin ROW_FORMAT=DYNAMIC COMMENT='微信用户';

insert into `business_wx_user`(`id`,`openID`,`nickname`,`address_id`,`realname`,`sex`,`language`,`province`,`city`,`country`,`headimgurl`,`privilege`) values
('3','oFnZ-twb2n3ZqOqdR-WJGj2909Ss','张鹏','145','null','1','zh_CN','山东','临沂','中国','http://wx.qlogo.cn/mmopen/Q3auHgzwzM4BVy9MdMUeibJGABcKrXnSJfCK4uSCibXl5W5PPoTBibmWLh61rODWarbgC9g6PknLlomCiaz0mAWJVg/0','a:0:{}'),
('4','oFnZ-tza-8744pKPICpRSNBet8Jk','A   赵琦','24','null','0','zh_CN','','','中国','http://wx.qlogo.cn/mmopen/BGOzbkwMZib6x6bj0GYaUeicic8Wiaw908tlbyAX4pRLcNDXTMvYJ3YVIUnY6HVmKEHEwNLfycm11Dy5ssgIv9HoykcpaXFibibDbP/0','a:0:{}'),
('5','oFnZ-t0sAqGOLN3VIVge8DCF7rR4','-_-','317','null','1','zh_CN','','','中国','http://wx.qlogo.cn/mmopen/mOW261WJzibtQdeicgRd4hou0Lv9qRDz5jN4louNw9oFqFX5XibA1cQdiaOkLb9Vibdic4Zzl2RgYol4Nkg7ib5vzSJNoSub9bco1UK/0','a:0:{}'),
('6','oFnZ-txT73jGln-_oNtu7tQ4wSSc','中强','135','null','1','zh_CN','山东','临沂','中国','http://wx.qlogo.cn/mmopen/ryInS4jYaj5ATk0yskSSG1sZYn22ksUg5mTicqem11rr0zMjCMc1oj377gg6oLOSoNMqLAfiaU13LpZ0DE79JbPXAHfT9R2FDn/0','a:0:{}'),
('7','oFnZ-t51kjNeIQ-povbyL-abUzrA','筱蓝芷韵','277','null','2','zh_CN','山东','临沂','中国','http://wx.qlogo.cn/mmopen/BGOzbkwMZib6x6bj0GYaUe3ghibxFZ9jIpnUCK0BWlZ2sbSdMicL8nias9O1FSiafficORFSqkicaPcBoB5JPZ8EvKL0Y6hGaiaiaGaoD/0','a:0:{}'),
('8','oFnZ-t-9g8yZQvdJzmJRLuZ6UBgw','宁静致远','173','null','0','zh_CN','山东','临沂','中国','http://wx.qlogo.cn/mmopen/BGOzbkwMZib6x6bj0GYaUe70A5v3ur5S3WTHymDvJuuAOSpCrxCWovQiaWsO1DpXBJYZHRibowtp4MoRWn3UC78ibCwrDPIwPy7ic/0','a:0:{}'),
('10','oFnZ-t36tx2npzEJDnQuiIvTJt5o','何伟昌15376082062网络管理员','0','null','0','zh_CN','','','中国','http://wx.qlogo.cn/mmopen/IVBGfN6mdADz4FCTy6libs7nl2uzj1BBVVTqYHa3KqW2zMP2EHsQ7QvF3jwSibXgw5AYTNXoK0tjD0icGaibxVvQDf0gCFHHQuSO/0','a:0:{}'),
('11','oFnZ-t9xdVX-xdO2XHG2IzqRnybM','为你喝彩','0',null,'1','zh_CN',null,'临沂','中国','http://wx.qlogo.cn/mmopen/Q3auHgzwzM4uYdwuWiaVicfCu0up1UHQOFVYKnN1wNDfbTibxiacDf3a3X6f1IvFgwSonvXncULia5JF3hOJyBfGic0F5G15R601JwhjkFezicIusg/0','a:0:{}'),
('12','oFnZ-t4ELqb4jur5iUu8dFBO-rjA','定律','134','null','1','zh_CN','山东','临沂','中国','http://wx.qlogo.cn/mmopen/BGOzbkwMZib5PblbbzpfJw3TiaIJh193OJVXF2cHwt0l9h9aDxm2ralsev4icz9ZTVoJ9x7ic9GlAia6EbnzyezAya6Eb69B7DjlV/0','a:0:{}'),
('14','oFnZ-t3qHi2Bog0Refw5VaBxCEuM','玲儿','296','null','0','zh_CN','','','中国','http://wx.qlogo.cn/mmopen/Kwv0ftVtB482zfb8hMhsh727dicVicGc5erw3dFccjRBl3qwmSA8P5lZNMBWJ0YLZbGpKKr6695T59Rj8bX1OibrWnFib4Bvle37/0','a:0:{}'),
('24','oFnZ-t9AKnrnWA18t4S3BuDOQm0M','刘玉娇18669976994软件','262','null','2','zh_CN','山东','临沂','中国','http://wx.qlogo.cn/mmopen/BGOzbkwMZib6x6bj0GYaUeiciacXmZnVvUYFVFerEhIN1N5cLkrff8r678Nm6sHyxGeicDfqFO1sanhjliavsQbI7zztE3uBuOmx9/0','a:0:{}'),
('27','oFnZ-t8i1dnzVIubkDOzRSmuWTo4','天贝','250','null','1','zh_CN','山东','临沂','中国','http://wx.qlogo.cn/mmopen/PiajxSqBRaEJTKR2tr4L4tkHA4VibXNvib1UhJeNI5Rq9gCfZeHUs7Ts4J3yjaetfEqluvgpoWl8iaWCJcX2rjUXKg/0','a:0:{}'),
('28','oFnZ-t-6UAz423f8TFy6WzD-PK-8','路庆保17753917031','280','null','1','zh_CN','山东','临沂','中国','http://wx.qlogo.cn/mmopen/BGOzbkwMZib6x6bj0GYaUe5z0dnK7Gic1sib7B55jtsxGCtwvskl3zxXiaa6I4jTpOcz4PPbPxCpvtuLbiaccqntMW7EzmMEmKpbG/0','a:0:{}'),
('29','oFnZ-t-uQmnAp55KYFAkNrqJ2vSM','Methratton。',null,'null','1','zh_CN','福建','厦门','中国','http://wx.qlogo.cn/mmopen/mOW261WJzibszywAjv3o3NfGH9FveDJIoWM5OE6G94YibibOarAlWbEFIzRcD8fJTbxic2YNg1SQxHX4eyibV1CqtcA/0','a:0:{}'),
('30','oFnZ-t_LlxdfPXLiD5KBXtqu_OG8','刘宝成','293','null','1','zh_CN','山东','临沂','中国','http://wx.qlogo.cn/mmopen/mOW261WJzibtQdeicgRd4hogy4DiacnQchx5mSvK5nYZQib3kMwpIEqgGTF3sOUSYYPXicOhf6XAme8hWRpQ1fFWKGUOsHetB0liaw/0','a:0:{}'),
('31','oFnZ-t6-2j3zkmUlYlISurUrbrA0','Beatrice','312','null','2','zh_CN','山东','临沂','中国','http://wx.qlogo.cn/mmopen/PiajxSqBRaEKqfaW1iah1w2G86WBFmClNVnADnvpAdM5tLkPXF5OV0ZJ9beSIaMRGU9fCke6fdGCtHCG8ZSuuvibg/0','a:0:{}'),
('32','oFnZ-t3lFvwOvXFwpuAwrCbHUXDk','将军',null,'null','1','zh_CN','','','中国','http://wx.qlogo.cn/mmopen/ajNVdqHZLLCg62eFuGdribgjhKibpvfyKUc1ywVrKA4wHLfROEbLvM3Eiaq19x8JZooliahAZpS1fw7A8M3nN1ppTg/0','a:0:{}'),
('33','oFnZ-twzRmoRX-yGst7IRZsCLns8','liu',null,'null','1','zh_CN','山东','临沂','中国','http://wx.qlogo.cn/mmopen/ajNVdqHZLLCZtMOibxdHftSU2SQn3l9gO27RCfHt6EZjWgwKbzAgGBVsOEKLDAUhDFuMZzxapjBVlWSVrakH1Sg/0','a:0:{}'),
('34','oFnZ-t7ACUg9Aw6oTf8SfU0alCpo','『Q7',null,'null','1','zh_CN','','','中国','http://wx.qlogo.cn/mmopen/ajNVdqHZLLADZibQebEU2gDzZAImLKQ8a1wX5y2pOAfEbdVH0ibZqQevwgBCkdIZDw3icN4Oodnicd9wGcq9ydrfMg/0','a:0:{}'),
('35','oFnZ-twpRh6vyKc3kRWljsN9S7gc','欢','369','null','2','zh_CN','山东','临沂','中国','http://wx.qlogo.cn/mmopen/IVBGfN6mdAAIYdhXjPP6Nd1pw0Bib882zv1eB6UQ5bqkrDFO5AgjTZs4r3LbWz4pcuTV1ibicDOIaeCUOFicfonHMUo4f7iaguDev/0','a:0:{}'),
('36','oFnZ-t3VWtRn3FTne1UPrr6hNZHI','伊亲购英子','319','null','2','zh_CN','山东','临沂','中国','http://wx.qlogo.cn/mmopen/BGOzbkwMZib6x6bj0GYaUeicWFicCIFN6Jia39RHsmlG3D9DoibibrTQHZTNq1kRQr0b5PAZRnicPImVztJvFM8N8CsfZQ9o3LFdBUu/0','a:0:{}'),
('37','oFnZ-t8GpPtWYsdA7NELr8R7jRfo','刘巧玲','322','null','2','zh_CN','山东','临沂','中国','http://wx.qlogo.cn/mmopen/ajNVdqHZLLD8ibXcarGVY4U4mUXjYKyxkiaPxtkjnmaLYOaHlFuibWGLdzUjia7XiabgPJ0tGt5xFGEIkb7q2rmGdug/0','a:0:{}'),
('38','oFnZ-t-VeBchYb7uUM6m2GRocFSA','Jerry',null,'null','1','zh_CN','山东','临沂','中国','http://wx.qlogo.cn/mmopen/ajNVdqHZLLDkaicPG4242icAwlTf5xw9lAGbuicHC1tgg4cayXHPfLcF6KuhkvdxVzeANJrpRuzvic97uP1qlW46AA/0','a:0:{}'),
('39','oFnZ-t2DzcJBGdF5pu0jJqJZfo0Y','A果果零嘴坊',null,'null','2','zh_CN','山东','临沂','中国','http://wx.qlogo.cn/mmopen/PiajxSqBRaELdL3Kbmr2el2rp7kdQTbWiaHa73ZIpaX8vygut6ch918mJ7WdyqM09yd9rFCuAkhXe5icnBdGKynow/0','a:0:{}'),
('40','oFnZ-t7W0HFrdraT18G080bNnsEg','～阡陌烟雨心上尘~',null,'null','2','zh_CN','','','','http://wx.qlogo.cn/mmopen/IVBGfN6mdADz4FCTy6libs8NbmhZSAFXzfxzxZdQpLBVRILkYPtKQpAu6SXj2hQ0h9yv21U7Y4A9JHDiaWlXbjRtBgTzia06w4E/0','a:0:{}'),
('41','oFnZ-t_Z4OCsXzft6HcVBoqOhZvQ','武传伟18764976497',null,'null','1','zh_CN','山东','临沂','中国','http://wx.qlogo.cn/mmopen/BGOzbkwMZib6x6bj0GYaUe7icF8KtpTLoenwzymdnuhJpXkf03ibr7vIKkPKOprD9hazsf7fyzLn43mYBL0A8nr2nLfnXBSYoYV/0','a:0:{}'),
('42','oFnZ-twg0s6HDGnTW9ZtVk8r7uF4','清风不语',null,'null','1','zh_CN','山东','泰安','中国','http://wx.qlogo.cn/mmopen/Kwv0ftVtB482zfb8hMhsh74sqRITFJyCflVs2XtZ0CzwQntZ1f87mQ8F89hu1lU47oXpW3p2Gzd2ebf9343uVje2WBHb0oyJ/0','a:0:{}'),
('43','oFnZ-tx14u2NWtKOAQLRJm5IjjpU','color',null,'null','2','zh_CN','山东','临沂','中国','http://wx.qlogo.cn/mmopen/PiajxSqBRaEKUmrhSF5RBktljL5NYep5tMpibQAJy408b7cI3GyGJX1zeLQeu3xp3URsW2lltOtGIiaj0cKZbtoicg/0','a:0:{}'),
('44','oFnZ-t9gZC4n9NnlR2JK4n2sS32E','赵晓',null,'null','2','zh_CN','山东','临沂','中国','http://wx.qlogo.cn/mmopen/IVBGfN6mdADODVDTVqGvvOj22PXOa0bRBDAAZOeW6ybvCeRS8xQQNnovNRSC2r73QnLyRXt3rwWVBckxSpHQzv1mtJn6pJtV/0','a:0:{}'),
('45','oFnZ-t8nIPu6X4zbb5JsFX6A7Jp4','梦芝妈妈',null,'null','2','zh_CN','山东','临沂','中国','http://wx.qlogo.cn/mmopen/BGOzbkwMZib6x6bj0GYaUe7vp0bgD2OQwTSNXN67RZhGcySxuZnBmAaYoXJLqyXqHR3AC57HpDN8Q2ott2S3N8NpAheUE1j2e/0','a:0:{}'),
('46','oFnZ-t9f7p_uR1gcL9_tmIMGFv9E','庄 敏','325','null','2','zh_CN','北京','朝阳','中国','http://wx.qlogo.cn/mmopen/mOW261WJzibtQdeicgRd4honQJMLg0icQueRAMHFekoCW6P6tWxfPdeHNZdSzzicduOreSWUpicdoFTszkNPSrFYcCv4X0e4qqhLl/0','a:0:{}'),
('47','oFnZ-tw3ZgEpQ6O_qK3qWWNbxDys','小米粒',null,'null','2','zh_CN','北京','海淀','中国','http://wx.qlogo.cn/mmopen/ryInS4jYaj5ATk0yskSSGicWiaKzxyTpubvYO2s16MLPwjsBAczUn1pr6jniaictFawSVicDyibc8cob2BWSNiakut1iaXBJt7YKI27s/0','a:0:{}'),
('48','oFnZ-twoGsi3W_cDVLaayrXnEGuA','陈娟',null,'null','2','zh_CN','安徽','滁州','中国','http://wx.qlogo.cn/mmopen/mOW261WJzibtyXrQzJbEnQp7Cmcyu1RkgIIrXCw2ibgSSV1GpRBzoCUz0cCB5w4mia0wJGia7KbaGR4bmH8tCz47Zw/0','a:0:{}'),
('49','oFnZ-t_LosbS6Rn023cOHite6Q68','榴莲',null,'null','2','zh_CN','山东','临沂','中国','http://wx.qlogo.cn/mmopen/ryInS4jYaj5ATk0yskSSG1fgdJibd7nNEJawtZ8iayjZIGRpXgGKueia2jW6dBEnFDelDxIWfiadPaoT8IIIzxibU5DOXQ0851D78/0','a:0:{}'),
('50','oFnZ-t9wNZabnjBYwuFjm4hUXsIg','御园',null,'null','2','zh_CN','沙迦','','阿拉伯联合酋长国','http://wx.qlogo.cn/mmopen/mOW261WJzibtQdeicgRd4honZNTxl8pS4XjPaoIdDfvuvhg8I1c1iaribF8580jgdnzQWGg9Rn8yRFHSeo2vNKpJRBRWAkd3iaRCF/0','a:0:{}'),
('51','oFnZ-twbYePUR26lr6p7RDXlHyYE','紫晶玫瑰','327','null','2','zh_CN','山东','临沂','中国','http://wx.qlogo.cn/mmopen/IVBGfN6mdADz4FCTy6libs0rGUoIMfk2Ffz7rkHMdVZAWpibzzibAMUOA0poyZmuPw10qWeV00NWqiacRmXhhEDjkicRH5IFeFwoc/0','a:0:{}'),
('52','oFnZ-t0d4AfkFxv_X24iz0GRocrU','王浩妈妈',null,'null','2','zh_CN','山东','临沂','中国','http://wx.qlogo.cn/mmopen/mOW261WJzibtQdeicgRd4hostyncLRbR6cg9CMCrFSk1Gg9DQViaOPstCA30BoaBE223yV5uMxoCLVVvicrStjuibx072PkODxDH2/0','a:0:{}'),
('53','oFnZ-t-wiUkInzo-iTwgTiraTr8c','佳',null,'null','0','zh_CN','','','','http://wx.qlogo.cn/mmopen/BGOzbkwMZib5eesROR131CngoqHwXVS5QeV8OJIbD9HpiajT9aicxiaKx0qefGdjVk3BWuJcAFxicfgNJeaNYYUFS3AbibGib3g5cLc/0','a:0:{}'),
('54','oFnZ-tzIP34zw5etUDChJVxtTN2c','未来',null,'null','1','zh_CN','山东','临沂','中国','http://wx.qlogo.cn/mmopen/ryInS4jYaj5ATk0yskSSGyHQuN6TpTjOXVLsQnSkpl6Ix8hKXMl70paibzy9KzDzd7iaG7iciaY5EpUZDgaK0RiamWMG8KETicwrq1/0','a:0:{}'),
('55','oFnZ-t_biHKoy1zwBs5Rw_QnjMLs','追么',null,'null','1','zh_CN','山东','临沂','中国','http://wx.qlogo.cn/mmopen/Q3auHgzwzM4uYdwuWiaVicfCu0up1UHQOFibcfiaPm0iagyIFnZIgHe1W0tStrlIibMJPQwHlB8BDmQMjaqtHg6aLpdEfemrtFsSw2L5VCY9LBZv0/0','a:0:{}'),
('56','oFnZ-twLD0jGesn5InezOHWzPIJ4','中了一种叫权志龙的毒',null,'null','2','zh_CN','山东','临沂','中国','http://wx.qlogo.cn/mmopen/IVBGfN6mdACveSuQLhKdQpSJ15FwFXRmqLfVKRrJgwbV0KbcpDWjoRVnZQdUBW4kIdbicWFGRwoibC2SWPmKb8zbJTDr8GrK6m/0','a:0:{}'),
('57','oFnZ-t5Nn7aQuVi7spfN7XBj4BIE','你若盛开 蝴蝶自来',null,'null','2','zh_CN','新疆','乌鲁木齐','中国','http://wx.qlogo.cn/mmopen/BGOzbkwMZib6x6bj0GYaUeyB1OCJuMTfFTib9rs5kcH4LAicKDPjLLwdmgMlibTk4ibBQx9YoHlOYmzes0nibaUn2DBWLibcungPf1F/0','a:0:{}'),
('58','oFnZ-txcjJLwTyozzeB2HrlC3540','萍萍',null,'null','2','zh_CN','山东','临沂','中国','http://wx.qlogo.cn/mmopen/ryInS4jYaj5ATk0yskSSG7tSfKI3iccH9rEBjHBJp2HHrZseX4ScCZ4fibZ2Nb7NsYfUQHt2DL0ZAPhZ2j28eay3y0lA7WJB8h/0','a:0:{}'),
('59','oFnZ-t6Rew-npnJ060RylI5SPT_0','歆儿',null,'null','2','zh_CN','山东','临沂','中国','http://wx.qlogo.cn/mmopen/BGOzbkwMZib6x6bj0GYaUeic7iaQJD7HFibt16pN8LeEolDE820Z8JAv4SK0IyllEq2HuibFsyHGXaer0eTXSHVY814qEPL4eafSE/0','a:0:{}'),
('60','oFnZ-twiYZ56maySx9JtEPeCQCWo','依靠',null,'null','2','zh_CN','山东','临沂','中国','http://wx.qlogo.cn/mmopen/0x9Fib6czCFyhfBkqkT5SWpr3t3KBKz5pKVcUVkvU4EM9RnDoUfWcxquRbMXB3NpYMsmN6P8nWpUgIMxFvdNyOv7X3g8ict6CE/0','a:0:{}'),
('61','oFnZ-tz5HBokL0JjwZPqSySjQhlE','点亮一生',null,'null','2','zh_CN','山东','临沂','中国','http://wx.qlogo.cn/mmopen/BGOzbkwMZib6x6bj0GYaUezfdvA8cZYlvOicgAF3FZzjVdKcuH8ZYp9kmK3K7pU1f712iaN8XzV2X8sMm5WMGpLEs0OWtASnzZk/0','a:0:{}'),
('62','oFnZ-t4AyWK6ooEDq6GuVRmxVYwc','小沫儿',null,'null','2','zh_CN','山东','临沂','中国','http://wx.qlogo.cn/mmopen/BGOzbkwMZib6x6bj0GYaUe5krEWevTsOrpmUuMjjJpt9drcolSg6S7PaHiaroK7yxfVCd3FBglT4ibYpbuYBVVsKcTbTgTych8B/0','a:0:{}'),
('63','oFnZ-tzfn2hFGkx8fDY_YPKDAA60','吉祥如意',null,'null','2','zh_CN','山东','临沂','中国','http://wx.qlogo.cn/mmopen/Q3auHgzwzM5P8rYTB7f6Lics76rE79htvmWMpwcJkuAmILGl2YMJYS01RKkPOosF0lP1VH92RxGwCLZtGkBJFkjjAfmeclrBPNZ9gqgN4eibs/0','a:0:{}'),
('64','oFnZ-t7oBh3FXaVyRmEAHJz_RvnA','家有俩千金',null,'null','2','zh_CN','山东','临沂','中国','http://wx.qlogo.cn/mmopen/BGOzbkwMZib6x6bj0GYaUeibG9kFJ2ACFYOCvSrxFvibNBt3yrrjw8WEgU9srRB055IfXlLb5Cia4iaic5XYbicTb9dTIiaBFGtnbZfQ/0','a:0:{}'),
('65','oFnZ-t7eOA5mGpw1o1IhZOAL0hAo','高琼',null,'null','1','zh_CN','山东','临沂','中国','http://wx.qlogo.cn/mmopen/Q3auHgzwzM4uYdwuWiaVicfCu0up1UHQOFRXsnBswPpVD7tjr2NKk3TMpFPmzHaicVBkKfCxfWIMG4eqQRzR2icWqp1arwzx0vXAxzQwhrN0THU/0','a:0:{}'),
('66','oFnZ-t2SDfINvoBGAOL3h7NLnA0c','V^、你的晴天~',null,'null','2','zh_CN','山东','临沂','中国','http://wx.qlogo.cn/mmopen/IVBGfN6mdADz4FCTy6libszWDticV7fal1G05OmU2W6pcUklQAOc7zTf3mTgajcjhXgvC81ptIicIibzggEnyEdZcqOZ3vpicbjjs/0','a:0:{}'),
('67','oFnZ-t404MBZP6K9TrvLHP0Z2G4Y','甜心小蜜糖',null,'null','2','zh_CN','山东','临沂','中国','http://wx.qlogo.cn/mmopen/BGOzbkwMZib5tWJzrArT89CnZh6N0KWrw5kwKdoDUV8P0ia0OFwVCeUdXL3Iibx970buFjoVyd54CV00oWmpQoBJDAwwwWKF5QP/0','a:0:{}'),
('68','oFnZ-tzEXX40nROl_zhRIBpdYIEw','火花',null,'null','0','zh_CN','','','','http://wx.qlogo.cn/mmopen/IVBGfN6mdADz4FCTy6libsicquicWyaLDQ1BpkJWribic77R59nnB6BCeKSNrPU00G8iaazKUB8CjDwnLktM1jOerPeiaDP6PgW6GnB/0','a:0:{}'),
('69','oFnZ-t0Lu7muBwdmqU2zpMjjUcvM','可爱天使',null,'null','2','zh_CN','山东','临沂','中国','http://wx.qlogo.cn/mmopen/XicuwEY6ZpxNYDVe2YHttoFtoLvHJjKRXpxY29zMwZ88via4y1Vbh518yKQYoScxhTyqIWG7KPpyvxkyngNjhmSXOszEKYQ5gc/0','a:0:{}'),
('70','oFnZ-t_FcM7_rLZ2BPiWxBiBME2U','燕在飞',null,'null','2','zh_CN','山东','临沂','中国','http://wx.qlogo.cn/mmopen/IVBGfN6mdABnzVEib48aOeSdprSHbMhXMpQA9hueDGdmDwPsicE8D52IyVoVoAzLnQORic9KN8QEYBiaHlyqic7xz80jesKM5zyw0/0','a:0:{}'),
('71','oFnZ-t_fw80Ae_6b0qnahp0XFtqE','你还要我怎样',null,'null','2','zh_CN','山东','临沂','中国','http://wx.qlogo.cn/mmopen/mOW261WJzibtQdeicgRd4hotSc7VqexWjUT9hPzKNYHeBZSLPqmR5zSaEnqlEE24un6VZ4dUf2yI0OMgx9dC6VfRN5eRHfSljb/0','a:0:{}'),
('72','oFnZ-t1BuFZqPGvZoJq161bpsI8g','青蒙青汁-晓星',null,'null','2','zh_CN','山东','临沂','中国','http://wx.qlogo.cn/mmopen/PiajxSqBRaEKQAcAd0sHmerYnwGiaGaed3ia0v4GfWVqvnpMtBIoTDzEGGElrTEKGP2rltNC9N6CicK5rIFoiaVuOcA/0','a:0:{}'),
('73','oFnZ-t00zFCvsBGDFFjnsB9RGwOM','silence',null,'null','2','zh_CN','山东','临沂','中国','http://wx.qlogo.cn/mmopen/BGOzbkwMZib6x6bj0GYaUe69kvvV9W3Vzhgnib98bfsDHVplI8AKVfPxcJtwa2eQC0BBYPwkDbmERBOJz5NCz7d1BIgicIZrLEZ/0','a:0:{}'),
('74','oFnZ-t3q1VeMunbc4LnrRQ8pDpQk','小呆瓜',null,'null','0','zh_CN','','','','http://wx.qlogo.cn/mmopen/SrUYXhJ4AC2ib4vVLVMI5ff23icMA9pQibbGUjficKO0HBBTbJn3tnxGk1dqWatTPib1iasZqVKibPSV2ibnKPTE4fNrq6yrcOpFk2D3/0','a:0:{}'),
('75','oFnZ-t_l1_SgAm9JR6dJ3hsKmFNo','新温州二楼36号',null,'null','2','zh_CN','山东','临沂','中国','http://wx.qlogo.cn/mmopen/BGOzbkwMZib6H0Cgp0uGjkiboehiaTfdKOGiaickEgeWA2pbC4Pia6ja4erEiaibz2sU9ucpCJm9nTUgWkkZCC3SKkFCtA/0','a:0:{}'),
('76','oFnZ-t2xvh2mjeynUSrUpTP_LbFE','马永红',null,'null','2','zh_CN','山东','临沂','中国','http://wx.qlogo.cn/mmopen/IVBGfN6mdADz4FCTy6libs3RcMYwrSibuQamqsWdrWR2pcIjEianHe4nC3Sb5QhupW4Qfnic08WUVU9hcgWxEwzn4mLTia6U2Ypfk/0','a:0:{}'),
('77','oFnZ-t9tTZ3NKsmeOvObpE2AqTG8','快乐人生',null,'null','2','zh_CN','山东','临沂','中国','http://wx.qlogo.cn/mmopen/IVBGfN6mdADz4FCTy6libs6YdkDyww4vZOTUDBlJfTEBrBryIhRPibZ32OFSP90NQkd5k1CmnSdUjZRCAVmuwBJtib1RBKhTgJj/0','a:0:{}'),
('78','oFnZ-t2-zYVTIVn4niRJDrIzGy-E','平安是福',null,'null','2','zh_CN','山东','临沂','中国','http://wx.qlogo.cn/mmopen/IVBGfN6mdAAulibxDch3t4oDoicmH1THX7TNQca4ZyqoVFSGh9sLYoQMhUMU0NkQytGXYGxxbAic9SYkQ5Z7IiaoqkJhyZJEOuUC/0','a:0:{}'),
('79','oFnZ-t9c4OZ23SR2pgRsViGGOj9U','马婆',null,'null','2','zh_CN','山东','临沂','中国','http://wx.qlogo.cn/mmopen/BGOzbkwMZib6x6bj0GYaUe4qZw92OXYDwrAC5icxWGNMXM6R8n9ITmicuwibdNxicEaS2MQibavlVLkZvfene4ibRcKVgiboNpHkEMfG/0','a:0:{}'),
('80','oFnZ-t9siuUulLBXSUWX_Mhs2qOc','洪莹',null,'null','2','zh_CN','山东','临沂','中国','http://wx.qlogo.cn/mmopen/FzlScAaB6sPIPMXuxGhXodSbQOCx9VV503Z0kUgZr08mVpmJtGYFcoCzJonvLUnyyyRCF8PswibR53LEtKiaj0x8DmSYITzmRD/0','a:0:{}'),
('81','oFnZ-tzGFW_XU3VINLCh8xkvRzrE','美秋',null,'null','2','zh_CN','山东','临沂','中国','http://wx.qlogo.cn/mmopen/ajNVdqHZLLAb249smEgzKD9423pfYdtDWsgDtYv5yibcbs1piahOEg5HTaibOhkKJkKiaSgKslVJocBBrp2cYtI1iblclCu1NKvMjiapeE4XFNEow/0','a:0:{}'),
('82','oFnZ-t6Cg8RPOHYnw3-ufC_nPPgo','正宇_sunny',null,'null','0','zh_CN','','','','http://wx.qlogo.cn/mmopen/BGOzbkwMZib7l3vslmPQVgTyMB433eywRI4pMGCIP8w0PmIUyg0Wic4bH3pfMMDO4GOpPA7P21FiaSpT1hvTNXSsm05ia0239R01/0','a:0:{}'),
('83','oFnZ-t7O74KGxxJv1oUmEHoDo7cA','蓝梦蝶',null,'null','2','zh_CN','山东','临沂','中国','http://wx.qlogo.cn/mmopen/ajNVdqHZLLDeRL8wpVcv1EAicjbUyhZMiagd6IXZM7U10Vy6B8sFw6UWnvpUQ4K1LyFaeRY6lhQ7upS6n7wJyw1w/0','a:0:{}'),
('84','oFnZ-twZ37oll5wicj4tPdkQT5Gs','木槿',null,'null','2','zh_CN','山东','枣庄','中国','http://wx.qlogo.cn/mmopen/ryInS4jYaj5ATk0yskSSGibzfw7SUAHXGWCR8wGv4dcLkKN0jf8pQUDibw4XALffzZkGnTD7YmjIJpYriaZ66oQyVg9jFjPqI2g/0','a:0:{}'),
('85','oFnZ-twq72CTJ6LXQc-0_GVFVDzQ','欣晴',null,'null','2','zh_CN','山东','临沂','中国','http://wx.qlogo.cn/mmopen/IVBGfN6mdADz4FCTy6libs0z7j6pPtM7eibOcrf0yOKo5MoJfgvEwMMJB8gxwfPzTjcge1KLexHelOMsjw7UcPaTedAib9vf8EJ/0','a:0:{}'),
('86','oFnZ-t9M-aTHKrGqpupo8AOskrIg','七夕',null,'null','0','zh_CN','','','','http://wx.qlogo.cn/mmopen/BGOzbkwMZib4CA3SqDOjpFU075ic8VjJEqxAfGybXAicM4kEDJT3pYM84ryCv55GL5ia92NicXXEgAnYvwvnzMQpygAf3DPrZbRgp/0','a:0:{}'),
('87','oFnZ-t3_RnjB7S5uM3tjWoJm0YWI','豆豆妈妈',null,'null','1','zh_CN','山东','临沂','中国','http://wx.qlogo.cn/mmopen/bibpQXVibb63xhCjdRRUUhJUuXmdhVMtqjYJE0dItvJyPDCbmD7XBCp3z9MRG0J6ExriaWRWE0RoCdhb8OgYhXqibS0gD4iaaC73c/0','a:0:{}'),
('88','oFnZ-txFxqArWRkFBoy7Nh02OzGk','米兜熊 邦尔乐 纸尿裤 诚招代理',null,'null','2','zh_CN','山东','临沂','中国','http://wx.qlogo.cn/mmopen/mOW261WJzibtQdeicgRd4hogSPjoAbuKOlWElMxPKOtuHibA5LKO2LOnO3icvnLnfzia9DLp2uRqf4gh8bYibia3TG4aQd0I6KDBwyY/0','a:0:{}'),
('89','oFnZ-t0bpD4gQWto0uZmAK7CFY_s','宝贝。衣橱',null,'null','2','zh_CN','山东','临沂','中国','http://wx.qlogo.cn/mmopen/IVBGfN6mdADz4FCTy6libs5yDWgF8e5CEuwNshj9hKTXwwN2Lh2U2Td2icSaxMeRlUfEict4p9NBlgicAuuJDWkicvMsZXXTdosiaI/0','a:0:{}'),
('90','oFnZ-twFbIGDCmkno0Nyxdj1vVzg','清晨',null,'null','2','zh_CN','山东','淄博','中国','http://wx.qlogo.cn/mmopen/BGOzbkwMZib5qEDyMGIFNic0SjH91haWIvd9LnrAGKFglaFr3Ys4WgbbbZibEDwDBBiaDBH3IKao6B2V3OmZ6gwfzA/0','a:0:{}'),
('91','oFnZ-tz7wqlMzXICFlhdDpU5UkdA','欢欢',null,'null','2','zh_CN','山东','临沂','中国','http://wx.qlogo.cn/mmopen/BGOzbkwMZib6x6bj0GYaUewOBYPjibKFkfNb1jreGN3WfRUkiaHSKrahnGQ82DY5ibnFxGWzZbibCVdRYHZ6M6FSSwa2f2XzPmv1s/0','a:0:{}'),
('92','oFnZ-t6lgp4sKfJmfLQM2PGiQG6o','唯一',null,'null','1','zh_CN','山东','临沂','中国','http://wx.qlogo.cn/mmopen/BGOzbkwMZib6x6bj0GYaUexdlE5fF17KJFYCnjwRLCTcaTdbSaIxbDFv8yAia2xJO3CEgjWgQC4Q2YvH676wu6gIjNRqOtK8ibD/0','a:0:{}'),
('93','oFnZ-t6_ce-iE8dDm6K9YxL_5kLk','吃萝卜不吃萝卜皮',null,'null','2','zh_CN','山东','临沂','中国','http://wx.qlogo.cn/mmopen/Q3auHgzwzM63odzaU8W0G2Kiao5x9nObEN81IrKY8JYhF0PU8yaUNvuxfNqKR7GeTicmrciboTdSnwCsuYXcsuaFw/0','a:0:{}'),
('94','oFnZ-tyt25gQB-zrRXJPCRlq_NYI','魏娜',null,'null','2','zh_CN','山东','临沂','中国','http://wx.qlogo.cn/mmopen/BGOzbkwMZib6x6bj0GYaUe52P0zsT63Og3UWVYuhATAkInJqq1cGMhCw4EHB59iaB2gwQU9LOAWEBKVRJIxhjD2z4ssElbQsXc/0','a:0:{}'),
('95','oFnZ-t8Nzcs22NLao0iwhDRF6f3w','ァ頦餶こ銘訫の',null,'null','1','zh_CN','维多利亚','吉朗','澳大利亚','http://wx.qlogo.cn/mmopen/mOW261WJzibtcouNgKvrxnQnUN9vCEUaT4ibYIzqcd4yvnW2y8Mhnc1CbU8JKlSFzJCypP6DMDe9Wibu5A83MeudQ/0','a:0:{}'),
('96','oFnZ-t9oM9jRGD1Sik6gvG70EQIg','秋日的暖阳',null,'null','2','zh_CN','山东','临沂','中国','http://wx.qlogo.cn/mmopen/IVBGfN6mdADz4FCTy6libsxApJJFMymXYxxNM8RbH5RSHdmNYRaeVqb50Wc3VE8aDicibUBLf1ibnGfXczMVFxRnzx4B6fKDu09W/0','a:0:{}'),
('97','oFnZ-t9giEzu1SP6acYhbSHdnTKs','已婚女人',null,'null','2','zh_CN','山东','临沂','中国','http://wx.qlogo.cn/mmopen/ryInS4jYaj5ATk0yskSSG899eoibzOoiaFyIWr4wdPpauXJCnwt73kurGcPPkZeddCojbQWRiaRiaBqd426EBdbDokwawrOJC1xs/0','a:0:{}'),
('98','oFnZ-tyJbQMylRyFwwY5gb8S1SH4','A青青(*^﹏^*)美胸皇后',null,'null','2','zh_CN','山东','临沂','中国','http://wx.qlogo.cn/mmopen/Kwv0ftVtB482zfb8hMhshwzqzSktsjE0sNxjWibR1nRmnibIsn5Qsq6B1gRRkMgEUSBx0dDuXHREvP1nfaq2egZnrPlVib4vOcW/0','a:0:{}'),
('99','oFnZ-t22orF8wIcxXsrfsx8PCI5c','陈丽丽',null,'null','2','zh_CN','山东','临沂','中国','http://wx.qlogo.cn/mmopen/Q3auHgzwzM4uYdwuWiaVicfCu0up1UHQOFt4W6cEiaPjLiaYLaVuAzxdN5QyiaqE85DyZulUUpiagLcqMr0VQqZWicHicNc8LhldVDJBunaFFLaePso/0','a:0:{}'),
('100','oFnZ-t8lO9h-dmop2DArVRAtxVsg','爱心月',null,'null','2','zh_CN','华盛顿','','美国','http://wx.qlogo.cn/mmopen/mOW261WJzibtQdeicgRd4hoo7d8FqBob2POLoYy6r5PSndx7yxJrQw9QyqOWqiblPUdBkmdefhup909SFfvaG7Be9wrpIiaHqzrH/0','a:0:{}'),
('101','oFnZ-t7kj1H8y-6kYA-8WZp7at9Y','朵妍',null,'null','2','zh_CN','巴黎','','法国','http://wx.qlogo.cn/mmopen/mOW261WJzibvBEQsrWbWkSDqx6I6gKyzp0Wqy11gcMdj0Me5HfdypApsTcs7icRUOEw7dplAG4YSSqTR779VibKeA/0','a:0:{}'),
('102','oFnZ-t8ii1rkLkkC0nluVPMsgm1E','牛牛',null,'null','2','zh_CN','山东','临沂','中国','http://wx.qlogo.cn/mmopen/Q3auHgzwzM5YR7kblKMJJWvC6PWBUcnIBxlgupbQWaKtltDX6oHLKiarXmkJ5VwuAfmX2TE0NIfL2UO7BOLJ9EUaoabzpvWwIswu7CQKD2mg/0','a:0:{}'),
('103','oFnZ-tzcy_Z2StIlbBDDdiWZUC4M','难得糊涂苑晓林',null,'null','2','zh_CN','','','中非共和国','http://wx.qlogo.cn/mmopen/ryInS4jYaj5ATk0yskSSGypTBza4PI7O2ib613LuaS3nZxGNyiareV6RYeV1jiawDQ1icdzkcKFbMn37VdrCc5nugxX6FTUW9qrd/0','a:0:{}'),
('104','oFnZ-t7YfP1143-Dz8cRzaG2gaD8','哈哈哈',null,'null','1','zh_CN','山东','临沂','中国','http://wx.qlogo.cn/mmopen/Q3auHgzwzM4icMiawFSd08tessLKicjNkQ44ibZbwthDjZFdbqN4uFBNsdv6XicykS9W1bBJM21noNOK7I6slJ4Vczw/0','a:0:{}'),
('105','oFnZ-t0DG3mq17UK2_1fxQnVA4ds','HYF芳',null,'null','2','zh_CN','山东','青岛','中国','http://wx.qlogo.cn/mmopen/mOW261WJzibvU6Cyeicxf2Surc6GUzXmD7EgaAs7EtqG7kgush1KlPCkYyBh3ib17HH6w6c53daU4kNM11ibEFQtibw/0','a:0:{}'),
('106','oFnZ-t50W9tO5cc0WVH1N_6rhLq4','猎手',null,'null','1','zh_CN','山东','临沂','中国','http://wx.qlogo.cn/mmopen/IVBGfN6mdACK8xCWFPFicNYvOS9nic8bzOlS46pWiajEGubTTmxqsD19dibIFks5m1knQONUbwHhXPyicZClVS3xhmQ/0','a:0:{}'),
('107','oFnZ-tz2qZIcIC-Pjm76wv4V83Os','Moment',null,'null','2','zh_CN','','','挪威','http://wx.qlogo.cn/mmopen/ryInS4jYaj54XzryynrQgjhbiadyvNxHBq3yTFq11yUlD8vhiasCeTeq4vFxbs8ecLAdPP9VdmKpAX96aibRLfl0JGZsVaNFJd2/0','a:0:{}'),
('108','oFnZ-t_Y3w3uEcaFkAlKhH8IdVCA','惠汝雪',null,'null','2','zh_CN','山东','临沂','中国','http://wx.qlogo.cn/mmopen/IVBGfN6mdAAsRVE3BoKBMsQes41sxT7l9bWNt2cvBc9TS7xIhDgDbrFvsM52FKzE7qOAcgMrr1k1dHQoxFic6og/0','a:0:{}'),
('109','oFnZ-t9uC0ED5qLJYLaOVk5v1Xkk','璇宝宝',null,'null','2','zh_CN','山东','临沂','中国','http://wx.qlogo.cn/mmopen/IVBGfN6mdABN7uC9toCgX0NJ6c8nz07dibaia2pagNsNu1b4mRz1qfvc446T7ibz59wTgTt7Jb99I9hnianB11HuVkYB8XHgiaaHj/0','a:0:{}'),
('110','oFnZ-t7EQyKOdm_qyBOAE7RZm2yM','小卢',null,'null','0','zh_CN','','','','','a:0:{}'),
('111','oFnZ-t7zeClf2ydyCsk1Duwt0MUc','小博',null,'null','1','zh_CN','山东','青岛','中国','http://wx.qlogo.cn/mmopen/mOW261WJzibtQdeicgRd4hohgtjVicFqQeVo3Dp0hQorYCvuDm6QWJz4WhhCutmxRGHz6ibcZYt5P1ONWHVs6dIoQuuTxgE8XPw2F8Spd6kFTJA/0','a:0:{}'),
('112','oFnZ-tyAWi4BBTZO_lQKoto43qtk','我们终究陌生了',null,'null','2','zh_CN','山东','临沂','中国','http://wx.qlogo.cn/mmopen/IVBGfN6mdADz4FCTy6libs2EElVqxlO6IytZ3icFsk9Ia7Vn1pOygtYFFS6OOniaxcD0E8djqOEAC2Qqu8JaHTI5aDR7zqoqNs4/0','a:0:{}'),
('113','oFnZ-twNIysbg36KuwG6dPbmvFrQ','说人话',null,'null','2','zh_CN','山东','临沂','中国','http://wx.qlogo.cn/mmopen/Kwv0ftVtB482zfb8hMhshweKQHRIiaW2BJXfg829vvEQZJpJQnbHzA645FmBUmuLibdTg9tsyXZVhsMztmibibY00nesN6FVj1Cm/0','a:0:{}'),
('114','oFnZ-t4w-JQ5jFcJFQwUXLFuMYPA','梦里梦到醒不来的梦',null,'null','2','zh_CN','山东','临沂','中国','http://wx.qlogo.cn/mmopen/IVBGfN6mdADz4FCTy6libs0eZvYVExwOw7hWXia3RfCHFLzmvQUDic90WqJQ63ic8rsR6OuBTBwz4FVZV8icmGHkPviarutDPWHP2K/0','a:0:{}'),
('115','oFnZ-tx8PrwxeLhFtIv50mQ84xco','A00000幸福花朵',null,'null','2','zh_CN','山东','临沂','中国','http://wx.qlogo.cn/mmopen/BGOzbkwMZib6x6bj0GYaUe0Lj2GJThdLficsBibQ89FxY8PhaHHWkZaRIws51fPIgoibX9q8Ubw0zz5AJEjq21KbyOCMPRicZJy5o/0','a:0:{}'),
('116','oFnZ-twKCkPX9Ty9ESXBgiCSRwVQ','泪ゞ 哭花了妆ご',null,'null','2','zh_CN','山东','莱芜','中国','http://wx.qlogo.cn/mmopen/IVBGfN6mdABeYO9FlpCqTdUWfVibRIZtcTicusRibzA0OuQEtn3wWQKQ8UvKQ2Bkl0ynHc7A4PbMxy8VA3zsPO5C80gllhhvwzz/0','a:0:{}'),
('117','oFnZ-t59Ts75lnpOODbUZP5VRddw','自由飞翔',null,'null','2','zh_CN','山东','临沂','中国','http://wx.qlogo.cn/mmopen/IVBGfN6mdADz4FCTy6libs7WKTia7W9JQZGjhfm5iaxcUyrIBQukl7ABXtIicWkIu9r6Oibf6YGd0dFpeWFeiaFDEObFKxFU3A1bzu/0','a:0:{}'),
('118','oFnZ-t3HW2DAWRAYyyje9ddWHCKk','若离',null,'null','2','zh_CN','山东','临沂','中国','http://wx.qlogo.cn/mmopen/ryInS4jYaj5hh2yuMoDotYBv1oBbc68kB1M2Plkg6VmZZv18iau3NckS5fo6bW87qe7zhueU7TouZHECBfoiaoyHC3T1HrNk36/0','a:0:{}'),
('119','oFnZ-t8KMFQYSZnp1kpE3tvj3_Ys','心有灵犀一点通',null,'null','2','zh_CN','山东','临沂','中国','http://wx.qlogo.cn/mmopen/IVBGfN6mdADz4FCTy6libs54dCPicapYkrLVwblomo8O9lHeBFpg5YRkQ4d2R4zicFIa8h3fLO4yK9ooXWxQtEbps1sYZHPajYg/0','a:0:{}'),
('120','oFnZ-t8rvKQ1dzcY1B6jM7_bLEJU','娜，又怎样',null,'null','2','zh_CN','山东','临沂','中国','http://wx.qlogo.cn/mmopen/IVBGfN6mdADz4FCTy6libsxRibSeYGQialCZjaTyVtLaatEtmP7d1MYdJJ0V05xxojoNsWfH6XqwdynnSZYicTAUJEhMMLtia3VeO/0','a:0:{}'),
('121','oFnZ-t56iFZiCUaENzaxYudYSgOY','听雨',null,'null','2','zh_CN','山东','临沂','中国','http://wx.qlogo.cn/mmopen/IVBGfN6mdADz4FCTy6libs5erVFe1TibBEusicdFoWV0CIgUPQsOn7EEVcQUurluBF2upXRLdJBMSRtJiaEkiaQ0jNmB9iaXIEJaiaJ/0','a:0:{}'),
('122','oFnZ-t9bjPIfg-0_1yy0IgFFh5d8','◇◆抬头触摸那一抹阳光つ',null,'null','0','zh_CN','','','','http://wx.qlogo.cn/mmopen/IVBGfN6mdACn853K5TRQ4zoO1kvDx1u2L8qEe22nYB3gI7xaycibJgrYmWaicTLoUSRqFibdGsY90ibWYpbAHicoCxw/0','a:0:{}'),
('123','oFnZ-t2lh5sCHm2Ev551Ui4XbMIA','姜峻易',null,'null','1','zh_CN','山东','临沂','中国','http://wx.qlogo.cn/mmopen/mOW261WJzibvWicCMPXXVI3d8ZP4BgiawZWwRWSd0VCqdIeiaY1lDCoCuic4stJs0DuY1md7wEomY3icHNIz9LdsaehQ/0','a:0:{}'),
('124','oFnZ-t2rYeh_M-K2e0Hu_H5xn6SI','有缘千里',null,'null','1','zh_CN','山东','临沂','中国','http://wx.qlogo.cn/mmopen/BGOzbkwMZib6x6bj0GYaUe2tuodNFoU8zfawe2Zz7288KvDM9eQClHqMs8bCOiaibV3JpanCfQ53bXLKc8u4J1qxJYVGb0Gtr10/0','a:0:{}'),
('125','oFnZ-tyYpgzJM9Jqw1RGF7RM1qR8','朱秀云',null,'null','2','zh_CN','山东','临沂','中国','http://wx.qlogo.cn/mmopen/PiajxSqBRaEItIVZyN1SVYib4kYGDibQ74a3JEd451HrVCbgu8ibSEjiafmRic6ucZD9jKSGAmLO9HOXMovhvn71elwQ/0','a:0:{}'),
('126','oFnZ-tzAPYyMewns7DlxK5MQBGIY','幽月醉心',null,'null','2','zh_CN','山东','临沂','中国','http://wx.qlogo.cn/mmopen/Kwv0ftVtB482zfb8hMhshicia3d2DPSl8BTNYlyCR9hDWpickGuRU7RMXHHFmg6dIwDQUEKzicucrufWfjiajCoj2eL9Fq8T8vUEw/0','a:0:{}'),
('127','oFnZ-t5PDoL8txyVS1IZVjIqaqNs','新雨',null,'null','2','zh_CN','山东','临沂','中国','http://wx.qlogo.cn/mmopen/Q3auHgzwzM7VK4rYNlFbtVcBEyHib4P7MibYlc2G20XRkMV1mdpDagdx7Ytrz700spiaPVuO3ucbtrGNuN0HXFdGWKdMN5icvz8fORY00Db9RiaU/0','a:0:{}'),
('128','oFnZ-t2vUPnJBU42c0V94cPxuNBc','Amy',null,'null','2','zh_CN','山东','临沂','中国','http://wx.qlogo.cn/mmopen/mOW261WJzibtQdeicgRd4holOPM1s7icnbbJgkM8hUXyYE1iaicA77yYQbJ17v12ACM975usa3E66JfdLxLpZ2hnAnvxlWsO77pYm/0','a:0:{}'),
('129','oFnZ-t98Zv-ozkHng-jv2hJwOYyg','搁浅',null,'null','2','zh_CN','山东','临沂','中国','http://wx.qlogo.cn/mmopen/ryInS4jYaj4xXdzRfrehP9ZibMhHEs28Vkxafr7McafCDEcANpHjFibAyYyNHWUVoGZWqII8rbWhBOXld3cRsaMib3koQI3gNFa/0','a:0:{}'),
('130','oFnZ-tx4OGkGLq1RmbM6b5ow_Qf0','LFH',null,'null','2','zh_CN','山东','临沂','中国','http://wx.qlogo.cn/mmopen/BGOzbkwMZib4YGS1CGqq3FbxibxHFRIibDkNQmoTDrSbYicJzQryJNIvDsRxYvxDG159U2RNk2xoQ8jOzUk6r2A1tIrMQl0yu85X/0','a:0:{}'),
('131','oFnZ-tz8DOWQahFq31DCfU8vp0RQ','狼图腾',null,'null','1','zh_CN','贵州','安顺','中国','http://wx.qlogo.cn/mmopen/IVBGfN6mdABjjbE9FEpdIcjQmNYsBZC6u0hgibnArfUaN0vQ12Ofo1sIrz9gCwtatLqvpqeHe7J4icTcblyNPPkyIfg5hw72Vd/0','a:0:{}'),
('132','oFnZ-t6G_6VSK6kPQjk3rGbl_B-o','陈嫚',null,'null','2','zh_CN','山东','临沂','中国','http://wx.qlogo.cn/mmopen/PiajxSqBRaEJdiam0oHrdN1JeMaLicMVyoxC2QTRjWGTwPBmwbFRewto7Nh4HUFtoN4TaicT8QElBFQKcrdCxIxZBA/0','a:0:{}'),
('133','oFnZ-t5yqMmxA_ZrM0B5UcEmB46s','春天花会开',null,'null','2','zh_CN','山东','临沂','中国','http://wx.qlogo.cn/mmopen/ryInS4jYaj47PDVJicAewTLh5gOJojnCGadnU6OmJBWb7ZokMGVnsJQQVHYTibEhGdL8tFAR0OFcZdrQDovUzsvkN2enH4qAj0/0','a:0:{}'),
('134','oFnZ-t16_xqdlgviKaLSRnfroCUo','Lapland',null,'null','2','zh_CN','','','丹麦','http://wx.qlogo.cn/mmopen/Q3auHgzwzM7D71jRibbWfDbwyZicXSjlV9xzMzW7uybR8eRoRE6jtH0kvTL0gy8muiaNg9mTHuyhFKeJksmfKM0Jg/0','a:0:{}'),
('135','oFnZ-t_GjETavZ-gY1IIT-S_9CRs','AA亿尚家居，樱雪电器丹丹',null,'null','2','zh_CN','山东','烟台','中国','http://wx.qlogo.cn/mmopen/IVBGfN6mdADz4FCTy6libs4GlJYVhicYpDicNd8RCU1gecHL8nJKl7VhBrEicJPBrTL3pltf4YFVepKJvCVzTXjib7Kt3svL4Ob91/0','a:0:{}'),
('136','oFnZ-twK5ZOwGhJY_32yC8CVN_FY','精灵',null,'null','2','zh_CN','山东','临沂','中国','http://wx.qlogo.cn/mmopen/mOW261WJzibtQdeicgRd4hoiayia9QNKoo1NcCKwEfuzWKibwNccn2Nl7bppHVcWnalkcZjmibVA0POvHg4EarFUDejjSLGEOrQFL6/0','a:0:{}'),
('137','oFnZ-t4C_LussNfHP5eAJwf3vA78','莫失莫忘',null,'null','2','zh_CN','山东','临沂','中国','http://wx.qlogo.cn/mmopen/mOW261WJzibtQdeicgRd4hom6gLR8BficzU27tXyZkN0JJ0dpaElYgNOtyXjbpiaQiaBII8iaLT7to9Z8A2zvibZgHSZTLgVN8IDRhl/0','a:0:{}'),
('138','oFnZ-t43YwN9dj9iohzTkHDsNl3s','9:55pm',null,'null','2','zh_CN','辽宁','沈阳','中国','http://wx.qlogo.cn/mmopen/Q3auHgzwzM7Qq7HyTpZ3OUlS3fQzj0xoTZ6HVX9nwzPq1oZgLvShsXDHFM45vjH9x7ZibiaADSL2hLmHpt9eciaWg/0','a:0:{}'),
('139','oFnZ-tznLwRgtv9Bg9x3w3RjBZS8','史兰英',null,'null','2','zh_CN','山东','临沂','中国','http://wx.qlogo.cn/mmopen/IVBGfN6mdABBmLf4nwQ5icNZNKgUDRnsvCR10tNgNhs9KGATk5rXMqB6LV8QyeKSVbwXn3jBh7OMuWfibZ8Q6DiamSpMOHZNMu0/0','a:0:{}'),
('140','oFnZ-tygwZxEluxZP7R7lKXfjWeY','可可西里',null,'null','2','zh_CN','','','安道尔','http://wx.qlogo.cn/mmopen/Kwv0ftVtB482zfb8hMhshxpuAzyLP6uGGM7Tymf1AwOdhTRic8NYDe32SzhQMxicNwZsIwCjEgb5mvJBQaUqXibFZjicMpO81Crh/0','a:0:{}'),
('141','oFnZ-t68uKVCregVT0mM-SGgu2GQ','天呐',null,'null','2','zh_CN','山东','临沂','中国','http://wx.qlogo.cn/mmopen/IVBGfN6mdADz4FCTy6libs1BKrlQESndZ5YC8UOVx5bNCbeLy4BRuZfzic23M59Oh2jkOapMiaeWiaxlaJ0V9bUwhtsJzraJwRRY/0','a:0:{}'),
('143','oFnZ-t_qkxxOSPbJDFuVSAPssjKc','lee',null,'null','1','zh_CN','北京','朝阳','中国','http://wx.qlogo.cn/mmopen/IVBGfN6mdADz4FCTy6libs5ar4gEbfmtmjQXS2IehR1ft42AE6Krgk0vDLNfyPeaxvsbd91icKM2KicV17LJaL2fqicibyibLx17Vib/0','a:0:{}'),
('144','oFnZ-t3uCYLp4vYXf27xphRQsqvI','鼎盛锅厂',null,'null','1','zh_CN','山东','临沂','中国','http://wx.qlogo.cn/mmopen/mOW261WJzibtQdeicgRd4hokrlnBWtibRicVWKvCIkIPxicUxia9rYkkOCXibvzuEsPC5IQeAWb55Qa1icpK7icPfaWgMClUxxkQVbWicp/0','a:0:{}'),
('145','oFnZ-t5MU1BS8oqu04i44xS5_c6I','爱心语',null,'null','2','zh_CN','山东','临沂','中国','http://wx.qlogo.cn/mmopen/Kwv0ftVtB482zfb8hMhshwyEibrfRkuNULlJPvWp31UGknxseiaUNu9ITEBVahqsdxkFo4HqzT7IID6IibECia3kLpzjPXYSSzgr/0','a:0:{}'),
('146','oFnZ-t1jK-InxEDdbULArN1ap-j0','岚',null,'null','2','zh_CN','山西','大同','中国','http://wx.qlogo.cn/mmopen/ryInS4jYaj43GF3YfwicwwmiaI8vib2Z8UwIb10NC5r447d6f3hR8sNe0GXO6bGYtKZRawASqibKNKznAZaqwOumm7Ekeibj9Os9E/0','a:0:{}'),
('147','oFnZ-t7G3gIEFi3ZlZLNCdl-ZAzA','微( ^_^ )微',null,'null','2','zh_CN','江苏','徐州','中国','http://wx.qlogo.cn/mmopen/IYPkQ4TKlITyrs8ibnbMKoBt8YrRvXqUIPwAcvOhrJZ9pbbMGR08v7BSnl66Vdk0PHGK3oFib1XHv2cSydiaHic4bC1b3bnWSxicia/0','a:0:{}'),
('148','oFnZ-typXZk5LJR29JAIcL0IKrd8','寻寻蜜蜜',null,'null','1','zh_CN','山东','临沂','中国','http://wx.qlogo.cn/mmopen/IVBGfN6mdADz4FCTy6libs1DF3rTEZvPgo1OP0vve1Aib1iblWIcXjUMmM5jAKSc6LBGnekeC577MM613GzRRpHJzTWrFy7INzR/0','a:0:{}'),
('149','oFnZ-t3txUirdk3XUBTTWjjok7iI','一切随缘',null,'null','2','zh_CN','山东','临沂','中国','http://wx.qlogo.cn/mmopen/ajNVdqHZLLDE0pxEHO9AYU44CKHjY2urZeNySM0w8ny08PK9IRB3iccAGj5b1vLhjx23d3JZQQSuUc2Aib9cGvRA/0','a:0:{}'),
('150','oFnZ-t8nrLd6rPSEohlCVPToRmCY','鑫龙生物颗粒炉',null,'null','1','zh_CN','','','安道尔','http://wx.qlogo.cn/mmopen/IVBGfN6mdAB2iaG0u03l8tibUpprzLFbJN1JCJsiazNzpgdeMZGk9KxogQkh3pm78kr3sa8cU520K3jFibl157zs71MEl8qg4Vyx/0','a:0:{}'),
('151','oFnZ-t9w_9M8OB6_UprPiYsBiVZo','～莎-莎～',null,'null','2','zh_CN','山东','菏泽','中国','http://wx.qlogo.cn/mmopen/ajNVdqHZLLBA839Mw6C9uut2gXGDxHLFKhfWtwZ6Yc9MClj7y5NhjdRYjgYtaJLNUpRicMMgTm8ZVVyqyQaJKxA/0','a:0:{}'),
('152','oFnZ-txrX0wWibwlDJEJ-rtmiq_o','以后的以后15318598571',null,'null','2','zh_CN','山东','临沂','中国','http://wx.qlogo.cn/mmopen/IVBGfN6mdADz4FCTy6libs5LLa2Vh2Nxrt9ygwibIZYv9oU9hInNiaQZPkeu2dGynicD8AuFeJL0rQic70QuZdluFk6DvHzicy6T2C/0','a:0:{}'),
('153','oFnZ-t5NEDy9Evx8wo4fo9JIGCg4','及时雨。',null,'null','1','zh_CN','浙江','金华','中国','http://wx.qlogo.cn/mmopen/IVBGfN6mdAALv9G9uPX0vgmFictMMhz88p4VLGY1gAh0U0f1OsPT4dPssCCI51ibpEdLTy5HoXAqmCjp3erVcficicexB5644sQk/0','a:0:{}'),
('154','oFnZ-tx22DUY9miAf95W68xJ09Ik','一生@雪',null,'null','2','zh_CN','山东','临沂','中国','http://wx.qlogo.cn/mmopen/mOW261WJzibtQdeicgRd4holU4ks7TT5T2ud9vxIXTNQgbAoBCmRe6Da8zZicDD9UPF4ewyCibfbzPtjJL9Q0mKhgvtog0vPQMJR/0','a:0:{}'),
('155','oFnZ-tylW4nmO9nYXjkCMx0VwJeE','茹果…',null,'null','2','zh_CN','山东','临沂','中国','http://wx.qlogo.cn/mmopen/BGOzbkwMZib6x6bj0GYaUe7PiciaGUKyNXib9wpCdjR8ia87DyIasNIHOcIWyYicdkEJA8RuLHDDPv8L8q6UBGWZ4tajsGich0Amoyx/0','a:0:{}'),
('156','oFnZ-t5P9Mt_NKtDauTukt-jl1pk','艾尼麻麻',null,'null','2','zh_CN','山东','临沂','中国','http://wx.qlogo.cn/mmopen/ryInS4jYaj5ATk0yskSSG5pDGSX4DP7aictnA8NiaLxf2q0BucMchmns1xkXic6kT6teZ2JFLs0ZnMbSDqckAxpzIGcicdJiaGqxJ/0','a:0:{}'),
('157','oFnZ-t0ka2h3oGJgIHR8WvODMV00','小珂乐妈咪(BBU纸尿裤)','354','null','2','zh_CN','山东','临沂','中国','http://wx.qlogo.cn/mmopen/BGOzbkwMZib6x6bj0GYaUe7buYNsPwmfSibXF0Vqic6KDLAlw47VG2L4FG2yZ6ZuTAOibpg1sZ0vjjet006LuwK5v9PZBM8hhSp0/0','a:0:{}'),
('158','oFnZ-t9FlJy9SNLT_yo6BahZKn_c','超人奶妈～瑄洋',null,'null','2','zh_CN','福建','南平','中国','http://wx.qlogo.cn/mmopen/mOW261WJzibsx1v9lPw1lITcQBajUgAzaibxC01nCAoZH1t3zYDB3NapIJuKo6bfukvsBh3tenick7EEx1mFbX6fDad4hIZViarK/0','a:0:{}'),
('159','oFnZ-t-M1O_vfanXs7HAgOm1MJlA','哆啦只是个梦',null,'null','2','zh_CN','山东','临沂','中国','http://wx.qlogo.cn/mmopen/IVBGfN6mdAB1TtjvlWpJn2oKP0sB4KIyGspBjfEpzntaAjV8g0ZZxkojXTawnGLMj0FzkSJcA8HFkVHtwwvyhseocMalCY7T/0','a:0:{}'),
('160','oFnZ-t3fiGMjRQ0z1qCv-7LL-yM8','（婴米乐纸尿裤）说好的幸福呢',null,'null','2','zh_CN','','','厄立特里亚','http://wx.qlogo.cn/mmopen/PiajxSqBRaEIDKXfQiaTiaa1U8uKLlwYESwRjRvPP0PY17JpuxvbeyAZ9c31HSd5zeXSt4sztI5pBK7gey0hQjRWQ/0','a:0:{}'),
('161','oFnZ-ty4KSIOCzfEsQ-Gr3LDYQfo','小腰一尺九',null,'null','2','zh_CN','山东','临沂','中国','http://wx.qlogo.cn/mmopen/mOW261WJzibtQdeicgRd4hokCflRQIq3ThhWDGwPupF7R3VYN51iaNz5zqQaicZmjTP3xV3Spc8pia2BWw0VibodGcWSzXz5sQ1atV/0','a:0:{}'),
('162','oFnZ-tx87RYlYOiYF3IYynbZLRhc','杨宝英',null,'null','0','zh_CN','','','','http://wx.qlogo.cn/mmopen/ryInS4jYaj75xsn3je51UnTwp3KicfdW5ZCicugaU5JomVz0PNO5kjuxB6PT7QGLiaKrRpZGYX4JsWzNv9Cr2w9ytCqvtxLjGqs/0','a:0:{}'),
('163','oFnZ-t9-HeBJhDQDo5_gTqH70zZc','念旧，，，，，，',null,'null','2','zh_CN','山东','临沂','中国','http://wx.qlogo.cn/mmopen/Q3auHgzwzM5u2DPC0ndXJ8lSaAmcNibFaokPcPTLapWHul1h9OhWRVIicKdGuB8nnzTOagtHweB8NnKsOHhC3YAibeQPVPxJbsfYcmNcnOIL68/0','a:0:{}'),
('164','oFnZ-t4HAZLgN2T1hal7TQDJ4Xbw','宝儿@格格',null,'null','2','zh_CN','山东','青岛','中国','http://wx.qlogo.cn/mmopen/ryInS4jYaj5ATk0yskSSG1cpIboAy3R46GgJesmpibnbabhia8vJNfH5dQ3Giaoicyk0tNXOSjgWfPndz69VhashnSEAxg1k0C7M/0','a:0:{}'),
('165','oFnZ-tw-OGA5ZrFm_EjQzwI2Uuh8','Happy  Day',null,'null','2','zh_CN','山东','临沂','中国','http://wx.qlogo.cn/mmopen/ajNVdqHZLLCX5cbicRO6g8Pcia692yJictkC1O15FWMqNCJFdLOBiaX76lWicTPoOVa8GHeZCsMiboib7P9Aq1b8nEMEg/0','a:0:{}'),
('166','oFnZ-t08qfFI_c_fVzwSHp5bb_Wk','杨洋麻',null,'null','2','zh_CN','山东','临沂','中国','http://wx.qlogo.cn/mmopen/ryInS4jYaj5ATk0yskSSGyvxpJfBDTTFToEuibicoicDXGJ5ldgmw5q434P22ej3CcBQXTTm5cIWFBFgO2cE6vawCnMBwsq3Nfr/0','a:0:{}'),
('167','oFnZ-t24kVG_Joto4BP6vK0rNOGU','田晓',null,'null','2','zh_CN','山东','临沂','中国','http://wx.qlogo.cn/mmopen/Q3auHgzwzM60xibM7FWEtj8HviapMPSTTYO9lhsZepyjD6iaUaOvxGbK6a0z3rKPJnEibHMQvSyYiaY4Hn5mNAHaGGg/0','a:0:{}'),
('168','oFnZ-t05pV63JLTiNYzy6xeSnjT8','平安杨春清13356615113',null,'null','1','zh_CN','山东','东营','中国','http://wx.qlogo.cn/mmopen/mOW261WJzibsc8wW3icgqnP0yoG0VbRYshASXHqyz21I4wnpCuiccBa5t9waQfeEyg0jpZabBCqupFE6m01mDzf3w/0','a:0:{}'),
('169','oFnZ-t1StFxny-HH_U0OZ5nk35hg','路过',null,'null','1','zh_CN','山东','济宁','中国','http://wx.qlogo.cn/mmopen/WUskodhibQ5Qn1ibovIze5DxJFuxt57pDta3ZGsYbXUxUD4ib5MlDOVaFv9xuznTsOxAJZHQEVCbb6ArPx0ziaeiaFs8xrRGlXe04/0','a:0:{}'),
('170','oFnZ-t7WyzvGUDoe49L3dqDkR0FU','姐，不是你的菜',null,'null','2','zh_CN','山东','临沂','中国','http://wx.qlogo.cn/mmopen/mOW261WJzibtQdeicgRd4hojVadVXpkvD8xiaEmQQSpKUrJkWaxOSRezJalQow5LfS7x6TxfLtabvDOe3QWlNzTwLUQOhFg9nBP/0','a:0:{}'),
('171','oFnZ-t2TsxKBP9ETlQbrBtsErkpg','永丰家居代理___慧慧',null,'null','2','zh_CN','山东','临沂','中国','http://wx.qlogo.cn/mmopen/ryInS4jYaj7ibFUYz5RXiaOfNCPogAY7icJcrW1tEaF7zsfQZOEuefkicQPzfFTdRnOBNtWlL40XgfgTNM6V7wqEOHnibqWrpjytR/0','a:0:{}'),
('172','oFnZ-t8lGVCiZZbz9qReVHnI4XM8','笑笑',null,'null','2','zh_CN','浙江','台州','中国','http://wx.qlogo.cn/mmopen/IVBGfN6mdADz4FCTy6libs5ZF3sDqibibanOcZEhONhbSBmVjBGbeDiahKZpe4ic6goxD1buVuQqEic8TvYun4gLnPtDB5dSBnWWoM/0','a:0:{}'),
('173','oFnZ-t_il8ec9RA-td30FZgX37SE','AA菲凡尚香美容美体养生会所',null,'null','2','zh_CN','山东','临沂','中国','http://wx.qlogo.cn/mmopen/mOW261WJzibtQdeicgRd4homkslvnARO1CA1wDoQStVa8tP8EqBeQ9D9Pln3ljcbfysvJJo8bWZaJqKlD6OgkYwKiaavicRAV7qD/0','a:0:{}'),
('174','oFnZ-t2lWX5B2SfkCbvHxANBMgMI','朵朵宝贝',null,'null','2','zh_CN','山东','临沂','中国','http://wx.qlogo.cn/mmopen/ryInS4jYaj7GoxabV0WkB5EoucXEUl2kkIV1aPBqeZ9mOuCdXrZXgYbicALOTpoRvWATyIyAtxzeXzqrwMVVxj2OWAd0qsfGP/0','a:0:{}'),
('175','oFnZ-t3C6A84ggXsZwezxdkckdXU','新欢以去，旧爱难寻。',null,'null','1','zh_CN','黄大仙区','','中国香港','http://wx.qlogo.cn/mmopen/BGOzbkwMZib6x6bj0GYaUeyP0IZNbYqTIicghPIgfqnvVXvrznWhXo4DEULSblo2q61At6Hib7hcoyFlTUlibe3oKia3x1cbEfqvT/0','a:0:{}'),
('176','oFnZ-t7KkirryvnHMBWXWlFTdCcw','梦鑫妈',null,'null','2','zh_CN','山东','临沂','中国','http://wx.qlogo.cn/mmopen/ryInS4jYaj5Yc9RsccoXBX9ZnLUnkiaPXsxMm17Sf9gIkGd7KqEkQ4ia7qRK9sBtkaTwUaHnWRQrBFVEKcEudD8a7dNqwsFc1z/0','a:0:{}'),
('177','oFnZ-t9YZnJB-Y4E8KOKFKxA3Uzk','peaceful',null,'null','2','zh_CN','山东','临沂','中国','http://wx.qlogo.cn/mmopen/IVBGfN6mdABXmj4B4vUqsrUo0OLkPrRBNjyaah2PINQzzG15LZn5QvfWWFtkGcsv767IC2BJv6icfiakYLctf8tQ/0','a:0:{}'),
('178','oFnZ-t_iH_OAuXZ01FuXvPBKX0zg','宁静志远',null,'null','2','zh_CN','浙江','金华','中国','http://wx.qlogo.cn/mmopen/dCdkV71JLic4hICGFYFia1Bxz5kibvthzG7MfEScLcwBiavYlUvtcIRFBXmeAhpZmtib032LSAaIJdM3BJUCZL5dAS1wqOjdJ6gxR/0','a:0:{}'),
('179','oFnZ-t_T9hHa-MvVgRpitSuGzYEs','未来星',null,'null','2','zh_CN','山东','临沂','中国','http://wx.qlogo.cn/mmopen/Kwv0ftVtB482zfb8hMhsh8uc6NTZ8yUjs4z258lPlj1icTBtWUNcw3kjf4Th27ia4HfZiaaUmSe8mTeNRMwDhX3ey1R62ACT2kq/0','a:0:{}'),
('180','oFnZ-tzHF_TjOEASN83L_T4yjASY','Shrily',null,'null','2','zh_CN','浙江','温州','中国','http://wx.qlogo.cn/mmopen/ryInS4jYaj5ATk0yskSSG1QDXgPfTllvZViaOHfDUVY7Fpvqhvev1GyqgO02lrXfcamsn4XuomFQYPcKYFaZH1I7WSicRaNdgl/0','a:0:{}'),
('181','oFnZ-tyHqbfelCCOX55nkbEGdMdY','百合花',null,'null','2','zh_CN','山东','临沂','中国','http://wx.qlogo.cn/mmopen/IVBGfN6mdADz4FCTy6libs0jVjcSyrNkdyvBNUIDHRJwDL9KqLSLy96YFScnYmoCVZIeLyZhjTkibF5rQicYaJGeTSeEs2qbnVx/0','a:0:{}'),
('183','oFnZ-t7LZpteB7VUWLCTGnszxyxA','金三顺',null,'null','2','zh_CN','山东','临沂','中国','http://wx.qlogo.cn/mmopen/ryInS4jYaj5ATk0yskSSG9SwQwcGYC5NNsAMosBmT6tPooww7KyAPGTS7QrUuSwJYgGXVk5InLeOicC9J07joPz0EP9tv96hW/0','a:0:{}'),
('184','oFnZ-tyzKe6Xffe1UH9hmpKnUEZI','K·M',null,'null','2','zh_CN','山东','临沂','中国','http://wx.qlogo.cn/mmopen/ajNVdqHZLLCvQ5LZt0GZdn47j16QglhbHyH6XuUZohb0S6fqykxl2XiazEibVSkIm5ic5cRnT4JbFXCEPMhJ2luyg/0','a:0:{}'),
('185','oFnZ-tzIgshSGsDBG7QeTuGVDmaE','A杉儿',null,'null','2','zh_CN','山东','临沂','中国','http://wx.qlogo.cn/mmopen/mOW261WJzibtE9iaMT1KBGRe3T3JYujjxp1Ugw8X1Dq6dGGCRnmLZhlnfpaTmHQjKlUxa5wY7BNv4Qq8dEkltPjg/0','a:0:{}'),
('186','oFnZ-t0SNepHYuH7OnfLeF6g22gg','Linda',null,'null','2','zh_CN','巴黎','','法国','http://wx.qlogo.cn/mmopen/IVBGfN6mdADz4FCTy6libs3jq9PVjoxF4leO8WGiaCgaFRwNe5EM21xVtRuwc6TVLAU11M9gIEF29et77vScu1ibCLW2hBwEH7Y/0','a:0:{}'),
('187','oFnZ-twbzEohm3kugedrsbhyfIiU','闹够了没有',null,'null','2','zh_CN','','','波兰','http://wx.qlogo.cn/mmopen/ryInS4jYaj5tvepazJtGl1icAgtYFSL9cxteDSmQbrTcWK0PLRiaKIDC2bPA7pfKmy3cQQKP9wMI3lW4g48NgSiaRrNdo8A3RZp/0','a:0:{}'),
('188','oFnZ-t0EeUEqjADL46m6WVDDgtTU','mint',null,'null','0','zh_CN','','','','http://wx.qlogo.cn/mmopen/ryInS4jYaj54XzryynrQggCPIKF0OUGIATP5jc3lRD24jbFpt8c7owfd197iaafvc2tshf2u2QaDVyummGKxCRsBl6QGfQLib5/0','a:0:{}'),
('189','oFnZ-t4K0A5IbBxAPVVnyKx-2aOM','慧姐',null,'null','2','zh_CN','山东','济南','中国','http://wx.qlogo.cn/mmopen/ajNVdqHZLLDsUyGIlic2riaYqW3eg3EHibEEzOIYKIXBBr59UAnd7iaibnjLWxNCwpWmMNv6WB2nTFGpcrPLjECM5knqtMUrCQ7aqrT5tjSGJJ9k/0','a:0:{}'),
('190','oFnZ-t9p0H-OvDiZ1HVXASnp23hQ','靖靖',null,'null','2','zh_CN','山东','临沂','中国','http://wx.qlogo.cn/mmopen/IVBGfN6mdADz4FCTy6libs3D9lNSbqXdBV9k10kiatqYBDnjUane73IIopeW8KmMh1vfib93cx24lZsDAvongjUN5vXvGgZ2rAa/0','a:0:{}'),
('191','oFnZ-t9W0A5fzk5GP56yIpOlqTmU','静儿',null,'null','2','zh_CN','山东','临沂','中国','http://wx.qlogo.cn/mmopen/Kwv0ftVtB482zfb8hMhsh2ubia41mb46MZJTtlr74SoAIz6sJiaAwOPghITaCsudbEhc838f0f138ne2m74KlHlsK9UBWZa2Yx/0','a:0:{}'),
('193','oFnZ-txy7xOeyWmdWyEGGpevceM4','Abloom疯狂的小白菜(暮色天使)',null,'null','2','zh_CN','','','安道尔','http://wx.qlogo.cn/mmopen/PiajxSqBRaEJG7Rske46BLaacicsHxVKk4SyNH8eibStaMhUN3BFUdVib7LkYNj9WhsEn1dsJHnko0GsInr4eRXic9Q/0','a:0:{}'),
('194','oFnZ-t80rCAERXM-O-oW5JrRRYaY','峥',null,'null','2','zh_CN','山东','临沂','中国','http://wx.qlogo.cn/mmopen/IVBGfN6mdADWkkpzAH74brR9ZuDG9soeXlzzR87DHRgq2UUkw2y5I5agicHae02EgEbYOfHxDGJbLIqZ7GEGWyj98ibndnNsJq/0','a:0:{}'),
('195','oFnZ-t978dYewiRHV4fttkpigbOw','F%M',null,'null','2','zh_CN','陕西','安康','中国','http://wx.qlogo.cn/mmopen/ryInS4jYaj4VOAbUlGhSLN0YGQeUofticibcxIVw7UPvh6vWZyGYl5b0LnAztOTZ2RPSYWUCO4soxVAUs2MgzJMnibD6mTeN7mY/0','a:0:{}'),
('196','oFnZ-t_5TkpG2kSPx8leEIPF2_mE','形同陌路',null,'null','2','zh_CN','','','安道尔','http://wx.qlogo.cn/mmopen/BGOzbkwMZib6x6bj0GYaUe2B4olnwNicic1HXRTsjmibeBAr2BgMzs2jZBAG2oytFpjDmHMYbocO8zjno1o80H16ZY6YibtxOicrDr/0','a:0:{}'),
('198','oFnZ-twpGastoNTQmSI1-7ZrjIWc','微笑～',null,'null','2','zh_CN','山东','临沂','中国','http://wx.qlogo.cn/mmopen/mOW261WJzibvypibc8rXiaQ4l9nYhKhPBJygiciaeznMoYav4QV0R6CWUEPfOcibzCXe9tv2IB0KfiaV1m44BHib2JSeWg/0','a:0:{}'),
('199','oFnZ-t3l5ZBwevYjL7MmxSdwo--Q','石头妈',null,'null','2','zh_CN','山东','临沂','中国','http://wx.qlogo.cn/mmopen/BGOzbkwMZib6x6bj0GYaUe7BnLZRQ3DMOTEKDyXFibuzvN0OYQUibzueGtYmIRUuo3qbUkhppXiaSiaS3mT6zQOy7cFfo0dauOlg3/0','a:0:{}'),
('200','oFnZ-t69YROf_DXxzVkYRh-Umb58','富康',null,'null','2','zh_CN','山东','临沂','中国','http://wx.qlogo.cn/mmopen/Q3auHgzwzM6yAkn5phCJzOkx3jkrJsCia9z16hprnkIu3NCedDkozzBhcgw5I2FBiasAVicFFgwTe9DXr5zUsLVeA/0','a:0:{}'),
('201','oFnZ-t7fy_ugvCrJ7tNqTXJHecXs','大宝',null,'null','2','zh_CN','山东','临沂','中国','http://wx.qlogo.cn/mmopen/Q3auHgzwzM4uYdwuWiaVicfCu0up1UHQOFJrYfe8HozNdzHtVjfLLEkwg91OzGWm3abOel8OwnAkhO29UqHTKDg6an6aJ0bc8Y7ujabXy6PTk/0','a:0:{}'),
('202','oFnZ-t91b5Aymihl625xDVyLJAn8','生死相依',null,'null','2','zh_CN','山东','临沂','中国','http://wx.qlogo.cn/mmopen/mOW261WJzibuh4oDyO9TN7ZicPUB3PHHaHbUZDuoIoBuMPQmwjLMG8EEpyoLDD4gRosCFtFg6cCO1K8DXv85G5Ag/0','a:0:{}'),
('203','oFnZ-tyOoFi6aB-w5HobYvBbC90I','果果',null,'null','2','zh_CN','山东','临沂','中国','http://wx.qlogo.cn/mmopen/IVBGfN6mdADz4FCTy6libs9SNpIEwNoESOFScaVy7CwS3HmdTlrqVGXqopgMf6X7aZ3xbvtiaHx3tOunBlC226FBDz9MpTpyyI/0','a:0:{}'),
('204','oFnZ-tzP4-MZhKMJLjhovwLqrD1M','吉祥如意',null,'null','2','zh_CN','山东','临沂','中国','http://wx.qlogo.cn/mmopen/ryInS4jYaj5ATk0yskSSGicRiaDAyHGNQD2sDWCI93wZ6M9JQ4FOUUqueeNCu2sBtEg7sv2IRkQpHCRJb1tRPhE21icqGbb2UjH/0','a:0:{}'),
('205','oFnZ-t_MpAem9QVhOuVG2jJAvfkg','陈立明',null,'null','2','zh_CN','黑龙江','哈尔滨','中国','http://wx.qlogo.cn/mmopen/IVBGfN6mdABfUz5bNqURGib2azIQqeWHQDAJIJyxbuFeHklyePhJvhHCWuFxZAMDhhZNo5CvC8kLEpljTy5iaXtlmmRPKeam7T/0','a:0:{}'),
('206','oFnZ-t8BIT5Kkc4qRcNuq4TROXiQ','佳佳',null,'null','2','zh_CN','山东','临沂','中国','http://wx.qlogo.cn/mmopen/BGOzbkwMZib7LJa30KphqwWpib7UKBpzOP6T0wE2nyXNJX6Tba5HZnOAnGzZBny9Mr8htRxRAAM2a2jI9nR8fD0Q/0','a:0:{}'),
('207','oFnZ-t_Ecz1NhXdAyuoTxUkYpbLc','仰望巴黎灿烂落日',null,'null','2','zh_CN','山东','临沂','中国','http://wx.qlogo.cn/mmopen/Kwv0ftVtB482zfb8hMhsh8zqBMOppWLUTs30meFVRC632fhWxJyp4p0kkhZY8EQeQXQ2dUBWN6KYm8MqqoJLDVh3u7Ta5Xbl/0','a:0:{}'),
('208','oFnZ-twhexxZ3C9-VneyKIIAJvKs','物语',null,'null','2','zh_CN','山东','临沂','中国','http://wx.qlogo.cn/mmopen/ajNVdqHZLLBYM7epLa4iaVPIcXtTrgOSFMprZ04QVXvzxMzlUTcU6LDe29mTa7GJBhtWwSO4ojGA04LSA5ibha1Q/0','a:0:{}'),
('209','oFnZ-tzxEbA6u6L4O3g-H6GrDx8g','sμnshine 。',null,'null','2','zh_CN','','','冰岛','http://wx.qlogo.cn/mmopen/BGOzbkwMZib5rsXdTGXZ0LyPV0Fv6ChJVEnmXsCgJeR2YDeAzCOAOtyyBic2ypr8TxdBMY1uDGFcntCczMucYmHA/0','a:0:{}'),
('210','oFnZ-t3Vf7YzjzJe705O0XL0i8oU','瑞天彩家纺~刘芸',null,'null','2','zh_CN','山东','临沂','中国','http://wx.qlogo.cn/mmopen/IVBGfN6mdADz4FCTy6libs9llOc8lyuZeviceVDnxJ9SKak6L5l6Pew8mI4ib4n35rlMoL4g6I2ywVAh5Fcjn0heSsicpeXbhpkK/0','a:0:{}'),
('211','oFnZ-t9bKqie7IenA7rLFx4aKUEw','^_^',null,'null','2','zh_CN','山东','临沂','中国','http://wx.qlogo.cn/mmopen/IVBGfN6mdADz4FCTy6libs1XhTrMOgWhOjdUgUCZPdu0ibX7DRADkEXpIQBF8aT3a9tMbq7LZIjX5s3JEWVXXH0NxOTS4ialsbq/0','a:0:{}'),
('212','oFnZ-txDTNb7ohwX337qunELj8Rk','申春',null,'null','2','zh_CN','山东','日照','中国','http://wx.qlogo.cn/mmopen/IVBGfN6mdADz4FCTy6libs52oapFicIHpKWILOblazn82o4seoBapZbSicTgS2DgialO7uRn7J4iaCL35XJ0Oic30fzzlIibbprKRHg/0','a:0:{}'),
('213','oFnZ-t-JyNBO8JLU_kMgmDbRTKdE','风铃草',null,'null','2','zh_CN','山东','临沂','中国','http://wx.qlogo.cn/mmopen/BGOzbkwMZib45lNkGSwrvbPngFUeSYtHc795HkA9WJjq8Qa82FLRib63YHFq4HPxaTBB0omANRQVIGRzT2VekQJ1DjzUVLSQQK/0','a:0:{}'),
('214','oFnZ-t4pah283SUF4Pd7XKukE3Qk','素颜淡妆',null,'null','2','zh_CN','山东','临沂','中国','http://wx.qlogo.cn/mmopen/Kwv0ftVtB482zfb8hMhshibIGBcWlfcZ1ZoAuLGqm4g4FgRAZ0QrT0FKFYicupdFj2HSFXzOqyLWOmkYOKWWiar0pIU3keKFAAt/0','a:0:{}'),
('215','oFnZ-t9lGe4sYPDyzCOdne1G8zlY','莫离*幸福',null,'null','2','zh_CN','山东','临沂','中国','http://wx.qlogo.cn/mmopen/ryInS4jYaj5ATk0yskSSG9Xo5NenFbRF8icJS9ZtplH2ROGyDCQZ0ibKHia8ibdoCPBuvwKZe3QPB4s5ia4qrAbqhousHbicvoFvVL/0','a:0:{}'),
('216','oFnZ-t9Jh1l15hej5zCQFO3nCc6Q','甜心宝贝',null,'null','1','zh_CN','山东','临沂','中国','http://wx.qlogo.cn/mmopen/ryInS4jYaj5YZ6pPcj8JdmMVAFYibeLoaVFahTqYshGveO222tzuBwtRntXtHNAibx6iaxDFBTC4sGzEZ4zYbsg7SBWic6vELaMA/0','a:0:{}'),
('217','oFnZ-t17doFctyKPaCRr5P3zQtBc','萌哆哆°',null,'null','2','zh_CN','','','阿尔及利亚','http://wx.qlogo.cn/mmopen/Kwv0ftVtB482zfb8hMhshicnrzRVSvEZe9l0IBuQcRPvvkKNyIJ8qqibLRK2jDpNLXkdQE1eohU1TcOUHwFtsXxGAqLPia2Mj0J/0','a:0:{}'),
('218','oFnZ-twWYG0zacJnnB8_ddvGl_gE','℡懵懂旳青春',null,'null','2','zh_CN','广东','深圳','中国','http://wx.qlogo.cn/mmopen/BGOzbkwMZib6rTlaeic01wa2KCiaGyHm3O1R0MhMG3Q8icq0W27xickOQ0Gjtt1K5z5UurhLhK4w6eEbh3PMnyuS9BlGuy82e5UBP/0','a:0:{}'),
('219','oFnZ-t2tXYCCd_649V4Syuhu3r8g','老好了',null,'null','2','zh_CN','山东','临沂','中国','http://wx.qlogo.cn/mmopen/BGOzbkwMZib6x6bj0GYaUeicfVnzCt7PMgBjmGic1jibvwqzlku4ocuZbZQf0v3CG0OqPmIs6BPjHC1LXxeIvlla6nKGBiaEEcVrv/0','a:0:{}'),
('220','oFnZ-txZrUuY3t6NJBXB_tHOVWRY','芳芳',null,'null','2','zh_CN','安徽','宿州','中国','http://wx.qlogo.cn/mmopen/mOW261WJzibtQdeicgRd4holOUjS90Yb0jsrhTA0iaGMuyhNwfpZ2uxmSSicNb9T5ua9k9AAU7VQjwtW81Hib15IlWe2nKCaKxqPia/0','a:0:{}'),
('221','oFnZ-txFd9Wt0BmyWqrXQxjLCpzI','一帆风顺',null,'null','0','zh_CN','','','','http://wx.qlogo.cn/mmopen/ryInS4jYaj5G13DBQB7TibFyRjNmubNKzxmibUaYoQjaQh0LdDuX5ZB4voCv0HPK55ClOsQHKIzxhhoOOnybjhOWZWQwoYsp28/0','a:0:{}'),
('222','oFnZ-tyGRiq3tKmlsn6XUz3tcXD8','绿色薰衣',null,'null','2','zh_CN','山东','临沂','中国','http://wx.qlogo.cn/mmopen/BGOzbkwMZib6MVXodAh324bemXWBcPczaQF6SBbxl4Jhxuplhj25DvYI3kvCqu7DvkUB0AiaAxWzhsOl4wn7YdTA/0','a:0:{}'),
('223','oFnZ-t3i2w_9IjQokqE8O1lBU3L8','成艳美好生活',null,'null','2','zh_CN','山东','临沂','中国','http://wx.qlogo.cn/mmopen/mOW261WJzibtQdeicgRd4hooRm1AlDicHMySX3icxgDFbW3PqOKtO5scxlGq18hDGQKicSicWzHscUv88zKKZF1b69UXSArzTOX3ow/0','a:0:{}'),
('224','oFnZ-t7lGdAJ3fZ3bsp1FaXkomYA','烟圈先森',null,'null','0','zh_CN','巴黎','','法国','http://wx.qlogo.cn/mmopen/Kwv0ftVtB482zfb8hMhshzrOWArl3TGJfMx43ZmDibk6cvMuNaiaw4UNLMibafTHMnccyXAzhZkYb2pJnljEgFk9I2e5SNctTf3/0','a:0:{}'),
('225','oFnZ-t1i525gJXHX_46F0JkwLx4g','可可西里',null,'null','2','zh_CN','','','肯尼亚','http://wx.qlogo.cn/mmopen/PiajxSqBRaELchxpTsE6GUCGDqIHNBDOBqhN7bWaW4dxYyzib6eBPHPzEs81KK87CMLMQRsKJP22QYkSPnVJ2gsw/0','a:0:{}'),
('226','oFnZ-t2PnoYjQKghzbhSVySqVitM','鲁海玲',null,'null','2','zh_CN','山东','临沂','中国','http://wx.qlogo.cn/mmopen/mOW261WJzibtQdeicgRd4hoqyBfnHGzBh96vhicmvfU9GBTByQ9pMZUQ2wVgoohbcgfaYiaQkqgXHQpFKt3WeksHR0dNdRfxmaCc/0','a:0:{}'),
('227','oFnZ-tz5rAniix-U8nri14YHskA0','A辰柯家韩妆 光宇漱口水',null,'null','2','zh_CN','山东','临沂','中国','http://wx.qlogo.cn/mmopen/BGOzbkwMZib5w64n3zJeEP0mN2s18exNwpgP1v9PnJpMKWCvla0YKOI67FQFIzYicibvdCxj8uQiauXkBYCdz1Fmh3ulbxic8WpPK/0','a:0:{}'),
('228','oFnZ-t__07beqTTI_RodiIONcK6I','闹闹麻麻',null,'null','2','zh_CN','山东','临沂','中国','http://wx.qlogo.cn/mmopen/BGOzbkwMZib5EBoaq2l8lDrib1pCgfIM6myHgMMFicFWVHric8uPbEQz18jx40EQ8ib61RdgORPL2aUyQrglqVKAJRO5c9rJqZictY/0','a:0:{}'),
('229','oFnZ-t5XMwP0aAX4ef4xj7wC3KJU','别来无恙 i',null,'null','2','zh_CN','山东','临沂','中国','http://wx.qlogo.cn/mmopen/mOW261WJzibtQdeicgRd4hovwDVsxxEZyZ9DJnpMOhve5x20KKBVX2VSKgVw7suw2a6ibppoF8mU2sQhuUcvVTkNQydPeBSc30U/0','a:0:{}'),
('230','oFnZ-t5B6lR-IzzPD-lZ0FjIT-0M','','330','null','0','','','','','','a:0:{}'),
('231','oFnZ-typWYjjXk6Oh9XKywKoBFNg','周虹',null,'null','1','zh_CN','山东','临沂','中国','http://wx.qlogo.cn/mmopen/PiajxSqBRaEIaTzSnoTN2PeZCjibfbF2QiaCrRicNVsjcONcMxNHyfd2mriaibq1OD4jpHs8AaFK5E5JsnwLJS245Plw/0','a:0:{}'),
('232','oFnZ-twTTjekieuLcFLMga5rJ56s','半抹笑颜',null,'null','2','zh_CN','山东','临沂','中国','http://wx.qlogo.cn/mmopen/BGOzbkwMZib6x6bj0GYaUeicV2AMeNvicZj9VI06JNVE00licg9rCokYB7UJ8BmfYswRVWvA43wRuhT5WXET55Q4CuicDtFa5Z0BC/0','a:0:{}'),
('233','oFnZ-t-Y7QjwnCMewcYkk7Ar365k','','331','null','0','','','','','','a:0:{}'),
('234','oFnZ-tyaWO8LeIWLbXyWVJyCP1qQ','雨⛱V.V nai l ®',null,'null','2','zh_CN','','','不丹','http://wx.qlogo.cn/mmopen/ryInS4jYaj5ATk0yskSSG1Ha3whaMDfU0c5mqIHmYEFzSyMmicyyicN9ibuApvSXZ5qmHIxODD3cicTsU97CyuJYO5tzTnGRQSSI/0','a:0:{}'),
('235','oFnZ-tztNPu62rdofnrNe92PYdf8','微微',null,'null','2','zh_CN','山东','临沂','中国','http://wx.qlogo.cn/mmopen/Q3auHgzwzM4uYdwuWiaVicfCu0up1UHQOFxfNCFBwY7rvqGOdYftzL6pM7DoCyPOVLJewQHYHu9wPlicliaXhtqBOAnI8MGn9bQqodfY0X1ibdT0/0','a:0:{}'),
('236','oFnZ-tzsZEDDhGTq5PJsgnVzwSek','知足常乐',null,'null','2','zh_CN','山东','临沂','中国','http://wx.qlogo.cn/mmopen/Q3auHgzwzM7hb13lWibferlunesU9CbgSLEFTFmADlCTpVd63mPt42yF3O42q7N6Gsh5W9Tyc24wV6IzMibL22Qg/0','a:0:{}'),
('237','oFnZ-t1ukD25bMS5KV7qJMFpbdEI','三味',null,'null','2','zh_CN','山东','临沂','中国','http://wx.qlogo.cn/mmopen/Kwv0ftVtB482zfb8hMhsh1uxTDDabEaEAhkb4CTtNUOPqmRhv6ss1HpxtuPialuXsRULF0ianEHmUe13vg4eW0WVibenFlIpiaev/0','a:0:{}'),
('238','oFnZ-t4c8dfX4GekoZwlyFrrzkec','',null,'null','0','','','','','','a:0:{}'),
('239','oFnZ-t78upxmWPPn3Tfx9yk3Lj_E','人间百味','403','null','2','zh_CN','','','','http://wx.qlogo.cn/mmopen/x81XLiaGrLgYZy43XAd9HQNt0vdrtDnboAwLnjrodfKQQbsEIibMvJNQ05y6mmVwgcZNKgRFem4xuGrEmxVT3q1Tmlnvxic89oic/0','a:0:{}'),
('240','oFnZ-t8_u4AF6gWZN-0rB1OWQ3Pc','亭亭','332','null','2','zh_CN','安徽','宿州','中国','http://wx.qlogo.cn/mmopen/IVBGfN6mdADz4FCTy6libs2vV0C3v43dC3vvJNxJurlO1osbcw96ibzXKAT4jVslzoYXzGNfuYokmleDrU4cyF0Dtbib3CuUKgI/0','a:0:{}'),
('241','oFnZ-t3q1CWXB0mDIPMatiBUzgqA','',null,'null','0','','','','','','a:0:{}'),
('242','oFnZ-t1wK-9V_qvtoG47hOnc8Prg','',null,'null','0','','','','','','a:0:{}'),
('243','oFnZ-t3_ICJleaqutJT2bXbH50NI','',null,'null','0','','','','','','a:0:{}'),
('244','oFnZ-twxeQKy6jBvpHUKVCe_AJ98','洗车养护用品（秘制腊肠和肉）',null,'null','2','zh_CN','山东','临沂','中国','http://wx.qlogo.cn/mmopen/IVBGfN6mdABzZyecKBcqwkGkskfsIq0MEickZfv1zySicTcEbBaWNHgjAficY0NWddtlqwdVBTj8S0GxRVOonoyEPKcJAT5nvox/0','a:0:{}'),
('245','oFnZ-t1yzwy0nGCXpEaAtIcy-UvE','',null,'null','0','','','','','','a:0:{}'),
('246','oFnZ-t6LMEgon7GGvy-9orBICcss','呆瓜바보','334','null','2','zh_CN','山东','临沂','中国','http://wx.qlogo.cn/mmopen/ajNVdqHZLLAypoczz9hSD325dLacQhOW4YsjQa2sTsJWb2pZbd30vzccObAHcdjibYM8Ece99NwUFekPmPRLoHG0qLSbOrQUaA4KpibsE1OUI/0','a:0:{}'),
('247','oFnZ-t8RLHEuWiEL81NEsR3DUUco','心想事成',null,'null','2','zh_CN','山东','临沂','中国','http://wx.qlogo.cn/mmopen/BGOzbkwMZib4QKBGKOIt7YRhQ78bv8ZQEX5jvW6bbAI3qXFibPb9iaBR4CJbClcyIcKibtkibDlqx8wrcuM9mJHEaDQ/0','a:0:{}'),
('248','oFnZ-t8BAGUQyEh2FYCm5GGa447k','coco',null,'null','2','zh_CN','','','乌干达','http://wx.qlogo.cn/mmopen/BGOzbkwMZib7jEsMiau4d0XesVV0DtoZZuPIg3CNo3GGcwjRr7JrFClIvLLLaT8KwE5A7N8q3vW2kN838K0yicCaASwOqSzLbR1/0','a:0:{}'),
('249','oFnZ-t-_zd7WbgnKAqOCPaIN0QZs','AA萌家小铺。',null,'null','2','zh_CN','山东','临沂','中国','http://wx.qlogo.cn/mmopen/IVBGfN6mdADz4FCTy6libsydBfBL961MEDmLT9iaia2NVnLvjvE0E0mH4wnuiazjhrPLgkekjf0ialJgJ5efkPkGWJfTpWAXkgRaV/0','a:0:{}'),
('250','oFnZ-tw_3wFmqASutMrzBN45rtmU','私爱美袜《女人街c067》',null,'null','2','zh_CN','山东','临沂','中国','http://wx.qlogo.cn/mmopen/IVBGfN6mdADz4FCTy6libs0bCeMicK0y1s3rZ8cqt9s5a5sx6sv0fQ443SWlib8h6YhwWKwY112hpsAe3wg8PkU4miatNDYiaIpicK/0','a:0:{}'),
('251','oFnZ-t3fbSv6kBE2cfutObVtwkiU','小颖','335','null','2','zh_CN','辽宁','丹东','中国','http://wx.qlogo.cn/mmopen/Q3auHgzwzM4uYdwuWiaVicfCu0up1UHQOF46qa3ILsTo82SvpLt38ZjQPXRepiaOUN6Wib0COEGf3gLLnt3eh2uyePl9kL59Q7rvSAnLhCfn4UU/0','a:0:{}'),
('252','oFnZ-t-LQMzL4ZKtvDYDhiKoXSGk','微一',null,'null','2','zh_CN','山东','临沂','中国','http://wx.qlogo.cn/mmopen/BGOzbkwMZib6x6bj0GYaUe5ogh7wQvibC91IY2FR5sgPcDL9jjoVQxIky4gfeq8YMvEZzJvVPbykg4NLaIiamp7qFmJE0KQ5uvh/0','a:0:{}'),
('253','oFnZ-t30doG5POblgBoHNcYT7KI8','美丽心情',null,'null','2','zh_CN','山东','临沂','中国','http://wx.qlogo.cn/mmopen/ryInS4jYaj7B0gzZJDzAiaSnD8Cz12EVHxS1piazghEzFNANl40XdRdWl3LtZZSTBlx4Ts1PcCwYuVPKibbqFoSmgsPXJE64moq/0','a:0:{}'),
('254','oFnZ-t0MsVOvGuMswvWX9jTv9-Ys','你我的约定',null,'null','1','zh_CN','山东','临沂','中国','http://wx.qlogo.cn/mmopen/BGOzbkwMZib6x6bj0GYaUeyJWo8qDSKgVqDI40IvRdUpyiavvkoXgJOjia1vT2RIwXOGAbG4SFqfZHzYQXa3GqnX4CeBvpkibsbH/0','a:0:{}'),
('255','oFnZ-tymOqaLrgUE2LZPaDVhUra0','理想  生活家居',null,'null','2','zh_CN','','','安道尔','http://wx.qlogo.cn/mmopen/kL60YXffrOibeJXPHSlxLEIXJwbnyjFMpAxcSaDibRCWPrwvnIYnBebRuf1rFGzIXabkYfRbu9ibIMOGqNBtDYJIgL2ewyP2fZF/0','a:0:{}'),
('256','oFnZ-t0u0BE0okstsIa6RCcdxabo','庄小庄',null,'null','2','zh_CN','北京','海淀','中国','http://wx.qlogo.cn/mmopen/BGOzbkwMZib6x6bj0GYaUe48DVJde4JN2ib97T18ibSNt9CMlw0X0vEtiahgYUajYicLTsQzoPTbZ5SNE2xtO6TcHIZDJTnFYmoRY/0','a:0:{}'),
('257','oFnZ-txEL0VuZxvirFNQdOy1osKw','赏月',null,'null','2','zh_CN','山东','临沂','中国','http://wx.qlogo.cn/mmopen/IVBGfN6mdADz4FCTy6libs9aUmtPguLAquL1H12ib0x2Y3qhhcmFNzXACvGuf73L3icsncaQtXI6sOGkyBbXFNibBJnTU0EnjcrM/0','a:0:{}'),
('258','oFnZ-tyMlMM-0Ascw6MDTQmVdt_o','浅浅的微笑13573970162',null,'null','1','zh_CN','山东','临沂','中国','http://wx.qlogo.cn/mmopen/IVBGfN6mdADz4FCTy6libswD6QCsvDBMMibbLtpIuKBzicR4LYvWUbWXaBtxszH6NCtIpx5dmossILw5vxpicJxDP3x0RbNChfBg/0','a:0:{}'),
('259','oFnZ-t9gqGFCrxOCsPWlh0u2SQO8','➰转眼一生转身一世，',null,'null','2','zh_CN','','','塞内加尔','http://wx.qlogo.cn/mmopen/BGOzbkwMZib46gO6LZ24gjr7dzGWwnRhOnhooh2LUnYLN6m1oekF2VnEOZxOhG6iaicfzX2B7qqemGkkicm8KCMr9w/0','a:0:{}'),
('260','oFnZ-t8dzEw55bXDBCYcd-XH8Tuk','嘟嘟','336','null','2','zh_CN','山东','枣庄','中国','http://wx.qlogo.cn/mmopen/ryInS4jYaj5RXjdibB4u9O9EiapLKtoZdfq7mACWgwr04MReUDIpicBoXGs2ujRn908SD2Hr28m6K8Yzy6rAEVe0FpFN1ic96oZt/0','a:0:{}'),
('261','oFnZ-t5ClC5Sby3DcjF96zabLpXY','釹王','338','null','2','zh_CN','山东','临沂','中国','http://wx.qlogo.cn/mmopen/ryInS4jYaj5ATk0yskSSGicqJL4PhlA3P5RrwfPs0bn2jZlugOVTwMLiaicdU11AGp6AjeELViaRPmKXUg6IkwhFyU9HAxJbeQR8/0','a:0:{}'),
('262','oFnZ-t4JLGbtqj-QS_c-QKguCIoc','有一种抚摸叫嘴巴子',null,'null','0','zh_CN','','','','http://wx.qlogo.cn/mmopen/BGOzbkwMZib4pGmrflsoHDOh2NmcWPhorErUM20EMoE2RpDZvsQlbSmbdKXy8JAZNficAdswKEyibgJN8PicYb4ibzEibZJ6UTiaIxL/0','a:0:{}'),
('263','oFnZ-t4wsWlHuRO2KkGgimjvjkMI','嘉@睿',null,'null','2','zh_CN','山东','临沂','中国','http://wx.qlogo.cn/mmopen/mOW261WJzibtYD21MyrN44vzcS6DJ24B2WXcRQogf6icsYxLia2icEteSHd7eIz6FlIC3icmNibKoEF0KYwkjfuMWbxQ/0','a:0:{}'),
('264','oFnZ-t2yiWx7dXyr0WbAVPiGin5w','姜开红',null,'null','2','zh_CN','山东','临沂','中国','http://wx.qlogo.cn/mmopen/ajNVdqHZLLAibibRyVDnAblGS6fW17FYxibqPJAr0NvDpDSQgzrlhbjNKvZdD1iaMaosRZ9V1bGXW6MrW1xECkiaiaaA/0','a:0:{}'),
('265','oFnZ-t7idyrmfThukwuNrvVoYTlw','末冬末秋',null,'null','2','zh_CN','','','百慕大','http://wx.qlogo.cn/mmopen/IVBGfN6mdADz4FCTy6libs0fn8EcQh5JQm7SwQ19rTM1v7usGhFmDnJGX8PP1ZemGu7TLFqRgy1JuYkD6vAFAia838Mmg8KLEg/0','a:0:{}'),
('266','oFnZ-ty9ulR2XEIsapEzCibs0slE','五子棋',null,'null','2','zh_CN','山东','临沂','中国','http://wx.qlogo.cn/mmopen/ryInS4jYaj6HDVarkXITDjicBPD0NbgZW9Dyq5QFrU1b3TN5KWHQatcwDDyAorCweEYh7p3ZVo6ne57WqC0vKMx7SbEp6GGNe/0','a:0:{}'),
('267','oFnZ-t9c-xyJmyGLIrDb12xtAE5E','四月天',null,'null','0','zh_CN','','','','http://wx.qlogo.cn/mmopen/mOW261WJzibtQdeicgRd4honTAowqZsXgxyD0QVJszdel0TFh2v7k14MBcE6uRJyp3QZicWjeYQicaw8slPIdqtmNrhhibqO3I8CH/0','a:0:{}'),
('268','oFnZ-t1etPlgyeiFEeZaq5nONy6A','_@梦',null,'null','2','zh_CN','山东','临沂','中国','http://wx.qlogo.cn/mmopen/mOW261WJzibuy8GMbBupSBfmqc3Kj7bu50QqlS2U6vDTTQv6LO79lfR2siaQGTWINKuXMldrglUj6D2qcrPY0Klg/0','a:0:{}'),
('269','oFnZ-t5nPEfNt8sWdv47EYZY82l0','小北',null,'null','2','zh_CN','山东','临沂','中国','http://wx.qlogo.cn/mmopen/GdXnVSBnPGEgSYt74MDnye1OQGGaNAQrNhJH7icG2gMxXM7r54zsUNaFYU1DWcEjjFh9cmic6C6Ct0xZ55GVna5jRbKoJOwd8K/0','a:0:{}'),
('270','oFnZ-txmO7kVHsOQGgcZFyjgijjk','AA糖果妈妈AA',null,'null','2','zh_CN','山东','临沂','中国','http://wx.qlogo.cn/mmopen/BGOzbkwMZib6x6bj0GYaUe9Zq5EUTVbIGP1dbEWSk5RNU2eSQBibYeBmAYvnP0RsoG3V5FL528PIv2ZrzzktUwibgsS5ibibB7icqD/0','a:0:{}'),
('271','oFnZ-tzWcIGAB4tr7GcEfQRkvyTE','猴赛雷',null,'null','2','zh_CN','山东','临沂','中国','http://wx.qlogo.cn/mmopen/ryInS4jYaj5ATk0yskSSGicPibM2aGSYoibjLOwKNFV1gXYTKPm0KUdugrZWYTicY0MVeIwjQJFZ3kGZIWUibiaVLk0ZB94OkZULgf/0','a:0:{}'),
('272','oFnZ-ty-d7MBdwGMniMuov9g9WM0','蓝客客厅（天华）',null,'null','2','zh_CN','山东','临沂','中国','http://wx.qlogo.cn/mmopen/ajNVdqHZLLASGeT17UqZX0CvmkV1UyeicvUvcEvnJRnD8qNBibgFp7efmRx8I8zkPb3K98ia0RkJbOQXQmv47brBA/0','a:0:{}'),
('273','oFnZ-t86NKCSPwYFf8TaMOd5H_Xw','滕滕',null,'null','2','zh_CN','山东','临沂','中国','http://wx.qlogo.cn/mmopen/ryInS4jYaj5ATk0yskSSGxD5PMKlxruUswYgicFcrsiaGJmib2ficfn2k8GAlVlHsUeOXhRvAYZwbuVqm7H4NEycVP3WMgtRicadh/0','a:0:{}'),
('274','oFnZ-t08hinVVaIiqy97zRYMa5H8','桃子',null,'null','2','zh_CN','山东','临沂','中国','http://wx.qlogo.cn/mmopen/IVBGfN6mdAAIcMLhrhWzPTnWFReovBKspcVib9nlGpTe51hYgKA3E4cNowsWyB1o1vOMZZDJYU05MibIiaicXj4ZyzDILibF1KtNE/0','a:0:{}'),
('275','oFnZ-t_kYEaeBZO8YPN6pCYDu7j0','娇娇 -义堂商场杜家调料',null,'null','2','zh_CN','山东','临沂','中国','http://wx.qlogo.cn/mmopen/BGOzbkwMZib6x6bj0GYaUezNBRt96DkbKACPMzlIYvLj1YFTAHUTQnWnISPcpfZPCmW5JI95fiauwUzQDmJibFospfTHme6R81u/0','a:0:{}'),
('276','oFnZ-t-khLJAGRFePNDU5b4pFUD0','平安康艳13791589589',null,'null','2','zh_CN','','','安道尔','http://wx.qlogo.cn/mmopen/IVBGfN6mdABXlomcc5aiaJVwbsZ2ibyvly93885NrjC4onkDibqG8vRxxTQwBodXJjoV0yNNia0DibKpgG7tmBnPBqyIfd0QGCa72/0','a:0:{}'),
('277','oFnZ-twfkjc49BszIOUqYu01O_iA','小刘',null,'null','2','zh_CN','山东','临沂','中国','http://wx.qlogo.cn/mmopen/mOW261WJzibuMU7rdlmv65DOSF5sZ3Vuy2Kl8FkevHmNpKEApEqScaaMP1YzVy58hnrqZKmnJ9m7SWlpBvTCASQ/0','a:0:{}'),
('278','oFnZ-t66dvB9xCI1AjDwjz6tzn4U','动车组',null,'null','1','zh_CN','河北','唐山','中国','http://wx.qlogo.cn/mmopen/IVBGfN6mdADz4FCTy6libs49b325MIntMoZM8SvruO1XqmBb34hB0FjpohKtKcpPGGXXb9iaKGPeo1jz75dKs9TQGdAGfNwD0t/0','a:0:{}'),
('279','oFnZ-t3eqBjNJUpVfIrc1xQQXR20','相公宇鸿手机卖场',null,'null','2','zh_CN','山东','临沂','中国','http://wx.qlogo.cn/mmopen/PiajxSqBRaELVVoo39qZYvc4XqhsyGaobSYwmfjVMTqFfcSWF4nEtuCCTfqfXmOzCBnZWkeeSoM9p894OSVUgIQ/0','a:0:{}'),
('280','oFnZ-t4pH4tQcDvyXo60txwNDdgg','王永晔',null,'null','0','zh_CN','','','','','a:0:{}'),
('281','oFnZ-t5N5oK_MA728YlLdaBFTX1k','王者归来',null,'null','1','zh_CN','山东','临沂','中国','http://wx.qlogo.cn/mmopen/BGOzbkwMZib6x6bj0GYaUe9FdibAsmLwZiboDCg1g8zIKt4mK3HTic9ogrKUEyQR4Khprz6l2icmYWCSZchReKDicfGsuYqBsJaas3/0','a:0:{}'),
('282','oFnZ-t8vHHBS8Mv1KbxNVExZYlMc','尖果儿',null,'null','2','zh_CN','山东','临沂','中国','http://wx.qlogo.cn/mmopen/ryInS4jYaj5ATk0yskSSG5vdcYESpg293Yo74q3d1JCQ7ALSKT87PNnqib8Miaj5mD58ib4boeqkibuI8xibVeTMQTsWg17ypBsMC/0','a:0:{}'),
('283','oFnZ-t15fBMGfmZE9C3tCaglTiEk','并不嚣张',null,'null','1','zh_CN','山东','临沂','中国','http://wx.qlogo.cn/mmopen/IVBGfN6mdADz4FCTy6libsxqVCiaMwMLPm2RZ1KCc1NE2tfQaIVY3KxSpRrw3nq6zZg90e7lib3zqg9MSaCxTwUspITloicSHArg/0','a:0:{}'),
('284','oFnZ-t-R3r4UiPC7y1itfd3xSj2s','海洋之心',null,'null','2','zh_CN','山东','临沂','中国','http://wx.qlogo.cn/mmopen/ryInS4jYaj54XzryynrQgoVMtuP5ryVBcWcLAVSLsIPFAOxh5SVoU8z6Uc1GicRIrgoB7iaqlOxbME04mLG4RokJqwdiaoiaupsT/0','a:0:{}'),
('285','oFnZ-t1hD7rvUxNDCaU3vPBWkX6c','⁽⁽ଘ曉̌敏̌ଓ⁾⁾',null,'null','2','zh_CN','','','尼加拉瓜','http://wx.qlogo.cn/mmopen/mOW261WJzibtQdeicgRd4hoiaUb8JLicxoKyXicNoibaEA2WVBzozP07Udtx6bWApzuAzK9eibHERpibDNZmd2wicAJAicePjB4FuiaXavY/0','a:0:{}'),
('286','oFnZ-t_VZIptqpCi2E4tRV2AfF2U','MC     伟哥',null,'null','1','zh_CN','广东','广州','中国','http://wx.qlogo.cn/mmopen/dCdkV71JLic63ibGFbh9Ke2zSz0kZ1sicU3q4qjQJ2IOcNMm6npynOcJBOxLibqMygSAocibWuSabqYxSpBywEnFibvPlwdbf7AZkA/0','a:0:{}'),
('287','oFnZ-t7WfaNDjKj2Lx-lGRrNAkQQ','正 芮妈妈',null,'null','2','zh_CN','','','澳大利亚','http://wx.qlogo.cn/mmopen/IVBGfN6mdADz4FCTy6libs4plws4Inq27UK8BztSRH4GpvJSSibF3ytyh939vlOJ1gwJxlstr0TB7l9dM76nkvcdBqSic3wxoOx/0','a:0:{}'),
('288','oFnZ-t7JIFyq68hvYqyen47Mjbn4','萱草摇曳',null,'null','2','zh_CN','山东','临沂','中国','http://wx.qlogo.cn/mmopen/BGOzbkwMZib6x6bj0GYaUe4hIxiaa0pxb3ojoiaxQqWFqKf8rQmB6AARTOryuEA1g0FxWMHPoIj63lgmXCCdhIEWrBXTOEMj6vD/0','a:0:{}'),
('289','oFnZ-t0e8wWdiiEutaK4lkx9HxHw','rainbow',null,'null','2','zh_CN','山东','临沂','中国','http://wx.qlogo.cn/mmopen/BGOzbkwMZib6x6bj0GYaUeibuyWOFa3YHZKynfyvx0EicTeJg6lGSD2MX6vHoXFbkicSIexULCn87KPrHl9qol8o2ruYpEBESeZU/0','a:0:{}'),
('290','oFnZ-t1vq8jGYX1P5zHdwmA_wdvY','会',null,'null','2','zh_CN','山东','临沂','中国','http://wx.qlogo.cn/mmopen/ryInS4jYaj5ATk0yskSSGx8pDCudkVo70YCjNhP0baa0fmWmchEboVSEz2Zon4icN30IAOAN6Vtd360d2cxWmnHNasaIibQ5Ix/0','a:0:{}'),
('291','oFnZ-t8zcDIQbDxzwT65Qf9_Sns8','A 静静',null,'null','2','zh_CN','山东','临沂','中国','http://wx.qlogo.cn/mmopen/BGOzbkwMZib6x6bj0GYaUe2PrGQt4aBLSM6IFVROH6ra6fGANAS6DUbYyzV5PbSuzRmubXA3EicJHJor5R24FxE81DQNWPzohv/0','a:0:{}'),
('292','oFnZ-t2ewZUbWS_BL72JtstH7HCU','A德邦博派',null,'null','2','zh_CN','山东','临沂','中国','http://wx.qlogo.cn/mmopen/IVBGfN6mdADz4FCTy6libs0GoicEZHTyvAWEmZAIfAMPdLtSUFWm7WUOgDY7k4bUia9440ib2EwmMT5oGmvr5vB2M9N2yLheRy4b/0','a:0:{}'),
('293','oFnZ-t20uTsYfTu4Uu_RCjSVXT8Y','皓文',null,'null','2','zh_CN','山东','临沂','中国','http://wx.qlogo.cn/mmopen/ryInS4jYaj5ATk0yskSSGibLd2icylDFE2GQTulU3MpgnM54VTlibvBKpoN6MSGb6WV1AWr8qclqKF26GQACcga8C3aPnfdqZoY/0','a:0:{}'),
('294','oFnZ-txyM1usf4BFRktXythDTK3s','匆匆',null,'null','2','zh_CN','山东','临沂','中国','http://wx.qlogo.cn/mmopen/mOW261WJzibt3l0XDdLpClCIsHNk6xZPRKSsia3FnRsVB3CN2CVvlZibu4OAicoKpd8hJIU6loK7ubt1QQbIiaSVFWM4Sic9cDkbOQ/0','a:0:{}'),
('295','oFnZ-t2HsVYsnrh-LKziCC3pE5zM','浅念',null,'null','2','zh_CN','山东','临沂','中国','http://wx.qlogo.cn/mmopen/IVBGfN6mdACveSuQLhKdQraaFib5ZsezDBmRPbmq0asZzBnzRuyN7Ahtet1U5Re8tpjC205V5t6zGrM5U1UUOLZtRtATibRTc5/0','a:0:{}'),
('296','oFnZ-t45Xx9J8u9nWwPXToaqbcrE','彭证洋，低价包邮小店',null,'null','2','zh_CN','山东','临沂','中国','http://wx.qlogo.cn/mmopen/IVBGfN6mdACveSuQLhKdQl7YEwUkc7BibRyeiaibn5wmtqgnIGqhB4vN3eSDXQG25gtWgjyib1tFLSyS6zjy17SLRDSw63MSicG3O/0','a:0:{}'),
('297','oFnZ-txVUAtBkMkCzdt8uQvUfvp4','正在输入中',null,'null','2','zh_CN','山东','临沂','中国','http://wx.qlogo.cn/mmopen/ryInS4jYaj5jMN6vboxxMRn0BibOsWDS8QB48SDhGmM3svSRBRADYkxj6mwstMeNiaLib5J0Or0iagiaEQ3S7qMiaEGibiaU2PwtYznS/0','a:0:{}'),
('298','oFnZ-txJkgnBfgOMNSc8bH8kyZSw','六月',null,'null','2','zh_CN','山东','青岛','中国','http://wx.qlogo.cn/mmopen/ajNVdqHZLLCs2UfKhXsArI4hYicUdZz0FD70zhIfI9gfO7rNh7fqRmcyJtAle8duqGYGJ7koHCWgajVOqj138dhnlTbz55te1FSQYibCXZD94/0','a:0:{}'),
('299','oFnZ-t91v5uDqmo4uxaC7uKlDEz0','闫婷婷',null,'null','2','zh_CN','山东','临沂','中国','http://wx.qlogo.cn/mmopen/mOW261WJzibtQdeicgRd4hohzD7DnFGrtqcicSpKF1rvBd16BvAq7H2gbqLZKAzynrtnvlicPMy5jjYtiaDqpXjUiaP0SkSvK2lEhc/0','a:0:{}'),
('300','oFnZ-t6T22eYyIP7VTQjuNPHUE2I','A语述人生',null,'null','2','zh_CN','','','毛里求斯','http://wx.qlogo.cn/mmopen/IVBGfN6mdADz4FCTy6libs1xh8oewibK4hQ1wWvol1MWnPxcrOMjmBYNkSZoWicnV3rJsScqtAtUDxZ06Q9bZlicxPLAs4GdXHjo/0','a:0:{}'),
('301','oFnZ-txNY1tb4OfqyXoLkiwZRKdQ','琦亚瑞',null,'null','2','zh_CN','山东','临沂','中国','http://wx.qlogo.cn/mmopen/Q3auHgzwzM4uYdwuWiaVicfCu0up1UHQOF3UfNAjz61LsbNWPicsxxiajRQia0AqVnxxhUrV2MzzeohzvibJAHaWbxYWOWl11rBlanibyibzHStXXD0/0','a:0:{}'),
('302','oFnZ-t7aForIzu_LSGymoqNljvlY','卟、回头',null,'null','2','zh_CN','','','中国','http://wx.qlogo.cn/mmopen/ryInS4jYaj5ATk0yskSSGx6poFQJFNXQlUVXpP9QIyZvwyVae56kOal7xBGSnxO5WUy6O148INN2Dzpic2JXviaLhmXef2ibLXN/0','a:0:{}'),
('303','oFnZ-t9NlXX6XAocHwk4AAt-tHlg','郭莹 15552477256',null,'null','2','zh_CN','山东','临沂','中国','http://wx.qlogo.cn/mmopen/ryInS4jYaj7icZpmr5AlL8JZNndVBuwnxsmkibk4hNmdecXyMica6enKHWMBXrBnP2Ryw7TCJulQd9dmEicibyvwdia9yLSxsl1I2p/0','a:0:{}'),
('304','oFnZ-t7Bl2LHmEUcDIK8YS7LyWsk','家源',null,'null','2','zh_CN','山东','临沂','中国','http://wx.qlogo.cn/mmopen/BGOzbkwMZib62WJic3iaXEHZCxX1FF76SZtSHbRmFOjnw42Lyf4iaH9xe3wBuPdWic2c2LDFTT9QpCEk9DVYlY1H0V8BYRBQBdkLO/0','a:0:{}'),
('305','oFnZ-t01yHE26jAAYLFn4g-Turjk','韩果果',null,'null','2','zh_CN','山东','临沂','中国','http://wx.qlogo.cn/mmopen/mOW261WJzibsG24mVEynnVt15nO1mv77IDuzINbwibXkZial6QgIL1kxAUj4LzabiatU56AbmRic7R5nEhg7TGETlCA/0','a:0:{}'),
('306','oFnZ-t-tJ11k0Skj6zgu8C-JMM8Q','苗子','340','null','2','zh_CN','山东','临沂','中国','http://wx.qlogo.cn/mmopen/BGOzbkwMZib6x6bj0GYaUe68VvkoQWnvNLXajJvrKtr202CGbQe6PFzyYuKwgGHW3ujdQX78AbfDm9E9HDzvzEmWmmQX4zMGR/0','a:0:{}'),
('307','oFnZ-t2VwHyu0-d054JxX0wz0r8k','我卖家具',null,'null','2','zh_CN','安徽','宿州','中国','http://wx.qlogo.cn/mmopen/PiajxSqBRaELUDufh0K3Gnh1PyL0ibLiclQkVt9f7zBjtFhkfppPicCOzwdfhOfYZY24Cic1fbH7l8N4cxbDk0z6Djw/0','a:0:{}'),
('308','oFnZ-t5M7V0BBYH8tS-pScpiuok4','多多','341','null','2','zh_CN','山东','临沂','中国','http://wx.qlogo.cn/mmopen/mOW261WJzibtQdeicgRd4hogucwp1z5HdkCB5CghywZF9z5UAicvIChfmo3m6VDRJuZCVTAtOeHiaXAY8ibKZoX0glJwyNibuh1ia0m/0','a:0:{}'),
('309','oFnZ-tyK1mxkloWd2EW_A79dXzWQ','宋平',null,'null','2','zh_CN','山东','潍坊','中国','http://wx.qlogo.cn/mmopen/IVBGfN6mdADz4FCTy6libs6KiaNd27p6MdObVxSStjPgS1FE2MA5CIuUNZcL5Llib4szuYXBVk0XiapKPVjgfiaPTiazOnSET7N7Fj/0','a:0:{}'),
('310','oFnZ-t5-l5XMR0G6xGxtNgcKDZuQ','遥不可及','343','null','2','zh_CN','山东','临沂','中国','http://wx.qlogo.cn/mmopen/mOW261WJzibtQdeicgRd4hovTImVUJc9ibfhzHH927Nxb3cVocic7H65fGibvVCdicXuDsyY7VCC4lEiaK0uhy4s8qjia2rlIIbibncqM/0','a:0:{}'),
('311','oFnZ-tyc_ulglXJ06bTXUHlf18BE','柠檬不萌2016.7.22','350','null','0','zh_CN','河北','唐山','中国','http://wx.qlogo.cn/mmopen/mOW261WJzibtQdeicgRd4hogglXQtD70kiczT13kj7clLrnQUrfiaL8jHYyicEyfsE7OnS8qiaqg6OpnSkibPaTvtN6vN33ck70lyyT/0','a:0:{}'),
('312','oFnZ-t_G2DVnKMr_DIIliDRVE89g','英',null,'null','2','zh_CN','山东','泰安','中国','http://wx.qlogo.cn/mmopen/BGOzbkwMZib6x6bj0GYaUezNjaricjWVrpqUZH1hmOhlzO5XO5ZbicSqultF6rCCOQobR9SicaI8z6Z1ibTjgacPRTBHlsdNkNkiaE/0','a:0:{}'),
('313','oFnZ-twPxMg0_rG0_8dUXanpQqXM','anna',null,'null','2','zh_CN','山东','威海','中国','http://wx.qlogo.cn/mmopen/IVBGfN6mdABfcIGvOZTIu3ia1cypuryVQDNEOClS0VTa3iahGdghQdibVAYMPwTtM1KL2GGjNSzt97SrtZ4xsZiajNJqiacPLX7us/0','a:0:{}'),
('314','oFnZ-tybXtqbpRpHjKbqOlqhcmM4','快到碗里来',null,'null','2','zh_CN','山东','烟台','中国','http://wx.qlogo.cn/mmopen/IVBGfN6mdADz4FCTy6libs5FCYF7BnXBXdl4UMKhon7aqEc0GTQsN6ZhSse0qTqfWZpGlWic5ibv97ZmhqQEUpyDNdXuZqPFYT5/0','a:0:{}'),
('315','oFnZ-ty6l0lECdPDMnuB7AVCGKzI','',null,'null','0','','','','','','a:0:{}'),
('316','oFnZ-tzrc102wn5dJ1mptX-PtMeI','布丁奶茶','345','null','2','zh_CN','','','新加坡','http://wx.qlogo.cn/mmopen/PiajxSqBRaELH3qM5icBTRVXxmDk9IktzvWjrvQ06NS2hdgcKEH8Ryfv9YoHV0s0wejUutHtLQia2uyKXzQWPRhibw/0','a:0:{}'),
('317','oFnZ-t8q0P-4paWjBV8xHuVyfjb0','龙发装饰绍傅莉',null,'null','2','zh_CN','浙江','绍兴','中国','http://wx.qlogo.cn/mmopen/BGOzbkwMZib6x6bj0GYaUe5Qqa9qNhe9MfZ6wkj7l7u5XuGbR9IHe6YSGL0jqRQNRn20ZI7XHUht7rAda3dVbVLNtLG5Bkibu4/0','a:0:{}'),
('318','oFnZ-t4KsuAKUQUoWgTfUrFQrp38','郑琪',null,'null','2','zh_CN','浙江','台州','中国','http://wx.qlogo.cn/mmopen/Kwv0ftVtB482zfb8hMhsh9oPZNNM3wmUgd92YT34xwxcFfWMrPdcwhfQOSo9oX6eqfnSldyONtSmcz22YhEnoiavzVDKrdShA/0','a:0:{}'),
('319','oFnZ-ty2TpeHVjnf8Sl0EXx-tjok','春',null,'null','2','zh_CN','湖南','怀化','中国','http://wx.qlogo.cn/mmopen/BGOzbkwMZib6x6bj0GYaUe3azncrNjyImG5GqKGW8U7xPk1beGxSYH1Lwxn6UGViciaTKjThztmMbSqdKm9ukxalLkJmTM6iaA8M/0','a:0:{}'),
('320','oFnZ-t_IHEyalkl9g2LAfvXDAmfs','壮壮他爹',null,'null','1','zh_CN','山东','临沂','中国','http://wx.qlogo.cn/mmopen/BGOzbkwMZib6x6bj0GYaUe8GFvN5AYRt0iad2HXYiaSicqbSeuJZfXsbxCkfVRq7OianpznrQ9icrf9BEmUt5h97Xhwk75cicEt0Vfk/0','a:0:{}'),
('321','oFnZ-t6RVsBoCiGEHpbLJUDtqeZ0','aa伊亲购诸葛',null,'null','2','zh_CN','山东','临沂','中国','http://wx.qlogo.cn/mmopen/ryInS4jYaj5ATk0yskSSGib5bHXxdAKkhWDaAGdThoqktfqJeUCmoVV9naPgdpUjWTy8T3LeiaV4Ft0kep0cfnL6Uueor4E2d8/0','a:0:{}'),
('322','oFnZ-tzbNBlccLOhdVh2v6M_0hPU','','347','null','0','','','','','','a:0:{}'),
('323','oFnZ-tyQYS2Q9bHNJwYxXGhirTYE','','351','null','0','','','','','','a:0:{}'),
('324','oFnZ-t7XqMzxfdLL2jESigROvqyE','',null,'null','0','','','','','','a:0:{}'),
('325','oFnZ-tz4DfsZhX9VFpAa1EI-X1ys','梦君',null,'null','2','zh_CN','','','埃及','http://wx.qlogo.cn/mmopen/IVBGfN6mdAAJNP0ht4mABVpMYNCtu9ltnEdCWvFwCrAvCBEenYIEUV5GpPUf0rlN2RDGVvcc0E4na5m1RVmVNa7AO0aMpibla/0','a:0:{}'),
('326','oFnZ-t4DmRefLQ0HoGd-YmK_SPhQ','',null,'null','0','','','','','','a:0:{}'),
('327','oFnZ-t5ThcTGhjYZe3hGo5bghCOU','',null,'null','0','','','','','','a:0:{}'),
('328','oFnZ-tzci9Z06Wd6rDWRU-948F28','遇夏',null,'null','2','zh_CN','山东','临沂','中国','http://wx.qlogo.cn/mmopen/IVBGfN6mdABzZyecKBcqwnMTufcxrJjcc6NYoX85GS3nBI7jAvibgicCN0WMurQXEB56FENU7z5FpiaEXribb6GB44GkMT2vMXia8/0','a:0:{}'),
('329','oFnZ-t4IidUdx-Z1L2WACKkz6jSI','牧羊人',null,'null','1','zh_CN','河北','石家庄','中国','http://wx.qlogo.cn/mmopen/ajNVdqHZLLAXmpRy0t9kgAVkTiaGV195yribuLZmqY85MmOWKibwxFhgUSFkFiab2QbmpicnERBpbbJ3icNoB7yLyTcg/0','a:0:{}'),
('330','oFnZ-t2doDNZH044tlQJ1Npsd94I','小猴子',null,'null','2','zh_CN','山东','临沂','中国','http://wx.qlogo.cn/mmopen/Q3auHgzwzM4uYdwuWiaVicfCu0up1UHQOFChvvEXg2H3LicG1PQRDvD1NzAibXapkwFdlg68w24JWTicesaorAic2E9tCHnvtPZ6CDgXrDEibuOEpk/0','a:0:{}'),
('331','oFnZ-tw6H8jHM6p7JK61aw6g_YIU','。',null,'null','2','zh_CN','','','帕劳群岛','http://wx.qlogo.cn/mmopen/IVBGfN6mdACveSuQLhKdQlSvhMMEh4sqK1hrHeicbrI0ZVlWiaozs6YLrhymibiawDlUHicZzQicSNtgOIicIJ23INXYzW83l8fne1y/0','a:0:{}'),
('332','oFnZ-tzBXPbXGbS9RU4w3CBcZWbs','黑色',null,'null','1','zh_CN','九龙城区','','中国香港','http://wx.qlogo.cn/mmopen/ryInS4jYaj5ATk0yskSSGicPLZFFMz5fsKy0AXH8A4laFdlNrlmY2jeq7E0PXCrxNKXmwcibThHL2oQpR59DVZn6xOzGibfCibMib/0','a:0:{}'),
('333','oFnZ-t9PyHkit2Wk56GmygC27vig','我不是妖妖灵',null,'null','2','zh_CN','北京','丰台','中国','http://wx.qlogo.cn/mmopen/ryInS4jYaj5ATk0yskSSG0JxiaNblW9tuWMOeUd5jxPzRKdZoFMv5o9YnicoIraPNB1TEicicLRAzJn9D6hZcXNVKibLcBO2TTxgX/0','a:0:{}'),
('334','oFnZ-t1TEdt0rGyCppQgsxQM1aQ4','',null,'null','0','','','','','','a:0:{}'),
('335','oFnZ-t4elS6ZWbb6RyeToA9Pmw7E','',null,'null','0','','','','','','a:0:{}'),
('336','oFnZ-t_qJnlWwQeZWkqyLAYGvm8E','',null,'null','0','','','','','','a:0:{}'),
('337','oFnZ-txVvE_JsBC-pBUaKYWnhnhI','cathy','355','null','2','zh_CN','山东','临沂','中国','http://wx.qlogo.cn/mmopen/ajNVdqHZLLBbrkhzJ5DC9DwGk0jedAdyT2LXaOh0GXVWHy30HOmUrdoeibicA5q4kncjJ3eanXa03ywgT9ZicuQcg/0','a:0:{}'),
('338','oFnZ-t4TpSpqKsQ5acPdMl6-xPfc','希希and朵朵',null,'null','2','zh_CN','上奥地利','','奥地利','http://wx.qlogo.cn/mmopen/IVBGfN6mdADz4FCTy6libs2gpO2SNRiaF9CO6XGX2xVzTTwPPRdl7dxShN4SCh30FXwxiapDwWQDSVcYgeEcWGgJ0kf8icLlZkst/0','a:0:{}'),
('339','oFnZ-txdpabUcuCoXfJ9ZmPaAXV0','',null,'null','0','','','','','','a:0:{}'),
('340','oFnZ-t3wsEPuXQ85i6Ofn6m2cDRU','',null,'null','0','','','','','','a:0:{}'),
('341','oFnZ-twihDsDlrz7rw4_oQw7u04g','丹丹',null,'null','2','zh_CN','山东','临沂','中国','http://wx.qlogo.cn/mmopen/IVBGfN6mdADz4FCTy6libs99ibsfTseuAnOgeibxVMKhJvx4OO3jy1J4CRQgEABrqiamDESO3O9eR2anFkIX5icyGib37q8bml5wjy/0','a:0:{}'),
('342','oFnZ-t0PF0gk4pFJU5oXpYHj3gsk','',null,'null','0','','','','','','a:0:{}'),
('343','oFnZ-t_X9dOZI7nkTXeTvg-cWxcY','',null,'null','0','','','','','','a:0:{}'),
('344','oFnZ-t4icbXXFJkEq4RshT8ICDDE','勿忘初心 ','356','null','2','zh_CN','山东','临沂','中国','http://wx.qlogo.cn/mmopen/ajNVdqHZLLDRjUKc9t3pJuLENQTB1eKZib66xbkFZ4Ub8FmRbLaLHR10wcJ6StpbGqnlVRI16e3not3CjhHqDZw/0','a:0:{}'),
('345','oFnZ-tzF9BIxrXF7eKAe3GH-AUtk','橙橙',null,'null','2','zh_CN','山东','临沂','中国','http://wx.qlogo.cn/mmopen/ryInS4jYaj7HmXs20n0utgFgNLdeiblpLibic4Nyv0icnHaqn0azL52LRyDGibcWguMJTtDfYGVoVuGRic7c3qCT0rS9ckabYcibvcu/0','a:0:{}'),
('346','oFnZ-t0A10S_JbJiXssMYC7Hi4iw','',null,'null','0','','','','','','a:0:{}'),
('347','oFnZ-t5IRXTkW1Xgi5LAhgWqfM5M','A简单',null,'null','2','zh_CN','山东','临沂','中国','http://wx.qlogo.cn/mmopen/PiajxSqBRaEJUTOZ5OwKGcJn7fsF87R6UzY9T7dJFEibrtrDOQx17SBzrlNjz5RkibibHLAs8Y4thGVUZF3D2SBQNA/0','a:0:{}'),
('348','oFnZ-tzFW0YpL4SPp4x_QzGvIUxk','',null,'null','0','','','','','','a:0:{}'),
('349','oFnZ-t7cQyO9VGVxZhZwanxqp5QY','','359','null','1','zh_CN','山东','临沂','中国','http://wx.qlogo.cn/mmopen/PiajxSqBRaEJWVODe4G1nrNicsC8yWm7MBlaV1rh5tm7yzuwO6KGeualQFbO1rZzDjwKrQu4O4yXyuYFTFV8IyZw/0','a:0:{}'),
('350','oFnZ-t8GQDd6a41h2VoaF-V81bY4','',null,'null','0','','','','','','a:0:{}'),
('351','oFnZ-t90U8sMjoBmimf3g74p-aks','',null,'null','0','','','','','','a:0:{}'),
('352','oFnZ-t7IeVRbMaLcBN7h6mjhXeQ8','军德',null,'null','0','zh_CN','','','中国','http://wx.qlogo.cn/mmopen/Kwv0ftVtB482zfb8hMhshxZV62ll26eibKotHzwgiaWrMbx05b8c1k3MicUPmQibbeF3mO620tkmvvjjPEI0QjjibdJq96ytsIRic0/0','a:0:{}'),
('353','oFnZ-t8cppRavgRV-VvFbhsaLQh8','亲宝宝','360','null','2','zh_CN','山东','临沂','中国','http://wx.qlogo.cn/mmopen/ryInS4jYaj5ATk0yskSSGicOUuvy15WlbodfnaVoQRgB5fic4MW10geBibCPO2T2TuLS4CgzzuOU9ko06OolF1up5Fm7YyW68Ly/0','a:0:{}'),
('354','oFnZ-tzbJiCyE6I_usfU9JKh1o60','__time',null,'null','2','zh_CN','江西','抚州','中国','http://wx.qlogo.cn/mmopen/PiajxSqBRaEI6YVkbvjkomwgsdPsdeOBue3vy1LOote8HhresqcWnx54OveLPa1WUEfUzvIiacmY6c17aCZHFhmyHAiato4LYib6J9Pibmmu1Bg0/0','a:0:{}'),
('355','oFnZ-t7YaAQedV1Es3kn1U7BXMk8','真真','400','null','2','zh_CN','山东','临沂','中国','http://wx.qlogo.cn/mmopen/Kwv0ftVtB482zfb8hMhsh7RX8FfkH3G2Ju3E3icw1LaSa1BkxKteibOc9qUX1vZkQAY6uIuGKlzYEVmX031t3xf5EFTJg43og7/0','a:0:{}'),
('356','oFnZ-t0y3r3Xo2WwKMYk1teXxGZY','姜堰金东母婴生活馆',null,'null','2','zh_CN','江苏','南京','中国','http://wx.qlogo.cn/mmopen/BGOzbkwMZib6x6bj0GYaUe0jrZ2nqyhQRGOysUHzg4bnelp5POW4r6Y8EG8XPXicfLFsjlMLQ2CTdb9ww9DEmu7cCsUiajIl6fR/0','a:0:{}'),
('357','oFnZ-tyE7noDJGTXngLz32uhqIak','嗨！小雨。',null,'null','2','zh_CN','江苏','苏州','中国','http://wx.qlogo.cn/mmopen/BGOzbkwMZib7mudKynJ4bZQpB39IMwFAv9VoVkeOgz1NCJyq99XuoF3epdyNxPBnCHeoHRiahANSdxFSsqlYb4z0EycGhwh013/0','a:0:{}'),
('358','oFnZ-t8UfeJlAdNng-1V7gR60qws','颂',null,'null','2','zh_CN','山东','临沂','中国','http://wx.qlogo.cn/mmopen/ryInS4jYaj5ATk0yskSSG1Prh1puAFfmDtz9L9MQylKdVv1pvB516G4XAwrAXRK9Mvrvwwjo5C1NcwibByRXXsehZOL1neThp/0','a:0:{}'),
('359','oFnZ-txsKa7Y1L-CBnRF6UZFAxi4','','363','null','0','','','','','','a:0:{}'),
('360','oFnZ-t_i3FxgUxAEBrX3AxD6Gg9o','海是倒的天',null,'null','2','zh_CN','山东','临沂','中国','http://wx.qlogo.cn/mmopen/BGOzbkwMZib6RApEibsPQ9RfuntXK4vAeffE5KPDPMjia8e8aslYQugXichQiaNehvkCroPe2ZksfVLVTSBd5RCApJNcLR0nFkRAU/0','a:0:{}'),
('361','oFnZ-t4JSRG2DBpZiKtdbWdDREXQ','Ws',null,'null','2','zh_CN','山东','淄博','中国','http://wx.qlogo.cn/mmopen/BGOzbkwMZib4epwQlLlia2Ay4os1CuPMELP9gFLs0E0WQfGv2CRjpiaMicyibibChgTKPP2Ma7X7OcKJZQzNNqeKHlrCvEF9iaE8L1R/0','a:0:{}'),
('362','oFnZ-t84myC7SwKN7ZMUYdNA-urg','平安一生',null,'null','1','zh_CN','山东','临沂','中国','http://wx.qlogo.cn/mmopen/Q3auHgzwzM4QeREWaMDrsKGsnCB6ibLmt0NAlUdsh0icGdYq3dmauzVwPp1lXuMbNA0CnWaJHia77Bc8sqAIhQhEIeWgvpfXiaic8aFBUdY2xfZs/0','a:0:{}'),
('363','oFnZ-t0daFLyktYtWgdfYDi8NdY4','Ms.陈',null,'null','2','zh_CN','','','百慕大','http://wx.qlogo.cn/mmopen/ajNVdqHZLLAcCEcKb6PranLha07wcibKqQVXciaKVCpDxVMSua8iaeLseUB52mI9m7dNuanbribjAh4Q0SOoXAt51vKD365icAwRfJxyE7ibDicWEc/0','a:0:{}'),
('364','oFnZ-t545e_U7S5QidClZcebJm-8','',null,'null','0','','','','','','a:0:{}'),
('365','oFnZ-t7N4DKkxhssX93aK2c-Xkvs','丰华正茂',null,'null','1','zh_CN','山东','临沂','中国','http://wx.qlogo.cn/mmopen/IVBGfN6mdAB5icypPeSZW3oLshK2TVqahy8z4fmfibPx0lHAQhMnyYMymCowkoM8AEGe8ibBAXKZouaak70wFkFCuzrk3tyBxvK/0','a:0:{}'),
('366','oFnZ-t-UmFnN6yugfmQVUGtIAKxQ','L。',null,'null','2','zh_CN','山东','济南','中国','http://wx.qlogo.cn/mmopen/mOW261WJzibtQdeicgRd4honmTKCmWCLrGd40Jl6D4xiafooLzMmp2wL57nldnDlhFy4bS1vJN1XLQrcu55eNdicNjn6oroxIUoz/0','a:0:{}'),
('367','oFnZ-t2r1lakIFDIQjWFqUCfoExQ',' 枔然',null,'null','2','zh_CN','山东','日照','中国','http://wx.qlogo.cn/mmopen/BGOzbkwMZib6x6bj0GYaUe7f1mXznNnMHJ882uwl2CU4F2BJrf5wwaWuEojjLnicy8RKL5odDosKSOdHuppVK1eY3CCAEDDWZk/0','a:0:{}'),
('368','oFnZ-txi7Vr1XFl7iHu2Ey8wIMZM','兮颜℡',null,'null','2','zh_CN','山东','临沂','中国','http://wx.qlogo.cn/mmopen/IVBGfN6mdAD2MyBSmC87wxNC29ibsXFrecEfsfPfGgcgdPZIsCwTxVIreDmiaoy324a6ufa7FSicctTibaQBuOiahqaziapvJcndJE/0','a:0:{}'),
('369','oFnZ-t28uAIN6CjdE7wOTyBnNCd8','',null,'null','0','','','','','','a:0:{}'),
('370','oFnZ-tx4MJLfv0Cnnb1Yp6rV3Quo','蜜雪薇琪','364','null','2','zh_CN','山东','临沂','中国','http://wx.qlogo.cn/mmopen/ajNVdqHZLLDsUyGIlic2riaR7vNZDl2DpV6O2ZMjP3AibSxQnXxScEFphljiajKPsWkEvsQWoicQcCBdbUeibic5Llb2ib1yE278AOic4japB9Js3icDA/0','a:0:{}'),
('371','oFnZ-tzea3hZt391IuugUOBxf-Po','谦谦',null,'null','2','zh_CN','山东','临沂','中国','http://wx.qlogo.cn/mmopen/mOW261WJzibtQdeicgRd4hooSDN55zUP9ElJG8QDXfqScJ8lU6icuPLcLp7qfHu5b94ee2WtWics3CReIT27EJn61R56jHYMmdxe/0','a:0:{}'),
('372','oFnZ-t0LfZ3UI3CMYZvxg8JpszlY','，，，',null,'null','2','zh_CN','山东','临沂','中国','http://wx.qlogo.cn/mmopen/BGOzbkwMZib73M40Bic4ZgRpDbEZSYjDrN4gic5rv8tcGMDs2Oy4jiczZe4dS8L1FQnDty7sf0BxDzLqdBBQ5hCWR5kpzOS7WiaLQ/0','a:0:{}'),
('373','oFnZ-t60N_4ovXIl6RAxY-5allTg','瑜瑜妈','367','null','2','zh_CN','','','','http://wx.qlogo.cn/mmopen/BGOzbkwMZib5iagrsLJ5icdRkrpSPiczd7stSWRdclJRicnx353slyUUjiaszU6tETxsdPe8hEtDiaaYAibqMGazXHOsiaOAskicLSQNWE/0','a:0:{}'),
('374','oFnZ-t5Y2UBKuvbHVK3sL8aSZWRA','雨琴',null,'null','2','zh_CN','山东','临沂','中国','http://wx.qlogo.cn/mmopen/IVBGfN6mdADz4FCTy6libs3JoarYyS6mrJ0ibsEcd7XGamjAbBkAlg8g7XQwdcpvFFqBiaWKwfNFRYdwlfGeZ9pEM0iaM8UavvWK/0','a:0:{}'),
('375','oFnZ-t5JF57-KPs0IOZpDjf_jjuo','',null,'null','0','','','','','','a:0:{}'),
('376','oFnZ-t2YyvDKkUrMhfgb8MpeRg5c','',null,'null','0','','','','','','a:0:{}'),
('377','oFnZ-t7ZF_QoXuuabLoWDFv6WvFA','思思','370','null','2','zh_CN','','','直布罗陀','http://wx.qlogo.cn/mmopen/mOW261WJzibtQdeicgRd4hohUY9C8KhiaBoJbSZBkImUqBricSlpjia9J929sESTfcMz2AwCrVZGR0tgiaRzepP8zhpssRMgfTKfGw/0','a:0:{}'),
('378','oFnZ-t3COR5DFCnoVvzJ23kbxJTg','鹏鑫',null,'null','2','zh_CN','山东','临沂','中国','http://wx.qlogo.cn/mmopen/PiajxSqBRaEIibyM9fNIUTgHl9FPIpynJbLjR71vWTnbTlrBuibgDwgjM1TaTD0Mw4AFJUO6BnSZof5Xx8ekd51DA/0','a:0:{}'),
('379','oFnZ-t4ZxWbsjYayW4Bpa1xGqWm4','༒六六༒满128元送纤绳玩具狗',null,'null','2','zh_CN','山东','临沂','中国','http://wx.qlogo.cn/mmopen/IVBGfN6mdADz4FCTy6libsib47eq0TDykkb7731T7E97KzUqPx5yE75k9UqapJXOJWWaEOs2lejK0LS0JAyicf85EibfHuSymvId/0','a:0:{}'),
('380','oFnZ-t-oUTn9rzFXAwvYB8nDWId8','',null,'null','0','','','','','','a:0:{}'),
('381','oFnZ-t6HO3i8OxRPu9lHCVK9aspE','',null,'null','0','','','','','','a:0:{}'),
('382','oFnZ-t78SqoYxDvjChNZ2j57WIn4','','375','null','0','','','','','','a:0:{}'),
('383','oFnZ-tzSj91OcM9CpyLYy6TB7NBU','文',null,'null','2','zh_CN','山东','临沂','中国','http://wx.qlogo.cn/mmopen/BGOzbkwMZib6x6bj0GYaUezE6eG7Hr9bGlXtFzpUdwic01iaChfHIBABjBAuUkZkHZ1LtruCZac9al5eOcznpMsTneIsFu3Xibvy/0','a:0:{}'),
('384','oFnZ-t0EI01ScKCPL0RrY8LJNPmM','初心Surname@',null,'null','2','zh_CN','山东','临沂','中国','http://wx.qlogo.cn/mmopen/IVBGfN6mdACveSuQLhKdQtbMe0yvia3ROIbcBjUiaECHqJ9HwC1h2tdyoOs0ozB5xNu7PZ4jSzL2fNLSlYAD5CYlF6hibEjb4l3/0','a:0:{}'),
('385','oFnZ-t4EAvnGe-viad5-gOxajt8k','',null,'null','0','','','','','','a:0:{}'),
('386','oFnZ-tzu7uluJcM0FXvut-2Ch854','追风18563624987',null,'null','1','zh_CN','山东','潍坊','中国','http://wx.qlogo.cn/mmopen/Kwv0ftVtB482zfb8hMhsh4JiaXphBQwgRFz86kF9hjUAPZEHyQYpdYsnKdiajsBYvxC0RpesqLAA6xldSJIzHhH5iaSQOhibicxGH/0','a:0:{}'),
('387','oFnZ-t6fl7-TGjIKcjLjER7HwkRU','一笑而过',null,'null','2','zh_CN','山东','临沂','中国','http://wx.qlogo.cn/mmopen/PiajxSqBRaELN3E4f7cskF9mozJddXaqNSW8yXYQC4KNiaxrEjh4hGibdL8Ozq97kdw4ibr1Q5o1TvGpPwibykalG6Q/0','a:0:{}'),
('388','oFnZ-t7eAa2vd-4BdNFbwJe1lY6w','',null,'null','0','','','','','','a:0:{}'),
('389','oFnZ-t6MYSIWilLw8iaWsx1D7DFM','',null,'null','0','','','','','','a:0:{}'),
('390','oFnZ-t8SmIXf6Jg5blZ8oX0ax9V8','',null,'null','0','','','','','','a:0:{}'),
('391','oFnZ-t9WYZk36pulPfoni2z2wHNY','',null,'null','0','','','','','','a:0:{}'),
('392','oFnZ-t15OZAp4n4RTrqfmVbRTGek','vivian',null,'null','2','zh_CN','伦敦','','加拿大','http://wx.qlogo.cn/mmopen/WUskodhibQ5Qn1ibovIze5D1iacTsVW1hBK1xMs5Hm2JiaODZpdBraWQ7nKibtNczEA1UiaIqCLgX8vQkQWHOZeAnhmj4xhuNWkxXZ/0','a:0:{}'),
('393','oFnZ-txbb5onmbWLjD1h7tC-_8Kg','瑞瑞',null,'null','2','zh_CN','维多利亚','墨尔本','澳大利亚','http://wx.qlogo.cn/mmopen/PiajxSqBRaEJgmgWxhLxay47bf7ZFkoFmtVkQiaPiam630kicES1iaJ0hh7yR4k5OEW6S4zJGcpohWwYYDVWCE2kz6w/0','a:0:{}'),
('394','oFnZ-tzMh3ngQZkoNBtlTjoDnU2o','ting','376','null','2','zh_CN','','','阿尔巴尼亚','http://wx.qlogo.cn/mmopen/IVBGfN6mdADz4FCTy6libs4FNlpd886ZBW4bwBia2IPvgRGWiaNxQF2zM5GGM0IibaOZJzIKmlrKW58SGGsS1UEAPK7NeaN9PiaUT/0','a:0:{}'),
('395','oFnZ-twHSHMHcsPrrVzrVNRzj7Qo','','377','null','0','','','','','','a:0:{}'),
('396','oFnZ-t7vQj_o4FujnR5tDEWK05hQ','','378','null','0','','','','','','a:0:{}'),
('397','oFnZ-t9hevMycBpme4lL7vbskqiQ','',null,'null','0','','','','','','a:0:{}'),
('398','oFnZ-t3pVuYiNaXrcxHO9_A-ywck','无言',null,'null','0','zh_CN','','','','http://wx.qlogo.cn/mmopen/IVBGfN6mdABDibgHXicdUicjHtu6hSLpt9YEiaR1g6GyAkBUibnpK5KkttVd92WicrJibUrjt8vNrWYc6AYHoqRPGiaicsgBlMKzCPoAZ/0','a:0:{}'),
('399','oFnZ-t_OhbqJM01JA-UN0Jaoc7k8','小豆芽',null,'null','1','zh_CN','江苏','南京','中国','http://wx.qlogo.cn/mmopen/Q3auHgzwzM5amPJBh0532AxqJxmgiaUiaSgic1Qs8tIibI6AWsMX5LSA8na0yyXNV1EmTvDEIW6OOnPbhvLiaaK9N7w/0','a:0:{}'),
('400','oFnZ-t3d7FwD8gC6bFNHxnZ_7S1I','',null,'null','0','','','','','','a:0:{}'),
('401','oFnZ-t-7FVtZmx_PxE4fsIJiCsq4','',null,'null','0','','','','','','a:0:{}'),
('402','oFnZ-tzSmD0CRB2ektL83RtlOU44','K',null,'null','1','zh_CN','云南','普洱','中国','http://wx.qlogo.cn/mmopen/mOW261WJzibtQdeicgRd4hojNb5WvagzFKAHEnYMFmrribA3TeSNdrfbkDRMyTmh24GkLGNvHJGg8DaRp1R4uhn3Vjia5skqzZxT/0','a:0:{}'),
('403','oFnZ-t8NsXd77NuAf9TDuCn6NcEg','',null,'null','0','','','','','','a:0:{}'),
('404','oFnZ-t32iF15S8-tle8a8ZGZV73s','',null,'null','0','','','','','','a:0:{}'),
('405','oFnZ-tzTq1cSDrbv8u_gMA7j7lRw','冰封已逝的乖',null,'null','2','zh_CN','河南','安阳','中国','http://wx.qlogo.cn/mmopen/BGOzbkwMZib5uxZ3icV6j0ruBI5cLpa8OgQLBgTLNrh2nX7uXrs6nPMGm93PfBzzQuW71ZRFbbLqU2tcTvdvJibCw/0','a:0:{}'),
('406','oFnZ-t4_qWYdMTEljU9kci7IyNzM','阿毛',null,'null','2','zh_CN','浙江','绍兴','中国','http://wx.qlogo.cn/mmopen/mOW261WJzibtQdeicgRd4hoj7kpU1bU04f4hkIsMkM0ycXbeQU5ibTvPLGBt42wyB8BicIouNAGSHFLrMvdVcGAtbGUN0ftJVRqia/0','a:0:{}'),
('407','oFnZ-t2M_uoyFI9fU9tvLPW7qavY','',null,'null','0','','','','','','a:0:{}'),
('408','oFnZ-ty_GRUOrI4SpbzCt0tgOUUY','a伊亲购进口母婴13963999881','379','null','2','zh_CN','山东','青岛','中国','http://wx.qlogo.cn/mmopen/IVBGfN6mdADz4FCTy6libsyYzOtljtjyQ9GfRvBdFicPvibS1N04RWBicMjPBCZdIGP2icAhLhmA3f5ticsGPPsStHZQODgZksg1wK/0','a:0:{}'),
('409','oFnZ-t11WBtbK16YWN584xgdokdQ','文文',null,'null','2','zh_CN','首尔','','韩国','http://wx.qlogo.cn/mmopen/mOW261WJzibtQdeicgRd4hoqnH0oEAJIFx5X53icauBRH4k2YFGnJe95Htn3OD89YyxpklkzwTTpam5Opibqf8xDskAG6vQdaOww/0','a:0:{}'),
('410','oFnZ-t_yxXDMq2fBc8mE9v7TVh6k','宁静致远','380','null','2','zh_CN','山东','临沂','中国','http://wx.qlogo.cn/mmopen/Q3auHgzwzM4uYdwuWiaVicfCu0up1UHQOF2daCOwkgcxUKo3h9ywe5Ym37XYjCVf0ia06YaAoOtGegTzcKm5tzRzmXbeN7bRuX2mJZ6DZbggqs/0','a:0:{}'),
('411','oFnZ-tx5knwxT_U38Ju0IFti_n9Y','葛明菲',null,'null','2','zh_CN','山东','临沂','中国','http://wx.qlogo.cn/mmopen/ryInS4jYaj6V7GqEXdnoBicaHI3MxEWicWkOQjacbRIYPrjMbjK9bZhmCibbaIblWMEHnPTGBBIyiaibRfaUcb7LsCkA7awkar2Hv/0','a:0:{}'),
('412','oFnZ-t6YeUwbTwTzVSwBmWriBhyM','鱼鱼鱼','381','null','2','zh_CN','山东','临沂','中国','http://wx.qlogo.cn/mmopen/ryInS4jYaj5ATk0yskSSG56WV37zzyG7G0zvw9PtINWfG4C9nHapxypArIhNuoDjoJ8yrAU8mv6NxLaMUHgskKjJeRtFkKRW/0','a:0:{}'),
('413','oFnZ-t4mlXLBUxmJdF_rfEphOk6U','','382','null','0','','','','','','a:0:{}'),
('414','oFnZ-t5K-6-1_k4WWZWJsBDNtzb4','',null,'null','0','','','','','','a:0:{}'),
('415','oFnZ-tyvcEqDkdMxvoEnGUVRGgVU','',null,'null','0','','','','','','a:0:{}'),
('416','oFnZ-t-0eLtF_mt5wPr7Hj2QgjuI','','383','null','0','','','','','','a:0:{}'),
('417','oFnZ-t6fU_oxppEp6K4wId4KjFSc','',null,'null','0','','','','','','a:0:{}'),
('418','oFnZ-t0ZyKFdhsoLkgFYmjZXM0nk','',null,'null','0','','','','','','a:0:{}'),
('419','oFnZ-t0YEEDpye1p32pVtKD_046I','','384','null','0','','','','','','a:0:{}'),
('420','oFnZ-tx7K2qI-OIbo9ZXxCUEC9Pg','A蜕变~童装成人装19元29元可代发','386','null','2','zh_CN','山东','临沂','中国','http://wx.qlogo.cn/mmopen/mOW261WJzibsaQIDaeQ2gJ60tZID2122SuuqOkXh4FedJMGZknkkjeZVDiaaybJT3l8AernwxXQiaDDjeYPK1icIuLYz9MCVnGicy/0','a:0:{}'),
('421','oFnZ-t4sz4i-92_qbkYBqmEFnJy8','天才宝贝游泳馆',null,'null','2','zh_CN','吉林','四平','中国','http://wx.qlogo.cn/mmopen/BGOzbkwMZib6rTlaeic01wa6iaYHVq9djFw9u2xMUfpI5prBpmribLljE8vtxqMCuSWnicmI0Zow5wMTia9Af1Qd9FRiag5vJEgBmiap/0','a:0:{}'),
('422','oFnZ-t86QnXK1g3OeSrLNnqZTn60','膜西密语～招代理',null,'null','2','zh_CN','山东','临沂','中国','http://wx.qlogo.cn/mmopen/ryInS4jYaj5ATk0yskSSGwjpPRBNVSlibCf0Zj8fLY96QQZlYSEc9hfautJdHO3dSV1fEBmEoYvibdxfdoRGfibsGXb3Xv2nhf0/0','a:0:{}'),
('423','oFnZ-t5pNZrHUdrvrMa94sF_l3s8','娟姐',null,'null','0','zh_CN','','','','http://wx.qlogo.cn/mmopen/IVBGfN6mdAAIzicVYZ7SFCRFL2a0gKibtFvf1J49db5FuFrBUhbWibtqzYc4weUTBtx7lZ6g7U8ZlpibeicoZ8zwURUxYLS8NNBsj/0','a:0:{}'),
('424','oFnZ-t37rNWmSUDl6F_psaN1zX6k','',null,'null','0','','','','','','a:0:{}'),
('425','oFnZ-t8xlvamvp1s5s9qw39JgHlQ','','388','null','0','','','','','','a:0:{}'),
('426','oFnZ-tyf4-k3Zsn2dnPSk5I8_eIs','雪儿',null,'null','2','zh_CN','山东','临沂','中国','http://wx.qlogo.cn/mmopen/mOW261WJzibvuVRU0ORMPBPiabwBEhaeBkbPyDjLg9CQ01Pz6loxxHCVw0fakP7XN35h8jQf4SiauloHTZKicyzZgxRJ8PhtO6Wk/0','a:0:{}'),
('427','oFnZ-txZPfRq8qvZL7filkVzP4Lg','英子',null,'null','2','zh_CN','山东','临沂','中国','http://wx.qlogo.cn/mmopen/ryInS4jYaj7uPlaAd2siaEDiaZIJ2dMs7iagxRJ4cvicQFBQG11Rib5o7czfIRBV1ptr0f5xkU5T7lP2JELFeKotrDRETdP0icLmz0/0','a:0:{}'),
('428','oFnZ-t8s9FpKXemnLfjWY0_FMsF4','',null,'null','0','','','','','','a:0:{}'),
('429','oFnZ-t9oM2OMlViHpjacilu7FhKw','',null,'null','0','','','','','','a:0:{}'),
('430','oFnZ-t_WKiOltnWbe5SvcMHymP3Q','Y-rui','390','null','2','zh_CN','山东','临沂','中国','http://wx.qlogo.cn/mmopen/PiajxSqBRaEIzxFibc7ERMSfMNoMib0wCZKKJQictwtHg6LDrCpUu60loRc4NzQjwEw84v2QeflPAj1ujvbgA3BRzQ/0','a:0:{}'),
('431','oFnZ-t8Xbzvn6xMQHzT12XKPVrm4','',null,'null','0','','','','','','a:0:{}'),
('432','oFnZ-txrZgIMX6lcyPd1FMvaq7Cg','其实月亮是我啃弯的、',null,'null','2','zh_CN','','','安道尔','http://wx.qlogo.cn/mmopen/ryInS4jYaj59IHWz2iae1ibI67K8o0K3wYLxYvdEbRVEfsxD1icbqcl9qtlR7O6UKz6P77MHERmzrJnhqib5eRBO1p5wB1oJKnkt/0','a:0:{}'),
('433','oFnZ-t_JW_o8OoS9JspDBZk6iyzE','',null,'null','0','','','','','','a:0:{}'),
('434','oFnZ-t8Ayq8XmaWnLz1oCl8t4OUQ','奶茶','395','null','2','zh_CN','山东','临沂','中国','http://wx.qlogo.cn/mmopen/mOW261WJzibtQdeicgRd4hoial7kG5dbwa3uX4HM8sG7Xib1dHzMcS8PEDlDhmLe59XKbQ59f6msXqIxKlQ22VTI4aTAfMfe2JKe/0','a:0:{}'),
('435','oFnZ-t5QI0hKQuFFIhKuT8VH4dpg','阅宝',null,'null','2','zh_CN','','','中非共和国','http://wx.qlogo.cn/mmopen/BGOzbkwMZib5zn9UQQa4dKEKsiaRmOCUiaicrdk9cvCRdeR20jG1LOUal24U0EDKo5lpFWJ38adxVpSLTq2icpn6NAYWHn6UriaRI2/0','a:0:{}'),
('436','oFnZ-t_PVSMkbJHBYJV2-LaZduOQ','【薄荷】',null,'null','2','zh_CN','山东','临沂','中国','http://wx.qlogo.cn/mmopen/mOW261WJzibuyjIzWgo5aBYEpzdYkaMBRnJekcIsnmsl3s249OlhccrrtGZfpwxtQicYJiaTUfZmY1kicic1zUxFg9g/0','a:0:{}'),
('437','oFnZ-t56iJa1RgmjZoCFjj7uK9Fk','樱花萧萧',null,'null','2','zh_CN','山东','临沂','中国','http://wx.qlogo.cn/mmopen/IVBGfN6mdACQqggzhqViaNPqQHsZ8wvibr5ibFxl5UO7FBOiaTgyQBapmzLbYffR1bBuKrpIibQEPUfROSsQZf27I4JIFRhGNiajGG/0','a:0:{}'),
('438','oFnZ-tz6iKzRR8lq6_3PbWus63KU','',null,'null','0','','','','','','a:0:{}'),
('439','oFnZ-t1MbsPQxF2DvflS_FxDougw','',null,'null','0','','','','','','a:0:{}'),
('440','oFnZ-t0e-5oVNFUEaPaDmQWXkfCs','',null,'null','0','','','','','','a:0:{}'),
('441','oFnZ-t0vC8vp79SuovJUcSv92yFE','1095',null,'null','2','zh_CN','','','安道尔','http://wx.qlogo.cn/mmopen/ajNVdqHZLLBN82CMiaL0HypL48WMcUbRYjSPEm1SbVjPUgQqHEWDHvxv8nIiaahIAUofia2rfvc7MCeHGUkzEnZ7Q/0','a:0:{}'),
('442','oFnZ-t0fZUCNrMp_R_spaft3ih2w','',null,'null','0','','','','','','a:0:{}'),
('443','oFnZ-t4LWZn1A8wfjKAI7boQb530','','396','null','0','','','','','','a:0:{}'),
('444','oFnZ-t6JxOlv37II_rBbZ5B3iNSo','幸福的微笑',null,'null','2','zh_CN','山东','济南','中国','http://wx.qlogo.cn/mmopen/IVBGfN6mdADz4FCTy6libs1yubxiaalmh1xvdkSCaY8fVhKLxd7sOGtiartibqVsMqHjuWVFNb3iattKibwJpRlEyDso65W1rmQiaibd/0','a:0:{}'),
('445','oFnZ-t3qJB6uW1SYTubDW6tub9Cg','远离江湖',null,'null','1','zh_CN','山东','临沂','中国','http://wx.qlogo.cn/mmopen/IVBGfN6mdACEpZmJKA4R7PR113uUpLK3jZptMLU5LOgs6Ux3WRD8QmpBvkc2Anyg2mSdcptz4Z1miawagJqMHkJQtUw1MQAkf/0','a:0:{}'),
('446','oFnZ-tynwKZp5qmDbfkWXnW1Qh8g','',null,'null','0','','','','','','a:0:{}'),
('447','oFnZ-t5zRgUwhijnidod8EYvLyI4','',null,'null','0','','','','','','a:0:{}'),
('448','oFnZ-t-ioGfhXTWHogsJcvEj0E9k','',null,'null','0','','','','','','a:0:{}'),
('449','oFnZ-t9zBORSFSaiqakaER9QITvg','',null,'null','0','','','','','','a:0:{}'),
('450','oFnZ-t6q12vKxFrj41jqdzJuOmek','',null,'null','0','','','','','','a:0:{}'),
('451','oFnZ-t-88ORUISF8G5oLm1B9h6y8','那后来呢、',null,'null','2','zh_CN','奥法利','','爱尔兰','http://wx.qlogo.cn/mmopen/ryInS4jYaj5ATk0yskSSGicIkymm3c7ja1rj09H3580kAKMicD5E5Xb6aUhnGFyaDNmY2DwutAfTy3UoFD4LDWvvGPQhJROwtv/0','a:0:{}'),
('452','oFnZ-twIeWsPmn6zSYuooHE_Xu3c','肤若凝脂，我善驻颜',null,'null','2','zh_CN','山东','临沂','中国','http://wx.qlogo.cn/mmopen/BGOzbkwMZib7ibIlezPiakE6VFwkaElyheQcdP9EhJyX3mvMeBmMFLe6KPibXZzQBER8B0Gj73ghKPLWNoUDz9ExnQcgZ4TItTvI/0','a:0:{}'),
('453','oFnZ-txjXJZLOu5e_u0sClBsCQWc','明月',null,'null','2','zh_CN','山东','临沂','中国','http://wx.qlogo.cn/mmopen/ajNVdqHZLLDsUyGIlic2riaYqW3eg3EHibEGnJwgtJJFR9Jb8tO2M7js0CzCP1zTNWicDQniceGhVDCNxGicbicrr3emSnnESAsPYpD9hMFWGicmiadg/0','a:0:{}'),
('454','oFnZ-twePI6tu_HD15JgaP0L-UUU','学一',null,'null','1','zh_CN','江苏','徐州','中国','http://wx.qlogo.cn/mmopen/mOW261WJzibvZDx6tMLMXShhIIhEX9TavyqfYWwojgKttuicFZy461mEWkfPaOzw8af8kQePWyuYIeF2xSibICv0Q/0','a:0:{}'),
('455','oFnZ-ty1_oVHX0K-o-OlthqUQxjc','',null,'null','0','','','','','','a:0:{}'),
('456','oFnZ-t4MFSU51X3ZCbVAxsOs_ezQ','',null,'null','0','','','','','','a:0:{}'),
('457','oFnZ-t56aB2OQGLTNac4i36T9URI','',null,'null','0','','','','','','a:0:{}'),
('458','oFnZ-t3nyJPPSr00qxbENZFyNeG4','思懿妈妈',null,'null','0','zh_CN','','','','','a:0:{}'),
('459','oFnZ-tzJvyN3ZdM6068B_cn6zVRM','A 可儿大美妞（卖防臭袜的）','397','null','2','zh_CN','山东','临沂','中国','http://wx.qlogo.cn/mmopen/ajNVdqHZLLBMKiavUANYjDbPNeANeCRhESecpEfZ59MD1La3nAkm5RBDecWicRS7YaNHa97A1FibBCacicYmoBCmpQ/0','a:0:{}'),
('460','oFnZ-t9UrVaFy-ajNrN4CMk4NqGQ','DSP移动场景营销18953999555',null,'null','1','zh_CN','山东','临沂','中国','http://wx.qlogo.cn/mmopen/ryInS4jYaj5ATk0yskSSG2B5HM023l506aMFCSd8PSMsOk83rlphkr0t5MMuQicBFu7dVCBcKxpBibcNrGZ3Rw9AsdfT2AAnlZ/0','a:0:{}'),
('461','oFnZ-tzYNCLfL5eOJm5WTEVFxoig','刘娜15305392522财务会计','399','null','2','zh_CN','山东','临沂','中国','http://wx.qlogo.cn/mmopen/mOW261WJzibtQdeicgRd4hohRhtoHsALfia8fekp5vdpmsiaPZnJHBwibOlhcpO0iaFcEqOZvYduCAgul0NCfXXl86fqmicBjXfoAPo/0','a:0:{}'),
('462','oFnZ-t9Mke7EQzBhKX8V1tOV9hoA','荷塘月色','402','null','2','zh_CN','山东','临沂','中国','http://wx.qlogo.cn/mmopen/mOW261WJzibtQdeicgRd4hoqLJ4bibR0IBkaI05yBqZtIibUhRw2fEia58TJeZjNcZOsHib4LOGjw6oRQea6595koqNY1fBuVodDyD/0','a:0:{}'),
('463','oFnZ-t88tfs5-5bcEsDTi2oKyqYM','乐♥媽','401','null','2','zh_CN','山东','临沂','中国','http://wx.qlogo.cn/mmopen/mOW261WJzibtQdeicgRd4honfB8sO6DGJBd1qGibePNZjib7FxfxHxV0wUM908DB6Y67qEOJHVeh8zUv8mw2dRwP187EbQtUgkyE/0','a:0:{}'),
('464','oFnZ-t_1pIylG3i3bmegP2VbMjCw','文文',null,'null','2','zh_CN','山东','临沂','中国','http://wx.qlogo.cn/mmopen/mOW261WJzibuBcrSajs0bJsUcstjQVg7Xy3Vu5ibCT8plfiboicTqDvWBFn7icTLeUx3An5c1j7pV6t3bo09kRFcpxQ/0','a:0:{}'),
('465','oFnZ-t0wgdpYPI8KweGLd9LJOzT0','Candy','404','null','2','zh_CN','上海','闸北','中国','http://wx.qlogo.cn/mmopen/Kwv0ftVtB482zfb8hMhsh5eTTed1bZhN8jNkHkfDE70tW7NUJKNYFlbyCTBCtibGBLnHPAh0uVocRjfRwvtVg2icv0EqlKTicNQ/0','a:0:{}'),
('466','oFnZ-t07N3ADgkYHJq3qqzzuyCI4','冉^_^','406','null','2','zh_CN','山东','济宁','中国','http://wx.qlogo.cn/mmopen/IVBGfN6mdADz4FCTy6libs1CNOcVm2wYabA0XYkeZz57YzH6e8PWzzcGorYQOVqjrzTp3WQyfgib5T3icIibeKhrQXjfZu6ibeicSf/0','a:0:{}'),
('467','oFnZ-twM8b6fhv8J1q5xcqmyP4A0','赵聪15605396616',null,'null','1','zh_CN','山东','临沂','中国','http://wx.qlogo.cn/mmopen/ryInS4jYaj7qfNBHykcIK2Kk0Zgym1rHd9topqgYRCGTNpibJk2LhYZtePha2mdbTDprm3oBjicqsK6WxulOWN2dKiavQj8Htgb/0','a:0:{}'),
('468','oFnZ-t7253_Lc_g8SfauK_oHRkTc','无尘',null,'null','2','zh_CN','山东','临沂','中国','http://wx.qlogo.cn/mmopen/BGOzbkwMZib6x6bj0GYaUeicrRT3QG1Nql1U1z392UClGlBpspqZebbaezP1ojibvno6fQiazSDYXb5icpMTsWU6XX8ibnUlJTuiakS/0','a:0:{}');
DROP TABLE IF EXISTS  `pay_payment`;
CREATE TABLE `pay_payment` (
  `id` bigint(20) NOT NULL AUTO_INCREMENT COMMENT '支付主键',
  `code` varchar(50) COLLATE utf8_bin DEFAULT NULL COMMENT '支付编码',
  `name` varchar(50) COLLATE utf8_bin DEFAULT NULL COMMENT '支付名称',
  `type` varchar(10) COLLATE utf8_bin DEFAULT NULL COMMENT '支付类型：online,offline,bank,cod',
  `remark` varchar(200) COLLATE utf8_bin DEFAULT NULL COMMENT '备注',
  `order_sort` int(11) NOT NULL DEFAULT '0' COMMENT '排序',
  PRIMARY KEY (`id`)
) ENGINE=InnoDB AUTO_INCREMENT=3 DEFAULT CHARSET=utf8 COLLATE=utf8_bin ROW_FORMAT=DYNAMIC COMMENT='支付方式';

insert into `pay_payment`(`id`,`code`,`name`,`type`,`remark`,`order_sort`) values
('1','alipay_yiqingo','支付宝支付','online','支付宝','3'),
('2','wpay_yiqingo','微信支付','online','000','50');
DROP TABLE IF EXISTS  `pay_payment_config`;
CREATE TABLE `pay_payment_config` (
  `id` bigint(20) NOT NULL AUTO_INCREMENT COMMENT '主键',
  `payment_id` bigint(20) DEFAULT NULL COMMENT '支付主键',
  `code` varchar(50) COLLATE utf8_bin DEFAULT NULL COMMENT '参数名',
  `value` varchar(1000) COLLATE utf8_bin DEFAULT NULL COMMENT '参数值',
  `remark` varchar(500) COLLATE utf8_bin DEFAULT NULL COMMENT '参数说明',
  `order_sort` int(11) DEFAULT '0' COMMENT '排序',
  PRIMARY KEY (`id`)
) ENGINE=InnoDB AUTO_INCREMENT=25 DEFAULT CHARSET=utf8 COLLATE=utf8_bin ROW_FORMAT=DYNAMIC COMMENT='支付配置参数';

insert into `pay_payment_config`(`id`,`payment_id`,`code`,`value`,`remark`,`order_sort`) values
('1','2','APPID','wxef197cf8e8c44345','公众账号ID','1'),
('3','2','APPSECRET','d692b376b56145d292a778bdf8e58c3e','JSAPI接口中获取openid，审核后在公众平台开启开发模式后可查看','2'),
('4','2','MCH_ID','1272764601','商户号','3'),
('5','2','KEY','zxcvbnmASDFGHJ123456789123456789','KEY','4'),
('6','2','NOTIFY_URL','/payApi/getWxPayResult','微信支付回调路径','5'),
('7','2','VERIFY_URL','https://api.mch.weixin.qq.com/pay/orderquery','微信支付结果验证地址','6'),
('11','1','ALIPAY_GATEWAY_NEW','https://mapi.alipay.com/gateway.do?','接入网关URL(新)','1'),
('12','1','HTTPS_VERIFY_URL','https://mapi.alipay.com/gateway.do?service=notify_verify&','支付宝消息验证地址','2'),
('13','1','ALIPAY_TRADE_QUERY','https://openapi.alipay.com/gateway.do','订单查询接口','3'),
('14','1','ALIPAY_TRADE_OLDQUERY','https://mapi.alipay.com/gateway.do','订单查询老接口','4'),
('15','1','ALIPAY_DEVELOG_ID','2016041601304472','开发者应用id','5'),
('16','1','RSA_ALIPAY_PUBLIC','MIGfMA0GCSqGSIb3DQEBAQUAA4GNADCBiQKBgQClA/g6tNcTntlkDPsGzrebXELnCryONsacl4DcPoqqZJlkKRGT+EtG2WCcTTpiML1gE3Ii3CBFg9VCIoLNzNQrzAobaUoRAV03vi99FgxQNecM4IYs+rUmTfhI0L4B2pAA01Zi8c3KUOG+MySe62KEoKBoOQxOtlp4Y7dCz86EsQIDAQAB','支付宝RSA公钥','6'),
('17','1','RSA_ALIPAY_PRIVATE','MIICdwIBADANBgkqhkiG9w0BAQEFAASCAmEwggJdAgEAAoGBAKUD+Dq01xOe2WQM+wbOt5tcQucKvI42xpyXgNw+iqpkmWQpEZP4S0bZYJxNOmIwvWATciLcIEWD1UIigs3M1CvMChtpShEBXTe+L30WDFA15wzghiz6tSZN+EjQvgHakADTVmLxzcpQ4b4zJJ7rYoSgoGg5DE62Wnhjt0LPzoSxAgMBAAECgYEAmkv77+josw/1dfgtQVBJnpvGcwM3DENrs0B23XodbvZh96XvKc0hlj3seDo+PVIVwaBtOOtbwaRj5FMgvA6q1Eg1Lv7bVKjzsQ2h3uTHYFN7uGzLz1t8NydSWG2HJFKm2thIQXuL4TlBVknzXpEpucDs2Ac+PR7Fg9pdi/3SugECQQDYWNLRV+DeaqwduZsQlMLF5eJFAs5iEeyeBYNzopyPqCNTpul5gbAb1U+7Ft3mTcgZUg8SqzpLFvrLpEz/1dHNAkEAw0Khzx0ErBHaF6AS68Yix/vE+VcA2uUvpXtCweeWHL0qGhMX3dbgka3akfKUwJn4pAUex+g2p2jG2htbB1IqdQJAGJLeP1EQBbNwIWA3sMZ06S2XaedLse//RGOz7qqFxft/J71Jv7dvXXn5OHL8eXBUTiv38lLoqCbQDdl3tYd/8QJBAIM7smLwPuajLPB5/p2GUnQUbAOlDQcRyF8xI+INE2AHZ1eVA5JuzAo9TcyPvJhiI7GhW1nCYZFMo3GNtzWJbM0CQFHxCNY3dUi00w54qOnhlMq0KK0hbRiElwuLqDlgNecLAROUddLHTSo3n+Azrtw3uVEsdqbiqL9HPbjTov0wIbw=','支付宝RSA私钥','7'),
('18','1','ALIPAY_PARTNER','2088221679831122','合作身份者ID','8'),
('19','1','ALIPAY_SELLER_ID','2088221679831122','收款支付宝账号','9'),
('20','1','ALIPAY_SELLER_EMAIL','2716286985@qq.com','收款支付宝账号','10'),
('21','1','ALIPAY_SIGN_KEY','wn51uexiryl2uis2f66as61cy3q1zb6y','MD5密钥','11'),
('22','1','ALIPAY_FORMAL_SELLER_EMAIL','yiqingou2015@126.com','支付宝账号','12'),
('23','1','ALIPAY_FORMAL_PARTNER','2088121433463894','支付宝正式id','13'),
('24','1','ALIPAY_FORMAL_SIGN_KEY','rj8wj14phqqtvzancz5u6fpezohnar3a','支付宝正式MD5密钥','14');
DROP TABLE IF EXISTS  `system_api`;
CREATE TABLE `system_api` (
  `id` bigint(20) NOT NULL AUTO_INCREMENT COMMENT '主键',
  `api_group` varchar(50) NOT NULL DEFAULT '0' COMMENT 'API组',
  `name` varchar(50) DEFAULT NULL COMMENT 'API名称',
  `description` text COMMENT '接口说明',
  `uri` varchar(150) DEFAULT NULL COMMENT '地址',
  `params` varchar(500) DEFAULT NULL COMMENT '参数',
  `return_values` text COMMENT '返回值',
  PRIMARY KEY (`id`)
) ENGINE=InnoDB AUTO_INCREMENT=44 DEFAULT CHARSET=utf8 ROW_FORMAT=DYNAMIC COMMENT='系统API';

insert into `system_api`(`id`,`api_group`,`name`,`description`,`uri`,`params`,`return_values`) values
('1','用户API','保存微信用户信息','用户注册和保存用户信息的使用试用此接口','/api/user/save','微信用户信息：
{city:"临沂"
country:"中国"
headimgurl:"http://wx.qlogo.cn/mmopen/ryInS4jYaj5ATk0yskSSG1sZYn22ksUg5mTicqem11rr0zMjCMc1ojypy034LXzS1a6BHdJty9pv0ZYRlnegibsMqM0MByG84W/0"
language:"zh_CN"
nickname:"中强"
openid:"oFnZ-txT73jGln-_oNtu7tQ4wSSc"
privilege:"a:0:{}"
province:null
realname:null
sex:"1"
}','返回处理结果'),
('2','用户API','获取微信用户','根据openid获取用户信息','/api/user/findUser','openid','微信用户信息'),
('3','商品API','获取商品列表','获取商品列表','/api/goods/findGoods','无','商品列表'),
('4','商品API','商品详情信息','商品详情信息','/api/goods/findGoodsInfo','商品:id','商品信息'),
('5','广告API','根据广告编码获取广告','根据广告编码显示出所有广告','/api/ad/listByPositionCode','广告编码:code','该广告位下的广告列表'),
('6','用户API','用户地址详情','根据openid和地址id获取地址信息','/api/address/findByOpenid','openid：用户openid,addressid:地址id','用户的地址信息'),
('7','用户API','获取用户的所有地址信息','根据openid获取用户的所有地址信息分页返回','/api/address/findAllByOpenid','openid,分页信息','用户地址分页信息'),
('8','用户API','用户地址保存','保存用户的地址信息','/api/address/save','用户地址信息数据','保存后的结果'),
('9','用户API','用户地址删除','删除用户的地址信息','/api/address/delete','openid,addressId','操作结果'),
('10','商品API','即将开团接口','获取即将开团的接口','/api/goods/toBegin','无','即将开团的商品列表'),
('11','商品API','获得推荐商品','获得推荐商品列表','/api/goods/recommend','推荐位置code和分页
code
page
size','商品列表'),
('12','商品API','获取推荐的团商品','根据编码获取推荐的团商品','/api/group/recommend','code:推荐位编码','团推荐的商品'),
('13','商品API','即将开始的团','分页获取即将开始的团','/api/group/toBegin','page:分页以0开始
size:分页大小','返回即将开始的团'),
('14','交易API','订单开团','用户商品开团','/api/tuan/open','/**
	 * 开团
	 * @param userId 用户id
	 * @param groupId 团Id
	 * @param addressId 地址ID
	 * @return
	 */','返回开完的团信息'),
('15','交易API','参团接口','用户参团接口','/api/tuan/join','/**
   * 用户参团
   * @param tuanId 团id
   * @param userId 用户id
   * @param addressId 地址id
   * @return 参团结果
   */','/**
   * 用户参团
   * @param tuanId 团id
   * @param userId 用户id
   * @param addressId 地址id
   * @return 参团结果
   */'),
('16','交易API',' 用户的团订单列表','用户的团订单列表','/api/tuan/list','/**
	 * 用户的团订单列表
	 * @param openid 用户的openid
	 * @param status 状态
	 * @param pageable 分页
	 * @return 返回想用的用户订单列表
	 */','@return 返回想用的用户订单列表'),
('17','商品API','获取当前团商品的参团未成团的团 ','获取当前团商品的参团未成团的团 ','/api/tuan/listByGroup','/**
* 获取当前团商品的参团未成团的团 
* @param groupId 团商品
* @param pageable 分页 这里有两个参数：page ,size
* @return
*/','返回该团商品的未成团的团'),
('18','商品API','团商品详情','团商品详情','/api/group/detail','id:团商品的id','团商品信息'),
('19','用户API','全参数','安全参数','无','timestamp:当前的时间戳
appid:appid为自定义的内容
sign：md5(appkey+appid+timestamp+uri+appkey)

appkey:!!!weixinpintuan!!! 这个不能放在url中进行传递','如果签名正确可以访问到请求，否则，该请求会被忽略'),
('20','用户API','获取用户默认地址','用户默认地址','/api/address/default','openid:用户openid','用户默认地址或者是null'),
('21','交易API','团详情','团详情','/api/tuan/info','id:团详情的id','该团的团详情信息'),
('22','交易API','根据父类获取下面的省市区','根据父类获取下面的省市区','/api/region/loadByParentId','parentId 父类，第一个是0l','父类下面的地区列表'),
('23','用户API','设置用户的默认地址','设置用户的默认地址','/api/address/asDefault','/**
	 * 设置用户的默认地址
	 * @param openid 用户的openid
	 * @param addressId 用户的地址id
	 * @return 成功或者失败
	 */','/**
	 * 设置用户的默认地址
	 * @param openid 用户的openid
	 * @param addressId 用户的地址id
	 * @return 成功或者失败
	 */'),
('24','用户API','订单数量统计','订单数量统计','/api/bill/count','openid:用户的openid','返回订单统计数量'),
('25','交易API','用户订单列表','用户订单列表','/api/bill/list','/**
	 * 用户订单列表
	 * @param openid 用户openid
	 * @param status 订单状态
	 * @return 订单列表
	 */','/**
	 * 用户订单列表
	 * @param openid 用户openid
	 * @param status 订单状态
	 * @return 订单列表
	 */'),
('26','用户API','订单状态','订单状态','order_status','订单状态：
wait_pay:待付款;
wait_join:待成团;
wait_shipping待发货;
wait_receive:待收货;
wait_comment:待评价;
successed:已完成;
wait_refund_goods:待退货
wait_refund_money:待退款
closed:已关闭;','订单状态：
wait_pay:待付款;
wait_join:待成团;
wait_shipping待发货;
wait_receive:待收货;
wait_comment:待评价;
successed:已完成;
wait_refund_goods:待退货
wait_refund_money:待退款
closed:已关闭;'),
('27','商品API','团商品关注','团商品关注','/api/group/addAttenion','/**
	 * 团商品关注
	 * @param userId 用户的主键
	 * @param groupId 团id
	 * @return 团商品的关注结果
	 */','/**
	 * 团商品关注
	 * @param userId 用户的主键
	 * @param groupId 团id
	 * @return 团商品的关注结果
	 */'),
('28','商品API','团商品收藏','团商品收藏','/api/group/addFavorite','/**
	 * 团商品收藏
	 * @param userId 用户的主键
	 * @param groupId 团商品Id
	 * @return 团商品的收藏结果
	 */','/**
	 * 团商品收藏
	 * @param userId 用户的主键
	 * @param groupId 团商品Id
	 * @return 团商品的收藏结果
	 */'),
('29','交易API','订单详情列表','订单详情列表','/api/bill/info','/**
	 * 订单详情列表
	 * @param openid 用户openid
	 * @param id 订单详情
	 * @return 订单详情
	 */','/**
	 * 订单详情列表
	 * @param openid 用户openid
	 * @param id 订单详情
	 * @return 订单详情
	 */'),
('30','商品API','用户的关注列表','用户的关注列表','/api/attention/list','/**
	 * 用户的关注列表
	 * @param userId 用户id
	 * @param pageable 分页
	 * @return 用的关注列表
	 */','/**
	 * 用户的关注列表
	 * @param userId 用户id
	 * @param pageable 分页
	 * @return 用的关注列表
	 */'),
('31','商品API','用户的搜藏列表','用户的搜藏列表','/api/favorite/list','/**
	 * 用户的搜藏列表
	 * @param userId 用户id
	 * @param pageable 分页参数
	 * @return 用户的搜藏列表
	 */','/**
	 * 用户的搜藏列表
	 * @param userId 用户id
	 * @param pageable 分页参数
	 * @return 用户的搜藏列表
	 */'),
('32','交易API','取消订单','取消订单','/api/bill/cancle','/**
	 * 用户订单取消
	 * @param openid 用户openid
	 * @param id 订单id
	 * @return 操作结果
	 */','/**
	 * 用户订单取消
	 * @param openid 用户openid
	 * @param id 订单id
	 * @return 操作结果
	 */'),
('33','用户API',' 取消关注',' 取消关注','/api/attention/delete','/**
	 * 取消关注
	 * @param userId 用户id
	 * @param groupId 团商品信息
	 * @return 操作结果
	 */','/**
	 * 取消关注
	 * @param userId 用户id
	 * @param groupId 团商品信息
	 * @return 操作结果
	 */'),
('34','用户API','取消收藏','取消收藏','/api/favorite/delete','/**
	 * 取消收藏
	 * @param userId 用户id
	 * @param groupId 团商品信息
	 * @return 操作结果
	 */','/**
	 * 取消收藏
	 * @param userId 用户id
	 * @param groupId 团商品信息
	 * @return 操作结果
	 */'),
('35','交易API','待成团','商品状态切换','/api/tuan/waitjoin','/**
	 * 待成团
	 * @param id 团订单id
	 * @return tuanOrder
	 */','/**
	 * 待成团
	 * @param id 团订单id
	 * @return tuanOrder
	 */'),
('36','交易API','代发货','商品状态切换','/api/tuan/waitreceive','/**
	 * 代发货
	 * @param id 团订单id
	 * @return tuanOrder tuan
	 */','/**
	 * 代发货
	 * @param id 团订单id
	 * @return tuanOrder tuan
	 */'),
('37','交易API','代评价','商品状态切换','/api/tuan/waitcomment','/**
	 * 代评价
	 * @param id 团订单id
	 * @return tuanOrder
	 */','/**
	 * 代评价
	 * @param id 团订单id
	 * @return tuanOrder
	 */'),
('38','交易API','代收获','商品状态切换','/api/tuan/waitshipping','/**
	 * 代收获
	 * @param id 团订单id
	 * @return tuan tuanOrder
	 */','/**
	 * 代收获
	 * @param id 团订单id
	 * @return tuan tuanOrder
	 */'),
('39','交易API','购买成功','商品状态切换','/api/tuan/successed','/**
	 * 购买成功
	 * @param id 团订单id
	 * @return tuanOrder
	 */','/**
	 * 购买成功
	 * @param id 团订单id
	 * @return tuanOrder
	 */'),
('40','交易API','待退货','商品状态切换','/api/tuan/waitrefundgoods','/**
	 * 待退货
	 * @param id 团订单id
	 * @return tuanOrder tuan
	 */','/**
	 * 待退货
	 * @param id 团订单id
	 * @return tuanOrder tuan
	 */'),
('41','交易API','待退款','商品状态切换','/api/tuan/waitrefundmoney','/**
	 * 待退款
	 * @param id 团订单id
	 * @return tuanOrder
	 */','/**
	 * 待退款
	 * @param id 团订单id
	 * @return tuanOrder
	 */'),
('42','商品API','获取评论数据','获取评论数据','/api/goods/findComment','/**
	 * 获取评论数据
	 * @param goodsId 商品ID
	 * @return 商品 
	 */','/**
	 * 获取评论数据
	 * @param goodsId 商品ID
	 * @return 商品 
	 */'),
('43','付款API','退款接口','退款接口','http://wx.yiqingo.net/Api/WxPay/Refund','string refundNo,string tradeNo,decimal refundFee, decimal totalFee,string transactionId

refundNo 商户退款单号
tradeNo 商户订单号
refundFee 退款金额
totalFee 订单金额
transactionId 微信订单号
','string refundNo,string tradeNo,decimal refundFee, decimal totalFee,string transactionId');
DROP TABLE IF EXISTS  `system_function`;
CREATE TABLE `system_function` (
  `id` bigint(20) NOT NULL AUTO_INCREMENT COMMENT '功能主键',
  `uri` varchar(200) NOT NULL COMMENT '统一资源标识符',
  `name` varchar(20) DEFAULT NULL COMMENT '资源名称',
  `icon_cls` varchar(20) DEFAULT NULL COMMENT '图标样式',
  `state` varchar(10) DEFAULT NULL COMMENT 'closed:关闭，open:打开',
  `type` varchar(20) DEFAULT NULL COMMENT '资源类型：function:功能;menu:菜单;module:模块;system:系统;一个系统有多个模块，一个模块包含多个功能',
  `parent_id` bigint(20) DEFAULT NULL COMMENT '父类',
  `description` varchar(500) DEFAULT NULL COMMENT '描述',
  `sort` int(11) DEFAULT NULL COMMENT '排序字段',
  PRIMARY KEY (`id`)
) ENGINE=InnoDB AUTO_INCREMENT=87 DEFAULT CHARSET=utf8 ROW_FORMAT=DYNAMIC COMMENT='系统功能';

insert into `system_function`(`id`,`uri`,`name`,`icon_cls`,`state`,`type`,`parent_id`,`description`,`sort`) values
('23','system','系统管理','icon-system','closed','module',null,'系统管理','1000'),
('24','/organization/list','组织架构管理','icon-organize','','menu','23','组织架构管理','1'),
('25','/user/index','用户管理','icon-user','','menu','23','用户管理','2'),
('26','/role/list','角色管理','icon-role','','menu','23','角色管理','3'),
('29','/privilege/list','权限管理','icon-authority','','menu','23','权限管理','7'),
('33','/loginLog/list','登录日志','icon-loginlog','','menu','23','','10'),
('34','/operationLog/list','操作日志','icon-loginlog','','menu','23','','11'),
('35','/userRole/list','用户角色分配','icon-assignments','','menu','23','','4'),
('39','business','用户中心','icon-user','closed','module',null,'业务','2'),
('40','/wxUser/list','微信用户','icon-wxuser','','menu','39','微信用户','1'),
('46','system','商品管理','icon-goods','open','module',null,'商品管理','1'),
('47','/goods/list','商品列表','icon-list','','menu','46','商品列表','2'),
('48','system','广告管理','icon-ad','closed','module',null,'广告管理','10'),
('49','/ad/list','广告管理','icon-ad','','menu','48','广告管理','1'),
('51','system','订单管理','icon-order','closed','module',null,'订单管理','3'),
('52','/order/list','订单管理','icon-ordermanage','','menu','51','订单管理','2'),
('59','/comment/list','评价管理','icon-commentmanage','','menu','51','评价管理','3'),
('61','/api/list','系统API','icon-api','','menu','23','','8'),
('63','/refund/list','退款退货','icon-refundmanage','','menu','51','退款退货','4'),
('65','/recommendGoods/list','商品推荐','icon-recommend','','menu','46','','3'),
('66','data','基础数据','icon-data','open','module',null,'','100'),
('67','/shipping/list','快递公司','icon-shipping','','menu','66','','1'),
('68','/region/list','地区管理','icon-area','','menu','66','','2'),
('69','/tuan/list','拼团管理','icon-tunamanage','','menu','51','','1'),
('70','/function/list','功能管理','icon-function','','menu','23','','3'),
('71','/userAddress/list','用户地址','icon-address','','menu','39','用户地址','2'),
('72','/goodsGroup/list','拼团设置','icon-setuan','','menu','46','','4'),
('73','/recommendGroup/list','拼团推荐','icon-tuan','','menu','46','拼团推荐','5'),
('75','/shippingFee/list','运费设置',null,null,'menu','66','','3'),
('76','/shippingFee/list','快递地区运费',null,null,'menu','66','快递地区运费','4'),
('77','/category/list','分类管理','icon-classify','','menu','46','','1'),
('78','/favorite/list','我的收藏','icon-keep','','menu','39','我的收藏','12'),
('79','/attention/list','预约关注','icon-attention','','menu','39','预约关注','10'),
('80','test','测试模块','','','module',null,'','1000'),
('81','/organization/treetest.html','组织架构树','','','menu','80','',null),
('82','/payment/list','支付方式','icon-pay','','menu','66','','5'),
('83','/weixin/wxAuthApp/list','公众号管理','icon-system','','module',null,'','10000'),
('84','/weixin/wxAuthApp/list','公众号列表','icon-user','','menu','83','','2'),
('85','/weixin/wxAppUser/list','微信授权用户','icon-user','','menu','83','','3'),
('86','/weixin/wxAppConfig/list','微信配置列表','icon-system','','menu','83','','1');
DROP TABLE IF EXISTS  `system_login_log`;
CREATE TABLE `system_login_log` (
  `id` bigint(20) NOT NULL AUTO_INCREMENT,
  `ip` varchar(255) DEFAULT NULL,
  `login_time` datetime DEFAULT NULL,
  `realname` varchar(255) DEFAULT NULL,
  `status` varchar(255) DEFAULT NULL,
  `user_id` bigint(20) DEFAULT NULL,
  `username` varchar(255) DEFAULT NULL,
  PRIMARY KEY (`id`)
) ENGINE=InnoDB AUTO_INCREMENT=19 DEFAULT CHARSET=utf8 ROW_FORMAT=DYNAMIC COMMENT='系统登录日志';

insert into `system_login_log`(`id`,`ip`,`login_time`,`realname`,`status`,`user_id`,`username`) values
('1','127.0.0.1','2016-12-22 09:23:48',null,'非法用户',null,'admin'),
('2','127.0.0.1','2016-12-22 09:23:49',null,'非法用户',null,'admin'),
('3','127.0.0.1','2016-12-22 13:28:41',null,'非法用户',null,'admin'),
('4','127.0.0.1','2016-12-22 13:28:41',null,'非法用户',null,'admin'),
('5','127.0.0.1','2016-12-22 13:28:42',null,'非法用户',null,'admin'),
('6','127.0.0.1','2016-12-22 14:28:11',null,'非法用户',null,'admin'),
('7','127.0.0.1','2016-12-23 14:02:18',null,'非法用户',null,'admin'),
('8','127.0.0.1','2016-12-23 15:49:16',null,'非法用户',null,'admin'),
('9','127.0.0.1','2016-12-24 13:52:50',null,'非法用户',null,'admin'),
('10','127.0.0.1','2016-12-26 13:41:42',null,'非法用户',null,'admin'),
('11','127.0.0.1','2016-12-27 13:51:04',null,'非法用户',null,'admin'),
('12','127.0.0.1','2016-12-28 10:28:40',null,'非法用户',null,'admin'),
('13','127.0.0.1','2016-12-28 11:47:28',null,'非法用户',null,'admin'),
('14','127.0.0.1','2016-12-29 12:26:23',null,'非法用户',null,'admin'),
('15','127.0.0.1','2016-12-29 13:20:15',null,'非法用户',null,'admin'),
('16','127.0.0.1','2016-12-29 13:20:18',null,'非法用户',null,'admin'),
('17','127.0.0.1','2016-12-29 13:20:23',null,'非法用户',null,'admin'),
('18','127.0.0.1','2016-12-29 21:26:18',null,'非法用户',null,'admin');
DROP TABLE IF EXISTS  `system_operation_log`;
CREATE TABLE `system_operation_log` (
  `id` bigint(20) NOT NULL AUTO_INCREMENT,
  `function_name` varchar(255) DEFAULT NULL,
  `function_uri` varchar(255) DEFAULT NULL,
  `ip` varchar(255) DEFAULT NULL,
  `operation_time` datetime DEFAULT NULL,
  `realname` varchar(255) DEFAULT NULL,
  `role_code` varchar(255) DEFAULT NULL,
  `role_name` varchar(255) DEFAULT NULL,
  `status` varchar(255) DEFAULT NULL,
  `user_id` varchar(255) DEFAULT NULL,
  `username` varchar(255) DEFAULT NULL,
  PRIMARY KEY (`id`)
) ENGINE=InnoDB DEFAULT CHARSET=utf8 ROW_FORMAT=DYNAMIC COMMENT='系统操作日志';

DROP TABLE IF EXISTS  `system_organization`;
CREATE TABLE `system_organization` (
  `id` bigint(20) NOT NULL AUTO_INCREMENT COMMENT '主键',
  `code` varchar(50) DEFAULT NULL COMMENT '机构编码',
  `name` varchar(255) DEFAULT NULL COMMENT '机构名称',
  `parent_id` bigint(20) DEFAULT NULL COMMENT '父id',
  `path` varchar(500) DEFAULT NULL COMMENT '路径',
  `sort` int(11) DEFAULT NULL COMMENT '排序',
  PRIMARY KEY (`id`),
  KEY `FKbnoir82m8ed9glmbre81j8kus` (`parent_id`)
) ENGINE=InnoDB AUTO_INCREMENT=32 DEFAULT CHARSET=utf8 ROW_FORMAT=DYNAMIC COMMENT='组织结构';

insert into `system_organization`(`id`,`code`,`name`,`parent_id`,`path`,`sort`) values
('17','0001','伊亲电子商务有限公司',null,'/',null),
('18','0004','信息中心','17','/0001/',null),
('20','6756','营销中心','17','/0001/',null),
('21','soft','软件部','18','/0001/0004/',null),
('22','213213','伊亲东北分公司',null,'/',null),
('24','236','游泳部','22','/213213/',null),
('26','yuchi','浴池','24','/213213/236/',null),
('29','0003','市场策划部','20','/0001/6756/',null),
('30','0002','招商部','20','/0001/6756/',null);
DROP TABLE IF EXISTS  `system_privilege`;
CREATE TABLE `system_privilege` (
  `id` bigint(20) NOT NULL AUTO_INCREMENT COMMENT '权限主键',
  `role_id` bigint(20) NOT NULL COMMENT '角色编码',
  `function_id` bigint(20) NOT NULL COMMENT '功能资源地址',
  `function_uri` varchar(255) DEFAULT NULL,
  `role_code` varchar(255) DEFAULT NULL,
  PRIMARY KEY (`id`)
) ENGINE=InnoDB AUTO_INCREMENT=170 DEFAULT CHARSET=utf8 ROW_FORMAT=DYNAMIC COMMENT='系统权限表';

insert into `system_privilege`(`id`,`role_id`,`function_id`,`function_uri`,`role_code`) values
('73','7','23',null,null),
('77','7','29',null,null),
('81','7','26',null,null),
('82','7','25',null,null),
('103','7','27',null,null),
('106','6','23','system',null),
('111','6','29','/privilege/list',null),
('112','6','27','/function/list',null),
('113','6','26','/role/list',null),
('114','6','25','/user/index',null),
('115','6','24','/organization/list',null),
('116','5','23','system',null),
('117','5','26','/role/list',null),
('118','5','27','/function/list',null),
('119','6','32','/privilege/list',null),
('120','6','33','/loginLog/list',null),
('121','6','34','/operationLog/list',null),
('122','6','35','/userRole/list',null),
('123','6','39','business',null),
('124','6','40','/wxUser/list',null),
('125','6','41','test',null),
('126','6','46','/goods/list',null),
('127','6','47','/goods/list',null),
('131','6','50','/adPosition/list',null),
('132','6','51','system',null),
('133','6','52','/tuan/list',null),
('134','6','53','/tuanOrder/list',null),
('135','6','54','/address/list',null),
('136','6','55','/tuan/list',null),
('137','6','56','/tuan/list',null),
('138','6','57','/shipping/list',null),
('139','6','58','/shipping/list',null),
('140','6','59','/comment/list',null),
('141','6','60','api',null),
('142','6','61','/api/list',null),
('143','6','62','/refund/list',null),
('144','6','63','/refund/list',null),
('145','6','64','/region/list',null),
('146','6','65','/recommend/list',null),
('147','6','66','data',null),
('149','6','68','/region/list',null),
('150','6','69','/tuan/list',null),
('151','6','70','/function/list',null),
('152','6','71','/userAddress/list',null),
('153','6','72','/goodsGroup/list',null),
('154','6','73','/recommendGroup/list',null),
('157','6','49','/ad/list',null),
('158','6','48','system',null),
('159','6','77','/category/list',null),
('160','6','67','/shipping/list',null),
('161','6','78','/favorite/list',null),
('162','6','79','/attention/list',null),
('163','6','81','/organization/treetest.html',null),
('164','6','80','test',null),
('165','6','82','/payment/list',null),
('166','6','83','/weixin/wxAuthApp/list',null),
('167','6','84','/weixin/wxAuthApp/list',null),
('168','6','85','/weixin/wxAppUser/list',null),
('169','6','86','/weixin/wxAppConfig/list',null);
DROP TABLE IF EXISTS  `system_region`;
CREATE TABLE `system_region` (
  `region_id` bigint(20) unsigned NOT NULL DEFAULT '0' COMMENT '主键',
  `parent_id` bigint(20) unsigned DEFAULT NULL COMMENT '所属区域id',
  `region_name` varchar(120) DEFAULT NULL COMMENT '区域名称',
  `is_display` int(1) DEFAULT NULL COMMENT '是否显示1-显示',
  `belongs_bigregion` varchar(20) DEFAULT NULL COMMENT '所属大区：华东、华北等，存汉字，总共就这些个区域',
  `full_region_name` varchar(300) DEFAULT NULL COMMENT '区域全地址',
  `region_type` int(11) DEFAULT NULL COMMENT '地区类型',
  PRIMARY KEY (`region_id`),
  KEY `parent_id` (`parent_id`)
) ENGINE=InnoDB DEFAULT CHARSET=utf8 ROW_FORMAT=DYNAMIC COMMENT='地区表';

insert into `system_region`(`region_id`,`parent_id`,`region_name`,`is_display`,`belongs_bigregion`,`full_region_name`,`region_type`) values
('0','0','','1',null,null,null),
('1','0','中国','1','','中国',null),
('2','1','北京','1','华北','中国 北京',null),
('3','1','安徽','1','华东','中国 安徽',null),
('4','1','福建','1','华南','中国 福建',null),
('5','1','甘肃','1','西北','中国 甘肃',null),
('6','1','广东','1','华南','中国 广东',null),
('7','1','广西','1','华南','中国 广西',null),
('8','1','贵州','1','西南','中国 贵州',null),
('9','1','海南','1','华南','中国 海南',null),
('10','1','河北','1','华北','中国 河北',null),
('11','1','河南','1','华中','中国 河南',null),
('12','1','黑龙江','1','东北','中国 黑龙江',null),
('13','1','湖北','1','华中','中国 湖北',null),
('14','1','湖南','1','华中','中国 湖南',null),
('15','1','吉林','1','东北','中国 吉林',null),
('16','1','江苏','1','华东','中国 江苏',null),
('17','1','江西','1','华东','中国 江西',null),
('18','1','辽宁','1','东北','中国 辽宁',null),
('19','1','内蒙古','1','华北','中国 内蒙古',null),
('20','1','宁夏','1','西北','中国 宁夏',null),
('21','1','青海','1','西北','中国 青海',null),
('22','1','山东','1','华北','中国 山东',null),
('23','1','山西','1','华北','中国 山西',null),
('24','1','陕西','1','西北','中国 陕西',null),
('25','1','上海','1','华东','中国 上海',null),
('26','1','四川','1','西南','中国 四川',null),
('27','1','天津','1','华北','中国 天津',null),
('28','1','西藏','1','西南','中国 西藏',null),
('29','1','新疆','1','西北','中国 新疆',null),
('30','1','云南','1','西南','中国 云南',null),
('31','1','浙江','1','华东','中国 浙江',null),
('32','1','重庆','1','西南','中国 重庆',null),
('33','1','香港','1','港澳台','中国 香港',null),
('34','1','澳门','1','港澳台','中国 澳门',null),
('35','1','台湾','1','港澳台','中国 台湾',null),
('36','3','安庆','1',null,'中国 安徽 安庆',null),
('37','3','蚌埠','1',null,'中国 安徽 蚌埠',null),
('38','3','巢湖','1',null,'中国 安徽 巢湖',null),
('39','3','池州','1',null,'中国 安徽 池州',null),
('40','3','滁州','1',null,'中国 安徽 滁州',null),
('41','3','阜阳','1',null,'中国 安徽 阜阳',null),
('42','3','淮北','1',null,'中国 安徽 淮北',null),
('43','3','淮南','1',null,'中国 安徽 淮南',null),
('44','3','黄山','1',null,'中国 安徽 黄山',null),
('45','3','六安','1',null,'中国 安徽 六安',null),
('46','3','马鞍山','1',null,'中国 安徽 马鞍山',null),
('47','3','宿州','1',null,'中国 安徽 宿州',null),
('48','3','铜陵','1',null,'中国 安徽 铜陵',null),
('49','3','芜湖','1',null,'中国 安徽 芜湖',null),
('50','3','宣城','1',null,'中国 安徽 宣城',null),
('51','3','亳州','1',null,'中国 安徽 亳州',null),
('52','2','北京','1',null,'中国 北京 北京',null),
('53','4','福州','1',null,'中国 福建 福州',null),
('54','4','龙岩','1',null,'中国 福建 龙岩',null),
('55','4','南平','1',null,'中国 福建 南平',null),
('56','4','宁德','1',null,'中国 福建 宁德',null),
('57','4','莆田','1',null,'中国 福建 莆田',null),
('58','4','泉州','1',null,'中国 福建 泉州',null),
('59','4','三明','1',null,'中国 福建 三明',null),
('60','4','厦门','1',null,'中国 福建 厦门',null),
('61','4','漳州','1',null,'中国 福建 漳州',null),
('62','5','兰州','1',null,'中国 甘肃 兰州',null),
('63','5','白银','1',null,'中国 甘肃 白银',null),
('64','5','定西','1',null,'中国 甘肃 定西',null),
('65','5','甘南','1',null,'中国 甘肃 甘南',null),
('66','5','嘉峪关','1',null,'中国 甘肃 嘉峪关',null),
('67','5','金昌','1',null,'中国 甘肃 金昌',null),
('68','5','酒泉','1',null,'中国 甘肃 酒泉',null),
('69','5','临夏','1',null,'中国 甘肃 临夏',null),
('70','5','陇南','1',null,'中国 甘肃 陇南',null),
('71','5','平凉','1',null,'中国 甘肃 平凉',null),
('72','5','庆阳','1',null,'中国 甘肃 庆阳',null),
('73','5','天水','1',null,'中国 甘肃 天水',null),
('74','5','武威','1',null,'中国 甘肃 武威',null),
('75','5','张掖','1',null,'中国 甘肃 张掖',null),
('76','6','广州','1',null,'中国 广东 广州',null),
('77','6','深圳','1',null,'中国 广东 深圳',null),
('78','6','潮州','1',null,'中国 广东 潮州',null),
('79','6','东莞','1',null,'中国 广东 东莞',null),
('80','6','佛山','1',null,'中国 广东 佛山',null),
('81','6','河源','1',null,'中国 广东 河源',null),
('82','6','惠州','1',null,'中国 广东 惠州',null),
('83','6','江门','1',null,'中国 广东 江门',null),
('84','6','揭阳','1',null,'中国 广东 揭阳',null),
('85','6','茂名','1',null,'中国 广东 茂名',null),
('86','6','梅州','1',null,'中国 广东 梅州',null),
('87','6','清远','1',null,'中国 广东 清远',null),
('88','6','汕头','1',null,'中国 广东 汕头',null),
('89','6','汕尾','1',null,'中国 广东 汕尾',null),
('90','6','韶关','1',null,'中国 广东 韶关',null),
('91','6','阳江','1',null,'中国 广东 阳江',null),
('92','6','云浮','1',null,'中国 广东 云浮',null),
('93','6','湛江','1',null,'中国 广东 湛江',null),
('94','6','肇庆','1',null,'中国 广东 肇庆',null),
('95','6','中山','1',null,'中国 广东 中山',null),
('96','6','珠海','1',null,'中国 广东 珠海',null),
('97','7','南宁','1',null,'中国 广西 南宁',null),
('98','7','桂林','1',null,'中国 广西 桂林',null),
('99','7','百色','1',null,'中国 广西 百色',null),
('100','7','北海','1',null,'中国 广西 北海',null),
('101','7','崇左','1',null,'中国 广西 崇左',null),
('102','7','防城港','1',null,'中国 广西 防城港',null),
('103','7','贵港','1',null,'中国 广西 贵港',null),
('104','7','河池','1',null,'中国 广西 河池',null),
('105','7','贺州','1',null,'中国 广西 贺州',null),
('106','7','来宾','1',null,'中国 广西 来宾',null),
('107','7','柳州','1',null,'中国 广西 柳州',null),
('108','7','钦州','1',null,'中国 广西 钦州',null),
('109','7','梧州','1',null,'中国 广西 梧州',null),
('110','7','玉林','1',null,'中国 广西 玉林',null),
('111','8','贵阳','1',null,'中国 贵州 贵阳',null),
('112','8','安顺','1',null,'中国 贵州 安顺',null),
('113','8','七星关区','1','','中国 贵州 七星关区',null),
('114','8','六盘水','1',null,'中国 贵州 六盘水',null),
('115','8','黔东南','1',null,'中国 贵州 黔东南',null),
('116','8','黔南','1',null,'中国 贵州 黔南',null),
('117','8','黔西南','1',null,'中国 贵州 黔西南',null),
('118','8','铜仁','1',null,'中国 贵州 铜仁',null),
('119','8','遵义','1',null,'中国 贵州 遵义',null),
('120','9','海口','1',null,'中国 海南 海口',null),
('121','9','三亚','1',null,'中国 海南 三亚',null),
('122','9','白沙','1',null,'中国 海南 白沙',null),
('123','9','保亭','1',null,'中国 海南 保亭',null),
('124','9','昌江','1',null,'中国 海南 昌江',null),
('125','9','澄迈县','1',null,'中国 海南 澄迈县',null),
('126','9','定安县','1',null,'中国 海南 定安县',null),
('127','9','东方','1',null,'中国 海南 东方',null),
('128','9','乐东','1',null,'中国 海南 乐东',null),
('129','9','临高县','1',null,'中国 海南 临高县',null),
('130','9','陵水','1',null,'中国 海南 陵水',null),
('131','9','琼海','1',null,'中国 海南 琼海',null),
('132','9','琼中','1',null,'中国 海南 琼中',null),
('133','9','屯昌县','1',null,'中国 海南 屯昌县',null),
('134','9','万宁','1',null,'中国 海南 万宁',null),
('135','9','文昌','1',null,'中国 海南 文昌',null),
('136','9','五指山','1',null,'中国 海南 五指山',null),
('137','9','儋州','1',null,'中国 海南 儋州',null),
('138','10','石家庄','1',null,'中国 河北 石家庄',null),
('139','10','保定','1',null,'中国 河北 保定',null),
('140','10','沧州','1',null,'中国 河北 沧州',null),
('141','10','承德','1',null,'中国 河北 承德',null),
('142','10','邯郸','1',null,'中国 河北 邯郸',null),
('143','10','衡水','1',null,'中国 河北 衡水',null),
('144','10','廊坊','1',null,'中国 河北 廊坊',null),
('145','10','秦皇岛','1',null,'中国 河北 秦皇岛',null),
('146','10','唐山','1',null,'中国 河北 唐山',null),
('147','10','邢台','1',null,'中国 河北 邢台',null),
('148','10','张家口','1',null,'中国 河北 张家口',null),
('149','11','郑州','1',null,'中国 河南 郑州',null),
('150','11','洛阳','1',null,'中国 河南 洛阳',null),
('151','11','开封','1',null,'中国 河南 开封',null),
('152','11','安阳','1',null,'中国 河南 安阳',null),
('153','11','鹤壁','1',null,'中国 河南 鹤壁',null),
('154','11','济源','1',null,'中国 河南 济源',null),
('155','11','焦作','1',null,'中国 河南 焦作',null),
('156','11','南阳','1',null,'中国 河南 南阳',null),
('157','11','平顶山','1',null,'中国 河南 平顶山',null),
('158','11','三门峡','1',null,'中国 河南 三门峡',null),
('159','11','商丘','1',null,'中国 河南 商丘',null),
('160','11','新乡','1',null,'中国 河南 新乡',null),
('161','11','信阳','1',null,'中国 河南 信阳',null),
('162','11','许昌','1',null,'中国 河南 许昌',null),
('163','11','周口','1',null,'中国 河南 周口',null),
('164','11','驻马店','1',null,'中国 河南 驻马店',null),
('165','11','漯河','1',null,'中国 河南 漯河',null),
('166','11','濮阳','1',null,'中国 河南 濮阳',null),
('167','12','哈尔滨','1',null,'中国 黑龙江 哈尔滨',null),
('168','12','大庆','1',null,'中国 黑龙江 大庆',null),
('169','12','大兴安岭','1',null,'中国 黑龙江 大兴安岭',null),
('170','12','鹤岗','1',null,'中国 黑龙江 鹤岗',null),
('171','12','黑河','1',null,'中国 黑龙江 黑河',null),
('172','12','鸡西','1',null,'中国 黑龙江 鸡西',null),
('173','12','佳木斯','1',null,'中国 黑龙江 佳木斯',null),
('174','12','牡丹江','1',null,'中国 黑龙江 牡丹江',null),
('175','12','七台河','1',null,'中国 黑龙江 七台河',null),
('176','12','齐齐哈尔','1',null,'中国 黑龙江 齐齐哈尔',null),
('177','12','双鸭山','1',null,'中国 黑龙江 双鸭山',null),
('178','12','绥化','1',null,'中国 黑龙江 绥化',null),
('179','12','伊春','1',null,'中国 黑龙江 伊春',null),
('180','13','武汉','1',null,'中国 湖北 武汉',null),
('181','13','仙桃','1',null,'中国 湖北 仙桃',null),
('182','13','鄂州','1',null,'中国 湖北 鄂州',null),
('183','13','黄冈','1',null,'中国 湖北 黄冈',null),
('184','13','黄石','1',null,'中国 湖北 黄石',null),
('185','13','荆门','1',null,'中国 湖北 荆门',null),
('186','13','荆州','1',null,'中国 湖北 荆州',null),
('187','13','潜江','1',null,'中国 湖北 潜江',null),
('188','13','神农架林区','1',null,'中国 湖北 神农架林区',null),
('189','13','十堰','1',null,'中国 湖北 十堰',null),
('190','13','随州','1',null,'中国 湖北 随州',null),
('191','13','天门','1',null,'中国 湖北 天门',null),
('192','13','咸宁','1',null,'中国 湖北 咸宁',null),
('193','13','襄樊','1',null,'中国 湖北 襄樊',null),
('194','13','孝感','1',null,'中国 湖北 孝感',null),
('195','13','宜昌','1',null,'中国 湖北 宜昌',null),
('196','13','恩施','1',null,'中国 湖北 恩施',null),
('197','14','长沙','1',null,'中国 湖南 长沙',null),
('198','14','张家界','1',null,'中国 湖南 张家界',null),
('199','14','常德','1',null,'中国 湖南 常德',null),
('200','14','郴州','1',null,'中国 湖南 郴州',null),
('201','14','衡阳','1',null,'中国 湖南 衡阳',null),
('202','14','怀化','1',null,'中国 湖南 怀化',null),
('203','14','娄底','1',null,'中国 湖南 娄底',null),
('204','14','邵阳','1',null,'中国 湖南 邵阳',null),
('205','14','湘潭','1',null,'中国 湖南 湘潭',null),
('206','14','湘西','1',null,'中国 湖南 湘西',null),
('207','14','益阳','1',null,'中国 湖南 益阳',null),
('208','14','永州','1',null,'中国 湖南 永州',null),
('209','14','岳阳','1',null,'中国 湖南 岳阳',null),
('210','14','株洲','1',null,'中国 湖南 株洲',null),
('211','15','长春','1',null,'中国 吉林 长春',null),
('212','15','吉林','1',null,'中国 吉林 吉林',null),
('213','15','白城','1',null,'中国 吉林 白城',null),
('214','15','白山','1',null,'中国 吉林 白山',null),
('215','15','辽源','1',null,'中国 吉林 辽源',null),
('216','15','四平','1',null,'中国 吉林 四平',null),
('217','15','松原','1',null,'中国 吉林 松原',null),
('218','15','通化','1',null,'中国 吉林 通化',null),
('219','15','延边','1',null,'中国 吉林 延边',null),
('220','16','南京','1',null,'中国 江苏 南京',null),
('221','16','苏州','1',null,'中国 江苏 苏州',null),
('222','16','无锡','1',null,'中国 江苏 无锡',null),
('223','16','常州','1',null,'中国 江苏 常州',null),
('224','16','淮安','1',null,'中国 江苏 淮安',null),
('225','16','连云港','1',null,'中国 江苏 连云港',null),
('226','16','南通','1',null,'中国 江苏 南通',null),
('227','16','宿迁','1',null,'中国 江苏 宿迁',null),
('228','16','泰州','1',null,'中国 江苏 泰州',null),
('229','16','徐州','1',null,'中国 江苏 徐州',null),
('230','16','盐城','1',null,'中国 江苏 盐城',null),
('231','16','扬州','1',null,'中国 江苏 扬州',null),
('232','16','镇江','1',null,'中国 江苏 镇江',null),
('233','17','南昌','1',null,'中国 江西 南昌',null),
('234','17','抚州','1',null,'中国 江西 抚州',null),
('235','17','赣州','1',null,'中国 江西 赣州',null),
('236','17','吉安','1',null,'中国 江西 吉安',null),
('237','17','景德镇','1',null,'中国 江西 景德镇',null),
('238','17','九江','1',null,'中国 江西 九江',null),
('239','17','萍乡','1',null,'中国 江西 萍乡',null),
('240','17','上饶','1',null,'中国 江西 上饶',null),
('241','17','新余','1',null,'中国 江西 新余',null),
('242','17','宜春','1',null,'中国 江西 宜春',null),
('243','17','鹰潭','1',null,'中国 江西 鹰潭',null),
('244','18','沈阳','1',null,'中国 辽宁 沈阳',null),
('245','18','大连','1',null,'中国 辽宁 大连',null),
('246','18','鞍山','1',null,'中国 辽宁 鞍山',null),
('247','18','本溪','1',null,'中国 辽宁 本溪',null),
('248','18','朝阳','1',null,'中国 辽宁 朝阳',null),
('249','18','丹东','1',null,'中国 辽宁 丹东',null),
('250','18','抚顺','1',null,'中国 辽宁 抚顺',null),
('251','18','阜新','1',null,'中国 辽宁 阜新',null),
('252','18','葫芦岛','1',null,'中国 辽宁 葫芦岛',null),
('253','18','锦州','1',null,'中国 辽宁 锦州',null),
('254','18','辽阳','1',null,'中国 辽宁 辽阳',null),
('255','18','盘锦','1',null,'中国 辽宁 盘锦',null),
('256','18','铁岭','1',null,'中国 辽宁 铁岭',null),
('257','18','营口','1',null,'中国 辽宁 营口',null),
('258','19','呼和浩特','1',null,'中国 内蒙古 呼和浩特',null),
('259','19','阿拉善盟','1',null,'中国 内蒙古 阿拉善盟',null),
('260','19','巴彦淖尔盟','1',null,'中国 内蒙古 巴彦淖尔盟',null),
('261','19','包头','1',null,'中国 内蒙古 包头',null),
('262','19','赤峰','1',null,'中国 内蒙古 赤峰',null),
('263','19','鄂尔多斯','1',null,'中国 内蒙古 鄂尔多斯',null),
('264','19','呼伦贝尔','1',null,'中国 内蒙古 呼伦贝尔',null),
('265','19','通辽','1',null,'中国 内蒙古 通辽',null),
('266','19','乌海','1',null,'中国 内蒙古 乌海',null),
('267','19','乌兰察布市','1',null,'中国 内蒙古 乌兰察布市',null),
('268','19','锡林郭勒盟','1',null,'中国 内蒙古 锡林郭勒盟',null),
('269','19','兴安盟','1',null,'中国 内蒙古 兴安盟',null),
('270','20','银川','1',null,'中国 宁夏 银川',null),
('271','20','固原','1',null,'中国 宁夏 固原',null),
('272','20','石嘴山','1',null,'中国 宁夏 石嘴山',null),
('273','20','吴忠','1',null,'中国 宁夏 吴忠',null),
('274','20','中卫','1',null,'中国 宁夏 中卫',null),
('275','21','西宁','1',null,'中国 青海 西宁',null),
('276','21','果洛','1',null,'中国 青海 果洛',null),
('277','21','海北','1',null,'中国 青海 海北',null),
('278','21','海东','1',null,'中国 青海 海东',null),
('279','21','海南','1',null,'中国 青海 海南',null),
('280','21','海西','1',null,'中国 青海 海西',null),
('281','21','黄南','1',null,'中国 青海 黄南',null),
('282','21','玉树','1',null,'中国 青海 玉树',null),
('283','22','济南','1',null,'中国 山东 济南',null),
('284','22','青岛','1',null,'中国 山东 青岛',null),
('285','22','滨州','1',null,'中国 山东 滨州',null),
('286','22','德州','1',null,'中国 山东 德州',null),
('287','22','东营','1',null,'中国 山东 东营',null),
('288','22','菏泽','1',null,'中国 山东 菏泽',null),
('289','22','济宁','1',null,'中国 山东 济宁',null),
('290','22','莱芜','1',null,'中国 山东 莱芜',null),
('291','22','聊城','1',null,'中国 山东 聊城',null),
('292','22','临沂','1',null,'中国 山东 临沂',null),
('293','22','日照','1',null,'中国 山东 日照',null),
('294','22','泰安','1',null,'中国 山东 泰安',null),
('295','22','威海','1',null,'中国 山东 威海',null),
('296','22','潍坊','1',null,'中国 山东 潍坊',null),
('297','22','烟台','1',null,'中国 山东 烟台',null),
('298','22','枣庄','1',null,'中国 山东 枣庄',null),
('299','22','淄博','1',null,'中国 山东 淄博',null),
('300','23','太原','1',null,'中国 山西 太原',null),
('301','23','长治','1',null,'中国 山西 长治',null),
('302','23','大同','1',null,'中国 山西 大同',null),
('303','23','晋城','1',null,'中国 山西 晋城',null),
('304','23','晋中','1',null,'中国 山西 晋中',null),
('305','23','临汾','1',null,'中国 山西 临汾',null),
('306','23','吕梁','1',null,'中国 山西 吕梁',null),
('307','23','朔州','1',null,'中国 山西 朔州',null),
('308','23','忻州','1',null,'中国 山西 忻州',null),
('309','23','阳泉','1',null,'中国 山西 阳泉',null),
('310','23','运城','1',null,'中国 山西 运城',null),
('311','24','西安','1',null,'中国 陕西 西安',null),
('312','24','安康','1',null,'中国 陕西 安康',null),
('313','24','宝鸡','1',null,'中国 陕西 宝鸡',null),
('314','24','汉中','1',null,'中国 陕西 汉中',null),
('315','24','商洛','1',null,'中国 陕西 商洛',null),
('316','24','铜川','1',null,'中国 陕西 铜川',null),
('317','24','渭南','1',null,'中国 陕西 渭南',null),
('318','24','咸阳','1',null,'中国 陕西 咸阳',null),
('319','24','延安','1',null,'中国 陕西 延安',null),
('320','24','榆林','1',null,'中国 陕西 榆林',null),
('321','25','上海','1',null,'中国 上海 上海',null),
('322','26','成都','1',null,'中国 四川 成都',null),
('323','26','绵阳','1',null,'中国 四川 绵阳',null),
('324','26','阿坝','1',null,'中国 四川 阿坝',null),
('325','26','巴中','1',null,'中国 四川 巴中',null),
('326','26','达州','1',null,'中国 四川 达州',null),
('327','26','德阳','1',null,'中国 四川 德阳',null),
('328','26','甘孜','1',null,'中国 四川 甘孜',null),
('329','26','广安','1',null,'中国 四川 广安',null),
('330','26','广元','1',null,'中国 四川 广元',null),
('331','26','乐山','1',null,'中国 四川 乐山',null),
('332','26','凉山','1',null,'中国 四川 凉山',null),
('333','26','眉山','1',null,'中国 四川 眉山',null),
('334','26','南充','1',null,'中国 四川 南充',null),
('335','26','内江','1',null,'中国 四川 内江',null),
('336','26','攀枝花','1',null,'中国 四川 攀枝花',null),
('337','26','遂宁','1',null,'中国 四川 遂宁',null),
('338','26','雅安','1',null,'中国 四川 雅安',null),
('339','26','宜宾','1',null,'中国 四川 宜宾',null),
('340','26','资阳','1',null,'中国 四川 资阳',null),
('341','26','自贡','1',null,'中国 四川 自贡',null),
('342','26','泸州','1',null,'中国 四川 泸州',null),
('343','27','天津','1',null,'中国 天津 天津',null),
('344','28','拉萨','1',null,'中国 西藏 拉萨',null),
('345','28','阿里','1',null,'中国 西藏 阿里',null),
('346','28','昌都','1',null,'中国 西藏 昌都',null),
('347','28','林芝','1',null,'中国 西藏 林芝',null),
('348','28','那曲','1',null,'中国 西藏 那曲',null),
('349','28','日喀则','1',null,'中国 西藏 日喀则',null),
('350','28','山南','1',null,'中国 西藏 山南',null),
('351','29','乌鲁木齐','1',null,'中国 新疆 乌鲁木齐',null),
('352','29','阿克苏','1',null,'中国 新疆 阿克苏',null),
('353','29','阿拉尔','1',null,'中国 新疆 阿拉尔',null),
('354','29','巴音郭楞','1',null,'中国 新疆 巴音郭楞',null),
('355','29','博尔塔拉','1',null,'中国 新疆 博尔塔拉',null),
('356','29','昌吉','1',null,'中国 新疆 昌吉',null),
('357','29','哈密','1',null,'中国 新疆 哈密',null),
('358','29','和田','1',null,'中国 新疆 和田',null),
('359','29','喀什','1',null,'中国 新疆 喀什',null),
('360','29','克拉玛依','1',null,'中国 新疆 克拉玛依',null),
('361','29','克孜勒苏','1',null,'中国 新疆 克孜勒苏',null),
('362','29','石河子','1',null,'中国 新疆 石河子',null),
('363','29','图木舒克','1',null,'中国 新疆 图木舒克',null),
('364','29','吐鲁番','1',null,'中国 新疆 吐鲁番',null),
('365','29','五家渠','1',null,'中国 新疆 五家渠',null),
('366','29','伊犁','1',null,'中国 新疆 伊犁',null),
('367','30','昆明','1',null,'中国 云南 昆明',null),
('368','30','怒江','1',null,'中国 云南 怒江',null),
('369','30','普洱','1',null,'中国 云南 普洱',null),
('370','30','丽江','1',null,'中国 云南 丽江',null),
('371','30','保山','1',null,'中国 云南 保山',null),
('372','30','楚雄','1',null,'中国 云南 楚雄',null),
('373','30','大理','1',null,'中国 云南 大理',null),
('374','30','德宏','1',null,'中国 云南 德宏',null),
('375','30','迪庆','1',null,'中国 云南 迪庆',null),
('376','30','红河','1',null,'中国 云南 红河',null),
('377','30','临沧','1',null,'中国 云南 临沧',null),
('378','30','曲靖','1',null,'中国 云南 曲靖',null),
('379','30','文山','1',null,'中国 云南 文山',null),
('380','30','西双版纳','1',null,'中国 云南 西双版纳',null),
('381','30','玉溪','1',null,'中国 云南 玉溪',null),
('382','30','昭通','1',null,'中国 云南 昭通',null),
('383','31','杭州','1',null,'中国 浙江 杭州',null),
('384','31','湖州','1',null,'中国 浙江 湖州',null),
('385','31','嘉兴','1',null,'中国 浙江 嘉兴',null),
('386','31','金华','1',null,'中国 浙江 金华',null),
('387','31','丽水','1',null,'中国 浙江 丽水',null),
('388','31','宁波','1',null,'中国 浙江 宁波',null),
('389','31','绍兴','1',null,'中国 浙江 绍兴',null),
('390','31','台州','1',null,'中国 浙江 台州',null),
('391','31','温州','1',null,'中国 浙江 温州',null),
('392','31','舟山','1',null,'中国 浙江 舟山',null),
('393','31','衢州','1',null,'中国 浙江 衢州',null),
('394','32','重庆','1',null,'中国 重庆 重庆',null),
('395','33','香港','1',null,'中国 香港 香港',null),
('396','34','澳门','1',null,'中国 澳门 澳门',null),
('397','35','台湾','1',null,'中国 台湾 台湾',null),
('398','36','迎江区','1',null,'中国 安徽 安庆 迎江区',null),
('399','36','大观区','1',null,'中国 安徽 安庆 大观区',null),
('400','36','宜秀区','1',null,'中国 安徽 安庆 宜秀区',null),
('401','36','桐城市','1',null,'中国 安徽 安庆 桐城市',null),
('402','36','怀宁县','1',null,'中国 安徽 安庆 怀宁县',null),
('403','36','枞阳县','1',null,'中国 安徽 安庆 枞阳县',null),
('404','36','潜山县','1',null,'中国 安徽 安庆 潜山县',null),
('405','36','太湖县','1',null,'中国 安徽 安庆 太湖县',null),
('406','36','宿松县','1',null,'中国 安徽 安庆 宿松县',null),
('407','36','望江县','1',null,'中国 安徽 安庆 望江县',null),
('408','36','岳西县','1',null,'中国 安徽 安庆 岳西县',null),
('409','37','中市区','1',null,'中国 安徽 蚌埠 中市区',null),
('410','37','东市区','1',null,'中国 安徽 蚌埠 东市区',null),
('411','37','西市区','1',null,'中国 安徽 蚌埠 西市区',null),
('412','37','郊区','1',null,'中国 安徽 蚌埠 郊区',null),
('413','37','怀远县','1',null,'中国 安徽 蚌埠 怀远县',null),
('414','37','五河县','1',null,'中国 安徽 蚌埠 五河县',null),
('415','37','固镇县','1',null,'中国 安徽 蚌埠 固镇县',null),
('416','38','居巢区','1',null,'中国 安徽 巢湖 居巢区',null),
('417','38','庐江县','1',null,'中国 安徽 巢湖 庐江县',null),
('418','38','无为县','1',null,'中国 安徽 巢湖 无为县',null),
('419','38','含山县','1',null,'中国 安徽 巢湖 含山县',null),
('420','38','和县','1',null,'中国 安徽 巢湖 和县',null),
('421','39','贵池区','1',null,'中国 安徽 池州 贵池区',null),
('422','39','东至县','1',null,'中国 安徽 池州 东至县',null),
('423','39','石台县','1',null,'中国 安徽 池州 石台县',null),
('424','39','青阳县','1',null,'中国 安徽 池州 青阳县',null),
('425','40','琅琊区','1',null,'中国 安徽 滁州 琅琊区',null),
('426','40','南谯区','1',null,'中国 安徽 滁州 南谯区',null),
('427','40','天长市','1',null,'中国 安徽 滁州 天长市',null),
('428','40','明光市','1',null,'中国 安徽 滁州 明光市',null),
('429','40','来安县','1',null,'中国 安徽 滁州 来安县',null),
('430','40','全椒县','1',null,'中国 安徽 滁州 全椒县',null),
('431','40','定远县','1',null,'中国 安徽 滁州 定远县',null),
('432','40','凤阳县','1',null,'中国 安徽 滁州 凤阳县',null),
('433','41','蚌山区','1',null,'中国 安徽 阜阳 蚌山区',null),
('434','41','龙子湖区','1',null,'中国 安徽 阜阳 龙子湖区',null),
('435','41','禹会区','1',null,'中国 安徽 阜阳 禹会区',null),
('436','41','淮上区','1',null,'中国 安徽 阜阳 淮上区',null),
('437','41','颍州区','1',null,'中国 安徽 阜阳 颍州区',null),
('438','41','颍东区','1',null,'中国 安徽 阜阳 颍东区',null),
('439','41','颍泉区','1',null,'中国 安徽 阜阳 颍泉区',null),
('440','41','界首市','1',null,'中国 安徽 阜阳 界首市',null),
('441','41','临泉县','1',null,'中国 安徽 阜阳 临泉县',null),
('442','41','太和县','1',null,'中国 安徽 阜阳 太和县',null),
('443','41','阜南县','1',null,'中国 安徽 阜阳 阜南县',null),
('444','41','颖上县','1',null,'中国 安徽 阜阳 颖上县',null),
('445','42','相山区','1',null,'中国 安徽 淮北 相山区',null),
('446','42','杜集区','1',null,'中国 安徽 淮北 杜集区',null),
('447','42','烈山区','1',null,'中国 安徽 淮北 烈山区',null),
('448','42','濉溪县','1',null,'中国 安徽 淮北 濉溪县',null),
('449','43','田家庵区','1',null,'中国 安徽 淮南 田家庵区',null),
('450','43','大通区','1',null,'中国 安徽 淮南 大通区',null),
('451','43','谢家集区','1',null,'中国 安徽 淮南 谢家集区',null),
('452','43','八公山区','1',null,'中国 安徽 淮南 八公山区',null),
('453','43','潘集区','1',null,'中国 安徽 淮南 潘集区',null),
('454','43','凤台县','1',null,'中国 安徽 淮南 凤台县',null),
('455','44','屯溪区','1',null,'中国 安徽 黄山 屯溪区',null),
('456','44','黄山区','1',null,'中国 安徽 黄山 黄山区',null),
('457','44','徽州区','1',null,'中国 安徽 黄山 徽州区',null),
('458','44','歙县','1',null,'中国 安徽 黄山 歙县',null),
('459','44','休宁县','1',null,'中国 安徽 黄山 休宁县',null),
('460','44','黟县','1',null,'中国 安徽 黄山 黟县',null),
('461','44','祁门县','1',null,'中国 安徽 黄山 祁门县',null),
('462','45','金安区','1',null,'中国 安徽 六安 金安区',null),
('463','45','裕安区','1',null,'中国 安徽 六安 裕安区',null),
('464','45','寿县','1',null,'中国 安徽 六安 寿县',null),
('465','45','霍邱县','1',null,'中国 安徽 六安 霍邱县',null),
('466','45','舒城县','1',null,'中国 安徽 六安 舒城县',null),
('467','45','金寨县','1',null,'中国 安徽 六安 金寨县',null),
('468','45','霍山县','1',null,'中国 安徽 六安 霍山县',null),
('469','46','雨山区','1',null,'中国 安徽 马鞍山 雨山区',null),
('470','46','花山区','1',null,'中国 安徽 马鞍山 花山区',null),
('471','46','金家庄区','1',null,'中国 安徽 马鞍山 金家庄区',null),
('472','46','当涂县','1',null,'中国 安徽 马鞍山 当涂县',null),
('473','47','埇桥区','1',null,'中国 安徽 宿州 埇桥区',null),
('474','47','砀山县','1',null,'中国 安徽 宿州 砀山县',null),
('475','47','萧县','1',null,'中国 安徽 宿州 萧县',null),
('476','47','灵璧县','1',null,'中国 安徽 宿州 灵璧县',null),
('477','47','泗县','1',null,'中国 安徽 宿州 泗县',null),
('478','48','铜官山区','1',null,'中国 安徽 铜陵 铜官山区',null),
('479','48','狮子山区','1',null,'中国 安徽 铜陵 狮子山区',null),
('480','48','郊区','1',null,'中国 安徽 铜陵 郊区',null),
('481','48','铜陵县','1',null,'中国 安徽 铜陵 铜陵县',null),
('482','49','镜湖区','1',null,'中国 安徽 芜湖 镜湖区',null),
('483','49','弋江区','1',null,'中国 安徽 芜湖 弋江区',null),
('484','49','鸠江区','1',null,'中国 安徽 芜湖 鸠江区',null),
('485','49','三山区','1',null,'中国 安徽 芜湖 三山区',null),
('486','49','芜湖县','1',null,'中国 安徽 芜湖 芜湖县',null),
('487','49','繁昌县','1',null,'中国 安徽 芜湖 繁昌县',null),
('488','49','南陵县','1',null,'中国 安徽 芜湖 南陵县',null),
('489','50','宣州区','1',null,'中国 安徽 宣城 宣州区',null),
('490','50','宁国市','1',null,'中国 安徽 宣城 宁国市',null),
('491','50','郎溪县','1',null,'中国 安徽 宣城 郎溪县',null),
('492','50','广德县','1',null,'中国 安徽 宣城 广德县',null),
('493','50','泾县','1',null,'中国 安徽 宣城 泾县',null),
('494','50','绩溪县','1',null,'中国 安徽 宣城 绩溪县',null),
('495','50','旌德县','1',null,'中国 安徽 宣城 旌德县',null),
('496','51','涡阳县','1',null,'中国 安徽 亳州 涡阳县',null),
('497','51','蒙城县','1',null,'中国 安徽 亳州 蒙城县',null),
('498','51','利辛县','1',null,'中国 安徽 亳州 利辛县',null),
('499','51','谯城区','1',null,'中国 安徽 亳州 谯城区',null),
('500','52','东城区','1',null,'中国 北京 北京 东城区',null),
('501','52','西城区','1',null,'中国 北京 北京 西城区',null),
('502','52','海淀区','1',null,'中国 北京 北京 海淀区',null),
('503','52','朝阳区','1',null,'中国 北京 北京 朝阳区',null),
('504','52','崇文区','1',null,'中国 北京 北京 崇文区',null),
('505','52','宣武区','1',null,'中国 北京 北京 宣武区',null),
('506','52','丰台区','1',null,'中国 北京 北京 丰台区',null),
('507','52','石景山区','1',null,'中国 北京 北京 石景山区',null),
('508','52','房山区','1',null,'中国 北京 北京 房山区',null),
('509','52','门头沟区','1',null,'中国 北京 北京 门头沟区',null),
('510','52','通州区','1',null,'中国 北京 北京 通州区',null),
('511','52','顺义区','1',null,'中国 北京 北京 顺义区',null),
('512','52','昌平区','1',null,'中国 北京 北京 昌平区',null),
('513','52','怀柔区','1',null,'中国 北京 北京 怀柔区',null),
('514','52','平谷区','1',null,'中国 北京 北京 平谷区',null),
('515','52','大兴区','1',null,'中国 北京 北京 大兴区',null),
('516','52','密云县','1',null,'中国 北京 北京 密云县',null),
('517','52','延庆县','1',null,'中国 北京 北京 延庆县',null),
('518','53','鼓楼区','1',null,'中国 福建 福州 鼓楼区',null),
('519','53','台江区','1',null,'中国 福建 福州 台江区',null),
('520','53','仓山区','1',null,'中国 福建 福州 仓山区',null),
('521','53','马尾区','1',null,'中国 福建 福州 马尾区',null),
('522','53','晋安区','1',null,'中国 福建 福州 晋安区',null),
('523','53','福清市','1',null,'中国 福建 福州 福清市',null),
('524','53','长乐市','1',null,'中国 福建 福州 长乐市',null),
('525','53','闽侯县','1',null,'中国 福建 福州 闽侯县',null),
('526','53','连江县','1',null,'中国 福建 福州 连江县',null),
('527','53','罗源县','1',null,'中国 福建 福州 罗源县',null),
('528','53','闽清县','1',null,'中国 福建 福州 闽清县',null),
('529','53','永泰县','1',null,'中国 福建 福州 永泰县',null),
('530','53','平潭县','1',null,'中国 福建 福州 平潭县',null),
('531','54','新罗区','1',null,'中国 福建 龙岩 新罗区',null),
('532','54','漳平市','1',null,'中国 福建 龙岩 漳平市',null),
('533','54','长汀县','1',null,'中国 福建 龙岩 长汀县',null),
('534','54','永定县','1',null,'中国 福建 龙岩 永定县',null),
('535','54','上杭县','1',null,'中国 福建 龙岩 上杭县',null),
('536','54','武平县','1',null,'中国 福建 龙岩 武平县',null),
('537','54','连城县','1',null,'中国 福建 龙岩 连城县',null),
('538','55','延平区','1',null,'中国 福建 南平 延平区',null),
('539','55','邵武市','1',null,'中国 福建 南平 邵武市',null),
('540','55','武夷山市','1',null,'中国 福建 南平 武夷山市',null),
('541','55','建瓯市','1',null,'中国 福建 南平 建瓯市',null),
('542','55','建阳市','1',null,'中国 福建 南平 建阳市',null),
('543','55','顺昌县','1',null,'中国 福建 南平 顺昌县',null),
('544','55','浦城县','1',null,'中国 福建 南平 浦城县',null),
('545','55','光泽县','1',null,'中国 福建 南平 光泽县',null),
('546','55','松溪县','1',null,'中国 福建 南平 松溪县',null),
('547','55','政和县','1',null,'中国 福建 南平 政和县',null),
('548','56','蕉城区','1',null,'中国 福建 宁德 蕉城区',null),
('549','56','福安市','1',null,'中国 福建 宁德 福安市',null),
('550','56','福鼎市','1',null,'中国 福建 宁德 福鼎市',null),
('551','56','霞浦县','1',null,'中国 福建 宁德 霞浦县',null),
('552','56','古田县','1',null,'中国 福建 宁德 古田县',null),
('553','56','屏南县','1',null,'中国 福建 宁德 屏南县',null),
('554','56','寿宁县','1',null,'中国 福建 宁德 寿宁县',null),
('555','56','周宁县','1',null,'中国 福建 宁德 周宁县',null),
('556','56','柘荣县','1',null,'中国 福建 宁德 柘荣县',null),
('557','57','城厢区','1',null,'中国 福建 莆田 城厢区',null),
('558','57','涵江区','1',null,'中国 福建 莆田 涵江区',null),
('559','57','荔城区','1',null,'中国 福建 莆田 荔城区',null),
('560','57','秀屿区','1',null,'中国 福建 莆田 秀屿区',null),
('561','57','仙游县','1',null,'中国 福建 莆田 仙游县',null),
('562','58','鲤城区','1',null,'中国 福建 泉州 鲤城区',null),
('563','58','丰泽区','1',null,'中国 福建 泉州 丰泽区',null),
('564','58','洛江区','1',null,'中国 福建 泉州 洛江区',null),
('565','58','清濛开发区','1',null,'中国 福建 泉州 清濛开发区',null),
('566','58','泉港区','1',null,'中国 福建 泉州 泉港区',null),
('567','58','石狮市','1',null,'中国 福建 泉州 石狮市',null),
('568','58','晋江市','1',null,'中国 福建 泉州 晋江市',null),
('569','58','南安市','1',null,'中国 福建 泉州 南安市',null),
('570','58','惠安县','1',null,'中国 福建 泉州 惠安县',null),
('571','58','安溪县','1',null,'中国 福建 泉州 安溪县',null),
('572','58','永春县','1',null,'中国 福建 泉州 永春县',null),
('573','58','德化县','1',null,'中国 福建 泉州 德化县',null),
('574','58','金门县','1',null,'中国 福建 泉州 金门县',null),
('575','59','梅列区','1',null,'中国 福建 三明 梅列区',null),
('576','59','三元区','1',null,'中国 福建 三明 三元区',null),
('577','59','永安市','1',null,'中国 福建 三明 永安市',null),
('578','59','明溪县','1',null,'中国 福建 三明 明溪县',null),
('579','59','清流县','1',null,'中国 福建 三明 清流县',null),
('580','59','宁化县','1',null,'中国 福建 三明 宁化县',null),
('581','59','大田县','1',null,'中国 福建 三明 大田县',null),
('582','59','尤溪县','1',null,'中国 福建 三明 尤溪县',null),
('583','59','沙县','1',null,'中国 福建 三明 沙县',null),
('584','59','将乐县','1',null,'中国 福建 三明 将乐县',null),
('585','59','泰宁县','1',null,'中国 福建 三明 泰宁县',null),
('586','59','建宁县','1',null,'中国 福建 三明 建宁县',null),
('587','60','思明区','1',null,'中国 福建 厦门 思明区',null),
('588','60','海沧区','1',null,'中国 福建 厦门 海沧区',null),
('589','60','湖里区','1',null,'中国 福建 厦门 湖里区',null),
('590','60','集美区','1',null,'中国 福建 厦门 集美区',null),
('591','60','同安区','1',null,'中国 福建 厦门 同安区',null),
('592','60','翔安区','1',null,'中国 福建 厦门 翔安区',null),
('593','61','芗城区','1',null,'中国 福建 漳州 芗城区',null),
('594','61','龙文区','1',null,'中国 福建 漳州 龙文区',null),
('595','61','龙海市','1',null,'中国 福建 漳州 龙海市',null),
('596','61','云霄县','1',null,'中国 福建 漳州 云霄县',null),
('597','61','漳浦县','1',null,'中国 福建 漳州 漳浦县',null),
('598','61','诏安县','1',null,'中国 福建 漳州 诏安县',null),
('599','61','长泰县','1',null,'中国 福建 漳州 长泰县',null),
('600','61','东山县','1',null,'中国 福建 漳州 东山县',null),
('601','61','南靖县','1',null,'中国 福建 漳州 南靖县',null),
('602','61','平和县','1',null,'中国 福建 漳州 平和县',null),
('603','61','华安县','1',null,'中国 福建 漳州 华安县',null),
('604','62','皋兰县','1',null,'中国 甘肃 兰州 皋兰县',null),
('605','62','城关区','1',null,'中国 甘肃 兰州 城关区',null),
('606','62','七里河区','1',null,'中国 甘肃 兰州 七里河区',null),
('607','62','西固区','1',null,'中国 甘肃 兰州 西固区',null),
('608','62','安宁区','1',null,'中国 甘肃 兰州 安宁区',null),
('609','62','红古区','1',null,'中国 甘肃 兰州 红古区',null),
('610','62','永登县','1',null,'中国 甘肃 兰州 永登县',null),
('611','62','榆中县','1',null,'中国 甘肃 兰州 榆中县',null),
('612','63','白银区','1',null,'中国 甘肃 白银 白银区',null),
('613','63','平川区','1',null,'中国 甘肃 白银 平川区',null),
('614','63','会宁县','1',null,'中国 甘肃 白银 会宁县',null),
('615','63','景泰县','1',null,'中国 甘肃 白银 景泰县',null),
('616','63','靖远县','1',null,'中国 甘肃 白银 靖远县',null),
('617','64','临洮县','1',null,'中国 甘肃 定西 临洮县',null),
('618','64','陇西县','1',null,'中国 甘肃 定西 陇西县',null),
('619','64','通渭县','1',null,'中国 甘肃 定西 通渭县',null),
('620','64','渭源县','1',null,'中国 甘肃 定西 渭源县',null),
('621','64','漳县','1',null,'中国 甘肃 定西 漳县',null),
('622','64','岷县','1',null,'中国 甘肃 定西 岷县',null),
('623','64','安定区','1',null,'中国 甘肃 定西 安定区',null),
('624','64','安定区','1',null,'中国 甘肃 定西 安定区',null),
('625','65','合作市','1',null,'中国 甘肃 甘南 合作市',null),
('626','65','临潭县','1',null,'中国 甘肃 甘南 临潭县',null),
('627','65','卓尼县','1',null,'中国 甘肃 甘南 卓尼县',null),
('628','65','舟曲县','1',null,'中国 甘肃 甘南 舟曲县',null),
('629','65','迭部县','1',null,'中国 甘肃 甘南 迭部县',null),
('630','65','玛曲县','1',null,'中国 甘肃 甘南 玛曲县',null),
('631','65','碌曲县','1',null,'中国 甘肃 甘南 碌曲县',null),
('632','65','夏河县','1',null,'中国 甘肃 甘南 夏河县',null),
('633','66','嘉峪关市','1',null,'中国 甘肃 嘉峪关 嘉峪关市',null),
('634','67','金川区','1',null,'中国 甘肃 金昌 金川区',null),
('635','67','永昌县','1',null,'中国 甘肃 金昌 永昌县',null),
('636','68','肃州区','1',null,'中国 甘肃 酒泉 肃州区',null),
('637','68','玉门市','1',null,'中国 甘肃 酒泉 玉门市',null),
('638','68','敦煌市','1',null,'中国 甘肃 酒泉 敦煌市',null),
('639','68','金塔县','1',null,'中国 甘肃 酒泉 金塔县',null),
('640','68','瓜州县','1',null,'中国 甘肃 酒泉 瓜州县',null),
('641','68','肃北','1',null,'中国 甘肃 酒泉 肃北',null),
('642','68','阿克塞','1',null,'中国 甘肃 酒泉 阿克塞',null),
('643','69','临夏市','1',null,'中国 甘肃 临夏 临夏市',null),
('644','69','临夏县','1',null,'中国 甘肃 临夏 临夏县',null),
('645','69','康乐县','1',null,'中国 甘肃 临夏 康乐县',null),
('646','69','永靖县','1',null,'中国 甘肃 临夏 永靖县',null),
('647','69','广河县','1',null,'中国 甘肃 临夏 广河县',null),
('648','69','和政县','1',null,'中国 甘肃 临夏 和政县',null),
('649','69','东乡族自治县','1',null,'中国 甘肃 临夏 东乡族自治县',null),
('650','69','积石山','1',null,'中国 甘肃 临夏 积石山',null),
('651','70','成县','1',null,'中国 甘肃 陇南 成县',null),
('652','70','徽县','1',null,'中国 甘肃 陇南 徽县',null),
('653','70','康县','1',null,'中国 甘肃 陇南 康县',null),
('654','70','礼县','1',null,'中国 甘肃 陇南 礼县',null),
('655','70','两当县','1',null,'中国 甘肃 陇南 两当县',null),
('656','70','文县','1',null,'中国 甘肃 陇南 文县',null),
('657','70','西和县','1',null,'中国 甘肃 陇南 西和县',null),
('658','70','宕昌县','1',null,'中国 甘肃 陇南 宕昌县',null),
('659','70','武都区','1',null,'中国 甘肃 陇南 武都区',null),
('660','71','崇信县','1',null,'中国 甘肃 平凉 崇信县',null),
('661','71','华亭县','1',null,'中国 甘肃 平凉 华亭县',null),
('662','71','静宁县','1',null,'中国 甘肃 平凉 静宁县',null),
('663','71','灵台县','1',null,'中国 甘肃 平凉 灵台县',null),
('664','71','崆峒区','1',null,'中国 甘肃 平凉 崆峒区',null),
('665','71','庄浪县','1',null,'中国 甘肃 平凉 庄浪县',null),
('666','71','泾川县','1',null,'中国 甘肃 平凉 泾川县',null),
('667','72','合水县','1',null,'中国 甘肃 庆阳 合水县',null),
('668','72','华池县','1',null,'中国 甘肃 庆阳 华池县',null),
('669','72','环县','1',null,'中国 甘肃 庆阳 环县',null),
('670','72','宁县','1',null,'中国 甘肃 庆阳 宁县',null),
('671','72','庆城县','1',null,'中国 甘肃 庆阳 庆城县',null),
('672','72','西峰区','1',null,'中国 甘肃 庆阳 西峰区',null),
('673','72','镇原县','1',null,'中国 甘肃 庆阳 镇原县',null),
('674','72','正宁县','1',null,'中国 甘肃 庆阳 正宁县',null),
('675','73','甘谷县','1',null,'中国 甘肃 天水 甘谷县',null),
('676','73','秦安县','1',null,'中国 甘肃 天水 秦安县',null),
('677','73','清水县','1',null,'中国 甘肃 天水 清水县',null),
('678','73','秦州区','1',null,'中国 甘肃 天水 秦州区',null),
('679','73','麦积区','1',null,'中国 甘肃 天水 麦积区',null),
('680','73','武山县','1',null,'中国 甘肃 天水 武山县',null),
('681','73','张家川','1',null,'中国 甘肃 天水 张家川',null),
('682','74','古浪县','1',null,'中国 甘肃 武威 古浪县',null),
('683','74','民勤县','1',null,'中国 甘肃 武威 民勤县',null),
('684','74','天祝','1',null,'中国 甘肃 武威 天祝',null),
('685','74','凉州区','1',null,'中国 甘肃 武威 凉州区',null),
('686','75','高台县','1',null,'中国 甘肃 张掖 高台县',null),
('687','75','临泽县','1',null,'中国 甘肃 张掖 临泽县',null),
('688','75','民乐县','1',null,'中国 甘肃 张掖 民乐县',null),
('689','75','山丹县','1',null,'中国 甘肃 张掖 山丹县',null),
('690','75','肃南','1',null,'中国 甘肃 张掖 肃南',null),
('691','75','甘州区','1',null,'中国 甘肃 张掖 甘州区',null),
('692','76','从化市','1',null,'中国 广东 广州 从化市',null),
('693','76','天河区','1',null,'中国 广东 广州 天河区',null),
('694','76','东山区','1',null,'中国 广东 广州 东山区',null),
('695','76','白云区','1',null,'中国 广东 广州 白云区',null),
('696','76','海珠区','1',null,'中国 广东 广州 海珠区',null),
('697','76','荔湾区','1',null,'中国 广东 广州 荔湾区',null),
('698','76','越秀区','1',null,'中国 广东 广州 越秀区',null),
('699','76','黄埔区','1',null,'中国 广东 广州 黄埔区',null),
('700','76','番禺区','1',null,'中国 广东 广州 番禺区',null),
('701','76','花都区','1',null,'中国 广东 广州 花都区',null),
('702','76','增城区','1',null,'中国 广东 广州 增城区',null),
('703','76','从化区','1',null,'中国 广东 广州 从化区',null),
('704','76','市郊','1',null,'中国 广东 广州 市郊',null),
('705','77','福田区','1',null,'中国 广东 深圳 福田区',null),
('706','77','罗湖区','1',null,'中国 广东 深圳 罗湖区',null),
('707','77','南山区','1',null,'中国 广东 深圳 南山区',null),
('708','77','宝安区','1',null,'中国 广东 深圳 宝安区',null),
('709','77','龙岗区','1',null,'中国 广东 深圳 龙岗区',null),
('710','77','盐田区','1',null,'中国 广东 深圳 盐田区',null),
('711','78','湘桥区','1',null,'中国 广东 潮州 湘桥区',null),
('712','78','潮安县','1',null,'中国 广东 潮州 潮安县',null),
('713','78','饶平县','1',null,'中国 广东 潮州 饶平县',null),
('714','79','南城区','1',null,'中国 广东 东莞 南城区',null),
('715','79','东城区','1',null,'中国 广东 东莞 东城区',null),
('716','79','万江区','1',null,'中国 广东 东莞 万江区',null),
('717','79','莞城区','1',null,'中国 广东 东莞 莞城区',null),
('718','79','石龙镇','1',null,'中国 广东 东莞 石龙镇',null),
('719','79','虎门镇','1',null,'中国 广东 东莞 虎门镇',null),
('720','79','麻涌镇','1',null,'中国 广东 东莞 麻涌镇',null),
('721','79','道滘镇','1',null,'中国 广东 东莞 道滘镇',null),
('722','79','石碣镇','1',null,'中国 广东 东莞 石碣镇',null),
('723','79','沙田镇','1',null,'中国 广东 东莞 沙田镇',null),
('724','79','望牛墩镇','1',null,'中国 广东 东莞 望牛墩镇',null),
('725','79','洪梅镇','1',null,'中国 广东 东莞 洪梅镇',null),
('726','79','茶山镇','1',null,'中国 广东 东莞 茶山镇',null),
('727','79','寮步镇','1',null,'中国 广东 东莞 寮步镇',null),
('728','79','大岭山镇','1',null,'中国 广东 东莞 大岭山镇',null),
('729','79','大朗镇','1',null,'中国 广东 东莞 大朗镇',null),
('730','79','黄江镇','1',null,'中国 广东 东莞 黄江镇',null),
('731','79','樟木头','1',null,'中国 广东 东莞 樟木头',null),
('732','79','凤岗镇','1',null,'中国 广东 东莞 凤岗镇',null),
('733','79','塘厦镇','1',null,'中国 广东 东莞 塘厦镇',null),
('734','79','谢岗镇','1',null,'中国 广东 东莞 谢岗镇',null),
('735','79','厚街镇','1',null,'中国 广东 东莞 厚街镇',null),
('736','79','清溪镇','1',null,'中国 广东 东莞 清溪镇',null),
('737','79','常平镇','1',null,'中国 广东 东莞 常平镇',null),
('738','79','桥头镇','1',null,'中国 广东 东莞 桥头镇',null),
('739','79','横沥镇','1',null,'中国 广东 东莞 横沥镇',null),
('740','79','东坑镇','1',null,'中国 广东 东莞 东坑镇',null),
('741','79','企石镇','1',null,'中国 广东 东莞 企石镇',null),
('742','79','石排镇','1',null,'中国 广东 东莞 石排镇',null),
('743','79','长安镇','1',null,'中国 广东 东莞 长安镇',null),
('744','79','中堂镇','1',null,'中国 广东 东莞 中堂镇',null),
('745','79','高埗镇','1',null,'中国 广东 东莞 高埗镇',null),
('746','80','禅城区','1',null,'中国 广东 佛山 禅城区',null),
('747','80','南海区','1',null,'中国 广东 佛山 南海区',null),
('748','80','顺德区','1',null,'中国 广东 佛山 顺德区',null),
('749','80','三水区','1',null,'中国 广东 佛山 三水区',null),
('750','80','高明区','1',null,'中国 广东 佛山 高明区',null),
('751','81','东源县','1',null,'中国 广东 河源 东源县',null),
('752','81','和平县','1',null,'中国 广东 河源 和平县',null),
('753','81','源城区','1',null,'中国 广东 河源 源城区',null),
('754','81','连平县','1',null,'中国 广东 河源 连平县',null),
('755','81','龙川县','1',null,'中国 广东 河源 龙川县',null),
('756','81','紫金县','1',null,'中国 广东 河源 紫金县',null),
('757','82','惠阳区','1',null,'中国 广东 惠州 惠阳区',null),
('758','82','惠城区','1',null,'中国 广东 惠州 惠城区',null),
('759','82','大亚湾','1',null,'中国 广东 惠州 大亚湾',null),
('760','82','博罗县','1',null,'中国 广东 惠州 博罗县',null),
('761','82','惠东县','1',null,'中国 广东 惠州 惠东县',null),
('762','82','龙门县','1',null,'中国 广东 惠州 龙门县',null),
('763','83','江海区','1',null,'中国 广东 江门 江海区',null),
('764','83','蓬江区','1',null,'中国 广东 江门 蓬江区',null),
('765','83','新会区','1',null,'中国 广东 江门 新会区',null),
('766','83','台山市','1',null,'中国 广东 江门 台山市',null),
('767','83','开平市','1',null,'中国 广东 江门 开平市',null),
('768','83','鹤山市','1',null,'中国 广东 江门 鹤山市',null),
('769','83','恩平市','1',null,'中国 广东 江门 恩平市',null),
('770','84','榕城区','1',null,'中国 广东 揭阳 榕城区',null),
('771','84','普宁市','1',null,'中国 广东 揭阳 普宁市',null),
('772','84','揭东县','1',null,'中国 广东 揭阳 揭东县',null),
('773','84','揭西县','1',null,'中国 广东 揭阳 揭西县',null),
('774','84','惠来县','1',null,'中国 广东 揭阳 惠来县',null),
('775','85','茂南区','1',null,'中国 广东 茂名 茂南区',null),
('776','85','茂港区','1',null,'中国 广东 茂名 茂港区',null),
('777','85','高州市','1',null,'中国 广东 茂名 高州市',null),
('778','85','化州市','1',null,'中国 广东 茂名 化州市',null),
('779','85','信宜市','1',null,'中国 广东 茂名 信宜市',null),
('780','85','电白县','1',null,'中国 广东 茂名 电白县',null),
('781','86','梅县','1',null,'中国 广东 梅州 梅县',null),
('782','86','梅江区','1',null,'中国 广东 梅州 梅江区',null),
('783','86','兴宁市','1',null,'中国 广东 梅州 兴宁市',null),
('784','86','大埔县','1',null,'中国 广东 梅州 大埔县',null),
('785','86','丰顺县','1',null,'中国 广东 梅州 丰顺县',null),
('786','86','五华县','1',null,'中国 广东 梅州 五华县',null),
('787','86','平远县','1',null,'中国 广东 梅州 平远县',null),
('788','86','蕉岭县','1',null,'中国 广东 梅州 蕉岭县',null),
('789','87','清城区','1',null,'中国 广东 清远 清城区',null),
('790','87','英德市','1',null,'中国 广东 清远 英德市',null),
('791','87','连州市','1',null,'中国 广东 清远 连州市',null),
('792','87','佛冈县','1',null,'中国 广东 清远 佛冈县',null),
('793','87','阳山县','1',null,'中国 广东 清远 阳山县',null),
('794','87','清新县','1',null,'中国 广东 清远 清新县',null),
('795','87','连山','1',null,'中国 广东 清远 连山',null),
('796','87','连南','1',null,'中国 广东 清远 连南',null),
('797','88','南澳县','1',null,'中国 广东 汕头 南澳县',null),
('798','88','潮阳区','1',null,'中国 广东 汕头 潮阳区',null),
('799','88','澄海区','1',null,'中国 广东 汕头 澄海区',null),
('800','88','龙湖区','1',null,'中国 广东 汕头 龙湖区',null),
('801','88','金平区','1',null,'中国 广东 汕头 金平区',null),
('802','88','濠江区','1',null,'中国 广东 汕头 濠江区',null),
('803','88','潮南区','1',null,'中国 广东 汕头 潮南区',null),
('804','89','城区','1',null,'中国 广东 汕尾 城区',null),
('805','89','陆丰市','1',null,'中国 广东 汕尾 陆丰市',null),
('806','89','海丰县','1',null,'中国 广东 汕尾 海丰县',null),
('807','89','陆河县','1',null,'中国 广东 汕尾 陆河县',null),
('808','90','曲江县','1',null,'中国 广东 韶关 曲江县',null),
('809','90','浈江区','1',null,'中国 广东 韶关 浈江区',null),
('810','90','武江区','1',null,'中国 广东 韶关 武江区',null),
('811','90','曲江区','1',null,'中国 广东 韶关 曲江区',null),
('812','90','乐昌市','1',null,'中国 广东 韶关 乐昌市',null),
('813','90','南雄市','1',null,'中国 广东 韶关 南雄市',null),
('814','90','始兴县','1',null,'中国 广东 韶关 始兴县',null),
('815','90','仁化县','1',null,'中国 广东 韶关 仁化县',null),
('816','90','翁源县','1',null,'中国 广东 韶关 翁源县',null),
('817','90','新丰县','1',null,'中国 广东 韶关 新丰县',null),
('818','90','乳源','1',null,'中国 广东 韶关 乳源',null),
('819','91','江城区','1',null,'中国 广东 阳江 江城区',null),
('820','91','阳春市','1',null,'中国 广东 阳江 阳春市',null),
('821','91','阳西县','1',null,'中国 广东 阳江 阳西县',null),
('822','91','阳东县','1',null,'中国 广东 阳江 阳东县',null),
('823','92','云城区','1',null,'中国 广东 云浮 云城区',null),
('824','92','罗定市','1',null,'中国 广东 云浮 罗定市',null),
('825','92','新兴县','1',null,'中国 广东 云浮 新兴县',null),
('826','92','郁南县','1',null,'中国 广东 云浮 郁南县',null),
('827','92','云安县','1',null,'中国 广东 云浮 云安县',null),
('828','93','赤坎区','1',null,'中国 广东 湛江 赤坎区',null),
('829','93','霞山区','1',null,'中国 广东 湛江 霞山区',null),
('830','93','坡头区','1',null,'中国 广东 湛江 坡头区',null),
('831','93','麻章区','1',null,'中国 广东 湛江 麻章区',null),
('832','93','廉江市','1',null,'中国 广东 湛江 廉江市',null),
('833','93','雷州市','1',null,'中国 广东 湛江 雷州市',null),
('834','93','吴川市','1',null,'中国 广东 湛江 吴川市',null),
('835','93','遂溪县','1',null,'中国 广东 湛江 遂溪县',null),
('836','93','徐闻县','1',null,'中国 广东 湛江 徐闻县',null),
('837','94','肇庆市','1',null,'中国 广东 肇庆 肇庆市',null),
('838','94','高要市','1',null,'中国 广东 肇庆 高要市',null),
('839','94','四会市','1',null,'中国 广东 肇庆 四会市',null),
('840','94','广宁县','1',null,'中国 广东 肇庆 广宁县',null),
('841','94','怀集县','1',null,'中国 广东 肇庆 怀集县',null),
('842','94','封开县','1',null,'中国 广东 肇庆 封开县',null),
('843','94','德庆县','1',null,'中国 广东 肇庆 德庆县',null),
('844','95','石岐街道','1',null,'中国 广东 中山 石岐街道',null),
('845','95','东区街道','1',null,'中国 广东 中山 东区街道',null),
('846','95','西区街道','1',null,'中国 广东 中山 西区街道',null),
('847','95','环城街道','1',null,'中国 广东 中山 环城街道',null),
('848','95','中山港街道','1',null,'中国 广东 中山 中山港街道',null),
('849','95','五桂山街道','1',null,'中国 广东 中山 五桂山街道',null),
('850','96','香洲区','1',null,'中国 广东 珠海 香洲区',null),
('851','96','斗门区','1',null,'中国 广东 珠海 斗门区',null),
('852','96','金湾区','1',null,'中国 广东 珠海 金湾区',null),
('853','97','邕宁区','1',null,'中国 广西 南宁 邕宁区',null),
('854','97','青秀区','1',null,'中国 广西 南宁 青秀区',null),
('855','97','兴宁区','1',null,'中国 广西 南宁 兴宁区',null),
('856','97','良庆区','1',null,'中国 广西 南宁 良庆区',null),
('857','97','西乡塘区','1',null,'中国 广西 南宁 西乡塘区',null),
('858','97','江南区','1',null,'中国 广西 南宁 江南区',null),
('859','97','武鸣县','1',null,'中国 广西 南宁 武鸣县',null),
('860','97','隆安县','1',null,'中国 广西 南宁 隆安县',null),
('861','97','马山县','1',null,'中国 广西 南宁 马山县',null),
('862','97','上林县','1',null,'中国 广西 南宁 上林县',null),
('863','97','宾阳县','1',null,'中国 广西 南宁 宾阳县',null),
('864','97','横县','1',null,'中国 广西 南宁 横县',null),
('865','98','秀峰区','1',null,'中国 广西 桂林 秀峰区',null),
('866','98','叠彩区','1',null,'中国 广西 桂林 叠彩区',null),
('867','98','象山区','1',null,'中国 广西 桂林 象山区',null),
('868','98','七星区','1',null,'中国 广西 桂林 七星区',null),
('869','98','雁山区','1',null,'中国 广西 桂林 雁山区',null),
('870','98','阳朔县','1',null,'中国 广西 桂林 阳朔县',null),
('871','98','临桂县','1',null,'中国 广西 桂林 临桂县',null),
('872','98','灵川县','1',null,'中国 广西 桂林 灵川县',null),
('873','98','全州县','1',null,'中国 广西 桂林 全州县',null),
('874','98','平乐县','1',null,'中国 广西 桂林 平乐县',null),
('875','98','兴安县','1',null,'中国 广西 桂林 兴安县',null),
('876','98','灌阳县','1',null,'中国 广西 桂林 灌阳县',null),
('877','98','荔浦县','1',null,'中国 广西 桂林 荔浦县',null),
('878','98','资源县','1',null,'中国 广西 桂林 资源县',null),
('879','98','永福县','1',null,'中国 广西 桂林 永福县',null),
('880','98','龙胜','1',null,'中国 广西 桂林 龙胜',null),
('881','98','恭城','1',null,'中国 广西 桂林 恭城',null),
('882','99','右江区','1',null,'中国 广西 百色 右江区',null),
('883','99','凌云县','1',null,'中国 广西 百色 凌云县',null),
('884','99','平果县','1',null,'中国 广西 百色 平果县',null),
('885','99','西林县','1',null,'中国 广西 百色 西林县',null),
('886','99','乐业县','1',null,'中国 广西 百色 乐业县',null),
('887','99','德保县','1',null,'中国 广西 百色 德保县',null),
('888','99','田林县','1',null,'中国 广西 百色 田林县',null),
('889','99','田阳县','1',null,'中国 广西 百色 田阳县',null),
('890','99','靖西县','1',null,'中国 广西 百色 靖西县',null),
('891','99','田东县','1',null,'中国 广西 百色 田东县',null),
('892','99','那坡县','1',null,'中国 广西 百色 那坡县',null),
('893','99','隆林','1',null,'中国 广西 百色 隆林',null),
('894','100','海城区','1',null,'中国 广西 北海 海城区',null),
('895','100','银海区','1',null,'中国 广西 北海 银海区',null),
('896','100','铁山港区','1',null,'中国 广西 北海 铁山港区',null),
('897','100','合浦县','1',null,'中国 广西 北海 合浦县',null),
('898','101','江州区','1',null,'中国 广西 崇左 江州区',null),
('899','101','凭祥市','1',null,'中国 广西 崇左 凭祥市',null),
('900','101','宁明县','1',null,'中国 广西 崇左 宁明县',null),
('901','101','扶绥县','1',null,'中国 广西 崇左 扶绥县',null),
('902','101','龙州县','1',null,'中国 广西 崇左 龙州县',null),
('903','101','大新县','1',null,'中国 广西 崇左 大新县',null),
('904','101','天等县','1',null,'中国 广西 崇左 天等县',null),
('905','102','港口区','1',null,'中国 广西 防城港 港口区',null),
('906','102','防城区','1',null,'中国 广西 防城港 防城区',null),
('907','102','东兴市','1',null,'中国 广西 防城港 东兴市',null),
('908','102','上思县','1',null,'中国 广西 防城港 上思县',null),
('909','103','港北区','1',null,'中国 广西 贵港 港北区',null),
('910','103','港南区','1',null,'中国 广西 贵港 港南区',null),
('911','103','覃塘区','1',null,'中国 广西 贵港 覃塘区',null),
('912','103','桂平市','1',null,'中国 广西 贵港 桂平市',null),
('913','103','平南县','1',null,'中国 广西 贵港 平南县',null),
('914','104','金城江区','1',null,'中国 广西 河池 金城江区',null),
('915','104','宜州市','1',null,'中国 广西 河池 宜州市',null),
('916','104','天峨县','1',null,'中国 广西 河池 天峨县',null),
('917','104','凤山县','1',null,'中国 广西 河池 凤山县',null),
('918','104','南丹县','1',null,'中国 广西 河池 南丹县',null),
('919','104','东兰县','1',null,'中国 广西 河池 东兰县',null),
('920','104','都安','1',null,'中国 广西 河池 都安',null),
('921','104','罗城','1',null,'中国 广西 河池 罗城',null),
('922','104','巴马','1',null,'中国 广西 河池 巴马',null),
('923','104','环江','1',null,'中国 广西 河池 环江',null),
('924','104','大化','1',null,'中国 广西 河池 大化',null),
('925','105','八步区','1',null,'中国 广西 贺州 八步区',null),
('926','105','钟山县','1',null,'中国 广西 贺州 钟山县',null),
('927','105','昭平县','1',null,'中国 广西 贺州 昭平县',null),
('928','105','富川','1',null,'中国 广西 贺州 富川',null),
('929','106','兴宾区','1',null,'中国 广西 来宾 兴宾区',null),
('930','106','合山市','1',null,'中国 广西 来宾 合山市',null),
('931','106','象州县','1',null,'中国 广西 来宾 象州县',null),
('932','106','武宣县','1',null,'中国 广西 来宾 武宣县',null),
('933','106','忻城县','1',null,'中国 广西 来宾 忻城县',null),
('934','106','金秀','1',null,'中国 广西 来宾 金秀',null),
('935','107','城中区','1',null,'中国 广西 柳州 城中区',null),
('936','107','鱼峰区','1',null,'中国 广西 柳州 鱼峰区',null),
('937','107','柳北区','1',null,'中国 广西 柳州 柳北区',null),
('938','107','柳南区','1',null,'中国 广西 柳州 柳南区',null),
('939','107','柳江县','1',null,'中国 广西 柳州 柳江县',null),
('940','107','柳城县','1',null,'中国 广西 柳州 柳城县',null),
('941','107','鹿寨县','1',null,'中国 广西 柳州 鹿寨县',null),
('942','107','融安县','1',null,'中国 广西 柳州 融安县',null),
('943','107','融水','1',null,'中国 广西 柳州 融水',null),
('944','107','三江','1',null,'中国 广西 柳州 三江',null),
('945','108','钦南区','1',null,'中国 广西 钦州 钦南区',null),
('946','108','钦北区','1',null,'中国 广西 钦州 钦北区',null),
('947','108','灵山县','1',null,'中国 广西 钦州 灵山县',null),
('948','108','浦北县','1',null,'中国 广西 钦州 浦北县',null),
('949','109','万秀区','1',null,'中国 广西 梧州 万秀区',null),
('950','109','蝶山区','1',null,'中国 广西 梧州 蝶山区',null),
('951','109','长洲区','1',null,'中国 广西 梧州 长洲区',null),
('952','109','岑溪市','1',null,'中国 广西 梧州 岑溪市',null),
('953','109','苍梧县','1',null,'中国 广西 梧州 苍梧县',null),
('954','109','藤县','1',null,'中国 广西 梧州 藤县',null),
('955','109','蒙山县','1',null,'中国 广西 梧州 蒙山县',null),
('956','110','玉州区','1',null,'中国 广西 玉林 玉州区',null),
('957','110','北流市','1',null,'中国 广西 玉林 北流市',null),
('958','110','容县','1',null,'中国 广西 玉林 容县',null),
('959','110','陆川县','1',null,'中国 广西 玉林 陆川县',null),
('960','110','博白县','1',null,'中国 广西 玉林 博白县',null),
('961','110','兴业县','1',null,'中国 广西 玉林 兴业县',null),
('962','111','南明区','1',null,'中国 贵州 贵阳 南明区',null),
('963','111','云岩区','1',null,'中国 贵州 贵阳 云岩区',null),
('964','111','花溪区','1',null,'中国 贵州 贵阳 花溪区',null),
('965','111','乌当区','1',null,'中国 贵州 贵阳 乌当区',null),
('966','111','白云区','1',null,'中国 贵州 贵阳 白云区',null),
('967','111','小河区','1',null,'中国 贵州 贵阳 小河区',null),
('968','111','金阳新区','1',null,'中国 贵州 贵阳 金阳新区',null),
('969','111','新天园区','1',null,'中国 贵州 贵阳 新天园区',null),
('970','111','清镇市','1',null,'中国 贵州 贵阳 清镇市',null),
('971','111','开阳县','1',null,'中国 贵州 贵阳 开阳县',null),
('972','111','修文县','1',null,'中国 贵州 贵阳 修文县',null),
('973','111','息烽县','1',null,'中国 贵州 贵阳 息烽县',null),
('974','112','西秀区','1',null,'中国 贵州 安顺 西秀区',null),
('975','112','关岭','1',null,'中国 贵州 安顺 关岭',null),
('976','112','镇宁','1',null,'中国 贵州 安顺 镇宁',null),
('977','112','紫云','1',null,'中国 贵州 安顺 紫云',null),
('978','112','平坝县','1',null,'中国 贵州 安顺 平坝县',null),
('979','112','普定县','1',null,'中国 贵州 安顺 普定县',null),
('980','113','毕节市','1',null,'中国 贵州 七星关区 毕节市',null),
('981','113','大方县','1',null,'中国 贵州 七星关区 大方县',null),
('982','113','黔西县','1',null,'中国 贵州 七星关区 黔西县',null),
('983','113','金沙县','1',null,'中国 贵州 七星关区 金沙县',null),
('984','113','织金县','1',null,'中国 贵州 七星关区 织金县',null),
('985','113','纳雍县','1',null,'中国 贵州 七星关区 纳雍县',null),
('986','113','赫章县','1',null,'中国 贵州 七星关区 赫章县',null),
('987','113','威宁','1',null,'中国 贵州 七星关区 威宁',null),
('988','114','钟山区','1',null,'中国 贵州 六盘水 钟山区',null),
('989','114','六枝特区','1',null,'中国 贵州 六盘水 六枝特区',null),
('990','114','水城县','1',null,'中国 贵州 六盘水 水城县',null),
('991','114','盘县','1',null,'中国 贵州 六盘水 盘县',null),
('992','115','凯里市','1',null,'中国 贵州 黔东南 凯里市',null),
('993','115','黄平县','1',null,'中国 贵州 黔东南 黄平县',null),
('994','115','施秉县','1',null,'中国 贵州 黔东南 施秉县',null),
('995','115','三穗县','1',null,'中国 贵州 黔东南 三穗县',null),
('996','115','镇远县','1',null,'中国 贵州 黔东南 镇远县',null),
('997','115','岑巩县','1',null,'中国 贵州 黔东南 岑巩县',null),
('998','115','天柱县','1',null,'中国 贵州 黔东南 天柱县',null),
('999','115','锦屏县','1',null,'中国 贵州 黔东南 锦屏县',null),
('1000','115','剑河县','1',null,'中国 贵州 黔东南 剑河县',null),
('1001','115','台江县','1',null,'中国 贵州 黔东南 台江县',null),
('1002','115','黎平县','1',null,'中国 贵州 黔东南 黎平县',null),
('1003','115','榕江县','1',null,'中国 贵州 黔东南 榕江县',null),
('1004','115','从江县','1',null,'中国 贵州 黔东南 从江县',null),
('1005','115','雷山县','1',null,'中国 贵州 黔东南 雷山县',null),
('1006','115','麻江县','1',null,'中国 贵州 黔东南 麻江县',null),
('1007','115','丹寨县','1',null,'中国 贵州 黔东南 丹寨县',null),
('1008','116','都匀市','1',null,'中国 贵州 黔南 都匀市',null),
('1009','116','福泉市','1',null,'中国 贵州 黔南 福泉市',null),
('1010','116','荔波县','1',null,'中国 贵州 黔南 荔波县',null),
('1011','116','贵定县','1',null,'中国 贵州 黔南 贵定县',null),
('1012','116','瓮安县','1',null,'中国 贵州 黔南 瓮安县',null),
('1013','116','独山县','1',null,'中国 贵州 黔南 独山县',null),
('1014','116','平塘县','1',null,'中国 贵州 黔南 平塘县',null),
('1015','116','罗甸县','1',null,'中国 贵州 黔南 罗甸县',null),
('1016','116','长顺县','1',null,'中国 贵州 黔南 长顺县',null),
('1017','116','龙里县','1',null,'中国 贵州 黔南 龙里县',null),
('1018','116','惠水县','1',null,'中国 贵州 黔南 惠水县',null),
('1019','116','三都','1',null,'中国 贵州 黔南 三都',null),
('1020','117','兴义市','1',null,'中国 贵州 黔西南 兴义市',null),
('1021','117','兴仁县','1',null,'中国 贵州 黔西南 兴仁县',null),
('1022','117','普安县','1',null,'中国 贵州 黔西南 普安县',null),
('1023','117','晴隆县','1',null,'中国 贵州 黔西南 晴隆县',null),
('1024','117','贞丰县','1',null,'中国 贵州 黔西南 贞丰县',null),
('1025','117','望谟县','1',null,'中国 贵州 黔西南 望谟县',null),
('1026','117','册亨县','1',null,'中国 贵州 黔西南 册亨县',null),
('1027','117','安龙县','1',null,'中国 贵州 黔西南 安龙县',null),
('1028','118','铜仁市','1',null,'中国 贵州 铜仁 铜仁市',null),
('1029','118','江口县','1',null,'中国 贵州 铜仁 江口县',null),
('1030','118','石阡县','1',null,'中国 贵州 铜仁 石阡县',null),
('1031','118','思南县','1',null,'中国 贵州 铜仁 思南县',null),
('1032','118','德江县','1',null,'中国 贵州 铜仁 德江县',null),
('1033','118','玉屏','1',null,'中国 贵州 铜仁 玉屏',null),
('1034','118','印江','1',null,'中国 贵州 铜仁 印江',null),
('1035','118','沿河','1',null,'中国 贵州 铜仁 沿河',null),
('1036','118','松桃','1',null,'中国 贵州 铜仁 松桃',null),
('1037','118','万山特区','1',null,'中国 贵州 铜仁 万山特区',null),
('1038','119','红花岗区','1',null,'中国 贵州 遵义 红花岗区',null),
('1039','119','务川县','1',null,'中国 贵州 遵义 务川县',null),
('1040','119','道真县','1',null,'中国 贵州 遵义 道真县',null),
('1041','119','汇川区','1',null,'中国 贵州 遵义 汇川区',null),
('1042','119','赤水市','1',null,'中国 贵州 遵义 赤水市',null),
('1043','119','仁怀市','1',null,'中国 贵州 遵义 仁怀市',null),
('1044','119','遵义县','1',null,'中国 贵州 遵义 遵义县',null),
('1045','119','桐梓县','1',null,'中国 贵州 遵义 桐梓县',null),
('1046','119','绥阳县','1',null,'中国 贵州 遵义 绥阳县',null),
('1047','119','正安县','1',null,'中国 贵州 遵义 正安县',null),
('1048','119','凤冈县','1',null,'中国 贵州 遵义 凤冈县',null),
('1049','119','湄潭县','1',null,'中国 贵州 遵义 湄潭县',null),
('1050','119','余庆县','1',null,'中国 贵州 遵义 余庆县',null),
('1051','119','习水县','1',null,'中国 贵州 遵义 习水县',null),
('1052','119','道真','1',null,'中国 贵州 遵义 道真',null),
('1053','119','务川','1',null,'中国 贵州 遵义 务川',null),
('1054','120','秀英区','1',null,'中国 海南 海口 秀英区',null),
('1055','120','龙华区','1',null,'中国 海南 海口 龙华区',null),
('1056','120','琼山区','1',null,'中国 海南 海口 琼山区',null),
('1057','120','美兰区','1',null,'中国 海南 海口 美兰区',null),
('1058','137','市区','1',null,'中国 海南 儋州 市区',null),
('1059','137','洋浦开发区','1',null,'中国 海南 儋州 洋浦开发区',null),
('1060','137','那大镇','1',null,'中国 海南 儋州 那大镇',null),
('1061','137','王五镇','1',null,'中国 海南 儋州 王五镇',null),
('1062','137','雅星镇','1',null,'中国 海南 儋州 雅星镇',null),
('1063','137','大成镇','1',null,'中国 海南 儋州 大成镇',null),
('1064','137','中和镇','1',null,'中国 海南 儋州 中和镇',null),
('1065','137','峨蔓镇','1',null,'中国 海南 儋州 峨蔓镇',null),
('1066','137','南丰镇','1',null,'中国 海南 儋州 南丰镇',null),
('1067','137','白马井镇','1',null,'中国 海南 儋州 白马井镇',null),
('1068','137','兰洋镇','1',null,'中国 海南 儋州 兰洋镇',null),
('1069','137','和庆镇','1',null,'中国 海南 儋州 和庆镇',null),
('1070','137','海头镇','1',null,'中国 海南 儋州 海头镇',null),
('1071','137','排浦镇','1',null,'中国 海南 儋州 排浦镇',null),
('1072','137','东成镇','1',null,'中国 海南 儋州 东成镇',null),
('1073','137','光村镇','1',null,'中国 海南 儋州 光村镇',null),
('1074','137','木棠镇','1',null,'中国 海南 儋州 木棠镇',null),
('1075','137','新州镇','1',null,'中国 海南 儋州 新州镇',null),
('1076','137','三都镇','1',null,'中国 海南 儋州 三都镇',null),
('1077','137','其他','1',null,'中国 海南 儋州 其他',null),
('1078','138','长安区','1',null,'中国 河北 石家庄 长安区',null),
('1079','138','桥东区','1',null,'中国 河北 石家庄 桥东区',null),
('1080','138','桥西区','1',null,'中国 河北 石家庄 桥西区',null),
('1081','138','新华区','1',null,'中国 河北 石家庄 新华区',null),
('1082','138','裕华区','1',null,'中国 河北 石家庄 裕华区',null),
('1083','138','井陉矿区','1',null,'中国 河北 石家庄 井陉矿区',null),
('1084','138','高新区','1',null,'中国 河北 石家庄 高新区',null),
('1085','138','辛集市','1',null,'中国 河北 石家庄 辛集市',null),
('1086','138','藁城市','1',null,'中国 河北 石家庄 藁城市',null),
('1087','138','晋州市','1',null,'中国 河北 石家庄 晋州市',null),
('1088','138','新乐市','1',null,'中国 河北 石家庄 新乐市',null),
('1089','138','鹿泉市','1',null,'中国 河北 石家庄 鹿泉市',null),
('1090','138','井陉县','1',null,'中国 河北 石家庄 井陉县',null),
('1091','138','正定县','1',null,'中国 河北 石家庄 正定县',null),
('1092','138','栾城县','1',null,'中国 河北 石家庄 栾城县',null),
('1093','138','行唐县','1',null,'中国 河北 石家庄 行唐县',null),
('1094','138','灵寿县','1',null,'中国 河北 石家庄 灵寿县',null),
('1095','138','高邑县','1',null,'中国 河北 石家庄 高邑县',null),
('1096','138','深泽县','1',null,'中国 河北 石家庄 深泽县',null),
('1097','138','赞皇县','1',null,'中国 河北 石家庄 赞皇县',null),
('1098','138','无极县','1',null,'中国 河北 石家庄 无极县',null),
('1099','138','平山县','1',null,'中国 河北 石家庄 平山县',null),
('1100','138','元氏县','1',null,'中国 河北 石家庄 元氏县',null),
('1101','138','赵县','1',null,'中国 河北 石家庄 赵县',null),
('1102','139','新市区','1',null,'中国 河北 保定 新市区',null),
('1103','139','南市区','1',null,'中国 河北 保定 南市区',null),
('1104','139','北市区','1',null,'中国 河北 保定 北市区',null),
('1105','139','涿州市','1',null,'中国 河北 保定 涿州市',null),
('1106','139','定州市','1',null,'中国 河北 保定 定州市',null),
('1107','139','安国市','1',null,'中国 河北 保定 安国市',null),
('1108','139','高碑店市','1',null,'中国 河北 保定 高碑店市',null),
('1109','139','满城县','1',null,'中国 河北 保定 满城县',null),
('1110','139','清苑县','1',null,'中国 河北 保定 清苑县',null),
('1111','139','涞水县','1',null,'中国 河北 保定 涞水县',null),
('1112','139','阜平县','1',null,'中国 河北 保定 阜平县',null),
('1113','139','徐水县','1',null,'中国 河北 保定 徐水县',null),
('1114','139','定兴县','1',null,'中国 河北 保定 定兴县',null),
('1115','139','唐县','1',null,'中国 河北 保定 唐县',null),
('1116','139','高阳县','1',null,'中国 河北 保定 高阳县',null),
('1117','139','容城县','1',null,'中国 河北 保定 容城县',null),
('1118','139','涞源县','1',null,'中国 河北 保定 涞源县',null),
('1119','139','望都县','1',null,'中国 河北 保定 望都县',null),
('1120','139','安新县','1',null,'中国 河北 保定 安新县',null),
('1121','139','易县','1',null,'中国 河北 保定 易县',null),
('1122','139','曲阳县','1',null,'中国 河北 保定 曲阳县',null),
('1123','139','蠡县','1',null,'中国 河北 保定 蠡县',null),
('1124','139','顺平县','1',null,'中国 河北 保定 顺平县',null),
('1125','139','博野县','1',null,'中国 河北 保定 博野县',null),
('1126','139','雄县','1',null,'中国 河北 保定 雄县',null),
('1127','140','运河区','1',null,'中国 河北 沧州 运河区',null),
('1128','140','新华区','1',null,'中国 河北 沧州 新华区',null),
('1129','140','泊头市','1',null,'中国 河北 沧州 泊头市',null),
('1130','140','任丘市','1',null,'中国 河北 沧州 任丘市',null),
('1131','140','黄骅市','1',null,'中国 河北 沧州 黄骅市',null),
('1132','140','河间市','1',null,'中国 河北 沧州 河间市',null),
('1133','140','沧县','1',null,'中国 河北 沧州 沧县',null),
('1134','140','青县','1',null,'中国 河北 沧州 青县',null),
('1135','140','东光县','1',null,'中国 河北 沧州 东光县',null),
('1136','140','海兴县','1',null,'中国 河北 沧州 海兴县',null),
('1137','140','盐山县','1',null,'中国 河北 沧州 盐山县',null),
('1138','140','肃宁县','1',null,'中国 河北 沧州 肃宁县',null),
('1139','140','南皮县','1',null,'中国 河北 沧州 南皮县',null),
('1140','140','吴桥县','1',null,'中国 河北 沧州 吴桥县',null),
('1141','140','献县','1',null,'中国 河北 沧州 献县',null),
('1142','140','孟村','1',null,'中国 河北 沧州 孟村',null),
('1143','141','双桥区','1',null,'中国 河北 承德 双桥区',null),
('1144','141','双滦区','1',null,'中国 河北 承德 双滦区',null),
('1145','141','鹰手营子矿区','1',null,'中国 河北 承德 鹰手营子矿区',null),
('1146','141','承德县','1',null,'中国 河北 承德 承德县',null),
('1147','141','兴隆县','1',null,'中国 河北 承德 兴隆县',null),
('1148','141','平泉县','1',null,'中国 河北 承德 平泉县',null),
('1149','141','滦平县','1',null,'中国 河北 承德 滦平县',null),
('1150','141','隆化县','1',null,'中国 河北 承德 隆化县',null),
('1151','141','丰宁','1',null,'中国 河北 承德 丰宁',null),
('1152','141','宽城','1',null,'中国 河北 承德 宽城',null),
('1153','141','围场','1',null,'中国 河北 承德 围场',null),
('1154','142','从台区','1',null,'中国 河北 邯郸 从台区',null),
('1155','142','复兴区','1',null,'中国 河北 邯郸 复兴区',null),
('1156','142','邯山区','1',null,'中国 河北 邯郸 邯山区',null),
('1157','142','峰峰矿区','1',null,'中国 河北 邯郸 峰峰矿区',null),
('1158','142','武安市','1',null,'中国 河北 邯郸 武安市',null),
('1159','142','邯郸县','1',null,'中国 河北 邯郸 邯郸县',null),
('1160','142','临漳县','1',null,'中国 河北 邯郸 临漳县',null),
('1161','142','成安县','1',null,'中国 河北 邯郸 成安县',null),
('1162','142','大名县','1',null,'中国 河北 邯郸 大名县',null),
('1163','142','涉县','1',null,'中国 河北 邯郸 涉县',null),
('1164','142','磁县','1',null,'中国 河北 邯郸 磁县',null),
('1165','142','肥乡县','1',null,'中国 河北 邯郸 肥乡县',null),
('1166','142','永年县','1',null,'中国 河北 邯郸 永年县',null),
('1167','142','邱县','1',null,'中国 河北 邯郸 邱县',null),
('1168','142','鸡泽县','1',null,'中国 河北 邯郸 鸡泽县',null),
('1169','142','广平县','1',null,'中国 河北 邯郸 广平县',null),
('1170','142','馆陶县','1',null,'中国 河北 邯郸 馆陶县',null),
('1171','142','魏县','1',null,'中国 河北 邯郸 魏县',null),
('1172','142','曲周县','1',null,'中国 河北 邯郸 曲周县',null),
('1173','143','桃城区','1',null,'中国 河北 衡水 桃城区',null),
('1174','143','冀州市','1',null,'中国 河北 衡水 冀州市',null),
('1175','143','深州市','1',null,'中国 河北 衡水 深州市',null),
('1176','143','枣强县','1',null,'中国 河北 衡水 枣强县',null),
('1177','143','武邑县','1',null,'中国 河北 衡水 武邑县',null),
('1178','143','武强县','1',null,'中国 河北 衡水 武强县',null),
('1179','143','饶阳县','1',null,'中国 河北 衡水 饶阳县',null),
('1180','143','安平县','1',null,'中国 河北 衡水 安平县',null),
('1181','143','故城县','1',null,'中国 河北 衡水 故城县',null),
('1182','143','景县','1',null,'中国 河北 衡水 景县',null),
('1183','143','阜城县','1',null,'中国 河北 衡水 阜城县',null),
('1184','144','安次区','1',null,'中国 河北 廊坊 安次区',null),
('1185','144','广阳区','1',null,'中国 河北 廊坊 广阳区',null),
('1186','144','霸州市','1',null,'中国 河北 廊坊 霸州市',null),
('1187','144','三河市','1',null,'中国 河北 廊坊 三河市',null),
('1188','144','固安县','1',null,'中国 河北 廊坊 固安县',null),
('1189','144','永清县','1',null,'中国 河北 廊坊 永清县',null),
('1190','144','香河县','1',null,'中国 河北 廊坊 香河县',null),
('1191','144','大城县','1',null,'中国 河北 廊坊 大城县',null),
('1192','144','文安县','1',null,'中国 河北 廊坊 文安县',null),
('1193','144','大厂','1',null,'中国 河北 廊坊 大厂',null),
('1194','145','海港区','1',null,'中国 河北 秦皇岛 海港区',null),
('1195','145','山海关区','1',null,'中国 河北 秦皇岛 山海关区',null),
('1196','145','北戴河区','1',null,'中国 河北 秦皇岛 北戴河区',null),
('1197','145','昌黎县','1',null,'中国 河北 秦皇岛 昌黎县',null),
('1198','145','抚宁县','1',null,'中国 河北 秦皇岛 抚宁县',null),
('1199','145','卢龙县','1',null,'中国 河北 秦皇岛 卢龙县',null),
('1200','145','青龙','1',null,'中国 河北 秦皇岛 青龙',null),
('1201','146','路北区','1',null,'中国 河北 唐山 路北区',null),
('1202','146','路南区','1',null,'中国 河北 唐山 路南区',null),
('1203','146','古冶区','1',null,'中国 河北 唐山 古冶区',null),
('1204','146','开平区','1',null,'中国 河北 唐山 开平区',null),
('1205','146','丰南区','1',null,'中国 河北 唐山 丰南区',null),
('1206','146','丰润区','1',null,'中国 河北 唐山 丰润区',null),
('1207','146','遵化市','1',null,'中国 河北 唐山 遵化市',null),
('1208','146','迁安市','1',null,'中国 河北 唐山 迁安市',null),
('1209','146','滦县','1',null,'中国 河北 唐山 滦县',null),
('1210','146','滦南县','1',null,'中国 河北 唐山 滦南县',null),
('1211','146','乐亭县','1',null,'中国 河北 唐山 乐亭县',null),
('1212','146','迁西县','1',null,'中国 河北 唐山 迁西县',null),
('1213','146','玉田县','1',null,'中国 河北 唐山 玉田县',null),
('1214','146','唐海县','1',null,'中国 河北 唐山 唐海县',null),
('1215','147','桥东区','1',null,'中国 河北 邢台 桥东区',null),
('1216','147','桥西区','1',null,'中国 河北 邢台 桥西区',null),
('1217','147','南宫市','1',null,'中国 河北 邢台 南宫市',null),
('1218','147','沙河市','1',null,'中国 河北 邢台 沙河市',null),
('1219','147','邢台县','1',null,'中国 河北 邢台 邢台县',null),
('1220','147','临城县','1',null,'中国 河北 邢台 临城县',null),
('1221','147','内丘县','1',null,'中国 河北 邢台 内丘县',null),
('1222','147','柏乡县','1',null,'中国 河北 邢台 柏乡县',null),
('1223','147','隆尧县','1',null,'中国 河北 邢台 隆尧县',null),
('1224','147','任县','1',null,'中国 河北 邢台 任县',null),
('1225','147','南和县','1',null,'中国 河北 邢台 南和县',null),
('1226','147','宁晋县','1',null,'中国 河北 邢台 宁晋县',null),
('1227','147','巨鹿县','1',null,'中国 河北 邢台 巨鹿县',null),
('1228','147','新河县','1',null,'中国 河北 邢台 新河县',null),
('1229','147','广宗县','1',null,'中国 河北 邢台 广宗县',null),
('1230','147','平乡县','1',null,'中国 河北 邢台 平乡县',null),
('1231','147','威县','1',null,'中国 河北 邢台 威县',null),
('1232','147','清河县','1',null,'中国 河北 邢台 清河县',null),
('1233','147','临西县','1',null,'中国 河北 邢台 临西县',null),
('1234','148','桥西区','1',null,'中国 河北 张家口 桥西区',null),
('1235','148','桥东区','1',null,'中国 河北 张家口 桥东区',null),
('1236','148','宣化区','1',null,'中国 河北 张家口 宣化区',null),
('1237','148','下花园区','1',null,'中国 河北 张家口 下花园区',null),
('1238','148','宣化县','1',null,'中国 河北 张家口 宣化县',null),
('1239','148','张北县','1',null,'中国 河北 张家口 张北县',null),
('1240','148','康保县','1',null,'中国 河北 张家口 康保县',null),
('1241','148','沽源县','1',null,'中国 河北 张家口 沽源县',null),
('1242','148','尚义县','1',null,'中国 河北 张家口 尚义县',null),
('1243','148','蔚县','1',null,'中国 河北 张家口 蔚县',null),
('1244','148','阳原县','1',null,'中国 河北 张家口 阳原县',null),
('1245','148','怀安县','1',null,'中国 河北 张家口 怀安县',null),
('1246','148','万全县','1',null,'中国 河北 张家口 万全县',null),
('1247','148','怀来县','1',null,'中国 河北 张家口 怀来县',null),
('1248','148','涿鹿县','1',null,'中国 河北 张家口 涿鹿县',null),
('1249','148','赤城县','1',null,'中国 河北 张家口 赤城县',null),
('1250','148','崇礼县','1',null,'中国 河北 张家口 崇礼县',null),
('1251','149','金水区','1',null,'中国 河南 郑州 金水区',null),
('1252','149','邙山区','1',null,'中国 河南 郑州 邙山区',null),
('1253','149','二七区','1',null,'中国 河南 郑州 二七区',null),
('1254','149','管城区','1',null,'中国 河南 郑州 管城区',null),
('1255','149','中原区','1',null,'中国 河南 郑州 中原区',null),
('1256','149','上街区','1',null,'中国 河南 郑州 上街区',null),
('1257','149','惠济区','1',null,'中国 河南 郑州 惠济区',null),
('1258','149','郑东新区','1',null,'中国 河南 郑州 郑东新区',null),
('1259','149','经济技术开发区','1',null,'中国 河南 郑州 经济技术开发区',null),
('1260','149','高新开发区','1',null,'中国 河南 郑州 高新开发区',null),
('1261','149','出口加工区','1',null,'中国 河南 郑州 出口加工区',null),
('1262','149','巩义市','1',null,'中国 河南 郑州 巩义市',null),
('1263','149','荥阳市','1',null,'中国 河南 郑州 荥阳市',null),
('1264','149','新密市','1',null,'中国 河南 郑州 新密市',null),
('1265','149','新郑市','1',null,'中国 河南 郑州 新郑市',null),
('1266','149','登封市','1',null,'中国 河南 郑州 登封市',null),
('1267','149','中牟县','1',null,'中国 河南 郑州 中牟县',null),
('1268','150','西工区','1',null,'中国 河南 洛阳 西工区',null),
('1269','150','老城区','1',null,'中国 河南 洛阳 老城区',null),
('1270','150','涧西区','1',null,'中国 河南 洛阳 涧西区',null),
('1271','150','瀍河回族区','1',null,'中国 河南 洛阳 瀍河回族区',null),
('1272','150','洛龙区','1',null,'中国 河南 洛阳 洛龙区',null),
('1273','150','吉利区','1',null,'中国 河南 洛阳 吉利区',null),
('1274','150','偃师市','1',null,'中国 河南 洛阳 偃师市',null),
('1275','150','孟津县','1',null,'中国 河南 洛阳 孟津县',null),
('1276','150','新安县','1',null,'中国 河南 洛阳 新安县',null),
('1277','150','栾川县','1',null,'中国 河南 洛阳 栾川县',null),
('1278','150','嵩县','1',null,'中国 河南 洛阳 嵩县',null),
('1279','150','汝阳县','1',null,'中国 河南 洛阳 汝阳县',null),
('1280','150','宜阳县','1',null,'中国 河南 洛阳 宜阳县',null),
('1281','150','洛宁县','1',null,'中国 河南 洛阳 洛宁县',null),
('1282','150','伊川县','1',null,'中国 河南 洛阳 伊川县',null),
('1283','151','鼓楼区','1',null,'中国 河南 开封 鼓楼区',null),
('1284','151','龙亭区','1',null,'中国 河南 开封 龙亭区',null),
('1285','151','顺河回族区','1',null,'中国 河南 开封 顺河回族区',null),
('1286','151','金明区','1',null,'中国 河南 开封 金明区',null),
('1287','151','禹王台区','1',null,'中国 河南 开封 禹王台区',null),
('1288','151','杞县','1',null,'中国 河南 开封 杞县',null),
('1289','151','通许县','1',null,'中国 河南 开封 通许县',null),
('1290','151','尉氏县','1',null,'中国 河南 开封 尉氏县',null),
('1291','151','开封县','1',null,'中国 河南 开封 开封县',null),
('1292','151','兰考县','1',null,'中国 河南 开封 兰考县',null),
('1293','152','北关区','1',null,'中国 河南 安阳 北关区',null),
('1294','152','文峰区','1',null,'中国 河南 安阳 文峰区',null),
('1295','152','殷都区','1',null,'中国 河南 安阳 殷都区',null),
('1296','152','龙安区','1',null,'中国 河南 安阳 龙安区',null),
('1297','152','林州市','1',null,'中国 河南 安阳 林州市',null),
('1298','152','安阳县','1',null,'中国 河南 安阳 安阳县',null),
('1299','152','汤阴县','1',null,'中国 河南 安阳 汤阴县',null),
('1300','152','滑县','1',null,'中国 河南 安阳 滑县',null),
('1301','152','内黄县','1',null,'中国 河南 安阳 内黄县',null),
('1302','153','淇滨区','1',null,'中国 河南 鹤壁 淇滨区',null),
('1303','153','山城区','1',null,'中国 河南 鹤壁 山城区',null),
('1304','153','鹤山区','1',null,'中国 河南 鹤壁 鹤山区',null),
('1305','153','浚县','1',null,'中国 河南 鹤壁 浚县',null),
('1306','153','淇县','1',null,'中国 河南 鹤壁 淇县',null),
('1307','154','济源市','1',null,'中国 河南 济源 济源市',null),
('1308','155','解放区','1',null,'中国 河南 焦作 解放区',null),
('1309','155','中站区','1',null,'中国 河南 焦作 中站区',null),
('1310','155','马村区','1',null,'中国 河南 焦作 马村区',null),
('1311','155','山阳区','1',null,'中国 河南 焦作 山阳区',null),
('1312','155','沁阳市','1',null,'中国 河南 焦作 沁阳市',null),
('1313','155','孟州市','1',null,'中国 河南 焦作 孟州市',null),
('1314','155','修武县','1',null,'中国 河南 焦作 修武县',null),
('1315','155','博爱县','1',null,'中国 河南 焦作 博爱县',null),
('1316','155','武陟县','1',null,'中国 河南 焦作 武陟县',null),
('1317','155','温县','1',null,'中国 河南 焦作 温县',null),
('1318','156','卧龙区','1',null,'中国 河南 南阳 卧龙区',null),
('1319','156','宛城区','1',null,'中国 河南 南阳 宛城区',null),
('1320','156','邓州市','1',null,'中国 河南 南阳 邓州市',null),
('1321','156','南召县','1',null,'中国 河南 南阳 南召县',null),
('1322','156','方城县','1',null,'中国 河南 南阳 方城县',null),
('1323','156','西峡县','1',null,'中国 河南 南阳 西峡县',null),
('1324','156','镇平县','1',null,'中国 河南 南阳 镇平县',null),
('1325','156','内乡县','1',null,'中国 河南 南阳 内乡县',null),
('1326','156','淅川县','1',null,'中国 河南 南阳 淅川县',null),
('1327','156','社旗县','1',null,'中国 河南 南阳 社旗县',null),
('1328','156','唐河县','1',null,'中国 河南 南阳 唐河县',null),
('1329','156','新野县','1',null,'中国 河南 南阳 新野县',null),
('1330','156','桐柏县','1',null,'中国 河南 南阳 桐柏县',null),
('1331','157','新华区','1',null,'中国 河南 平顶山 新华区',null),
('1332','157','卫东区','1',null,'中国 河南 平顶山 卫东区',null),
('1333','157','湛河区','1',null,'中国 河南 平顶山 湛河区',null),
('1334','157','石龙区','1',null,'中国 河南 平顶山 石龙区',null),
('1335','157','舞钢市','1',null,'中国 河南 平顶山 舞钢市',null),
('1336','157','汝州市','1',null,'中国 河南 平顶山 汝州市',null),
('1337','157','宝丰县','1',null,'中国 河南 平顶山 宝丰县',null),
('1338','157','叶县','1',null,'中国 河南 平顶山 叶县',null),
('1339','157','鲁山县','1',null,'中国 河南 平顶山 鲁山县',null),
('1340','157','郏县','1',null,'中国 河南 平顶山 郏县',null),
('1341','158','湖滨区','1',null,'中国 河南 三门峡 湖滨区',null),
('1342','158','义马市','1',null,'中国 河南 三门峡 义马市',null),
('1343','158','灵宝市','1',null,'中国 河南 三门峡 灵宝市',null),
('1344','158','渑池县','1',null,'中国 河南 三门峡 渑池县',null),
('1345','158','陕县','1',null,'中国 河南 三门峡 陕县',null),
('1346','158','卢氏县','1',null,'中国 河南 三门峡 卢氏县',null),
('1347','159','梁园区','1',null,'中国 河南 商丘 梁园区',null),
('1348','159','睢阳区','1',null,'中国 河南 商丘 睢阳区',null),
('1349','159','永城市','1',null,'中国 河南 商丘 永城市',null),
('1350','159','民权县','1',null,'中国 河南 商丘 民权县',null),
('1351','159','睢县','1',null,'中国 河南 商丘 睢县',null),
('1352','159','宁陵县','1',null,'中国 河南 商丘 宁陵县',null),
('1353','159','虞城县','1',null,'中国 河南 商丘 虞城县',null),
('1354','159','柘城县','1',null,'中国 河南 商丘 柘城县',null),
('1355','159','夏邑县','1',null,'中国 河南 商丘 夏邑县',null),
('1356','160','卫滨区','1',null,'中国 河南 新乡 卫滨区',null),
('1357','160','红旗区','1',null,'中国 河南 新乡 红旗区',null),
('1358','160','凤泉区','1',null,'中国 河南 新乡 凤泉区',null),
('1359','160','牧野区','1',null,'中国 河南 新乡 牧野区',null),
('1360','160','卫辉市','1',null,'中国 河南 新乡 卫辉市',null),
('1361','160','辉县市','1',null,'中国 河南 新乡 辉县市',null),
('1362','160','新乡县','1',null,'中国 河南 新乡 新乡县',null),
('1363','160','获嘉县','1',null,'中国 河南 新乡 获嘉县',null),
('1364','160','原阳县','1',null,'中国 河南 新乡 原阳县',null),
('1365','160','延津县','1',null,'中国 河南 新乡 延津县',null),
('1366','160','封丘县','1',null,'中国 河南 新乡 封丘县',null),
('1367','160','长垣县','1',null,'中国 河南 新乡 长垣县',null),
('1368','161','浉河区','1',null,'中国 河南 信阳 浉河区',null),
('1369','161','平桥区','1',null,'中国 河南 信阳 平桥区',null),
('1370','161','罗山县','1',null,'中国 河南 信阳 罗山县',null),
('1371','161','光山县','1',null,'中国 河南 信阳 光山县',null),
('1372','161','新县','1',null,'中国 河南 信阳 新县',null),
('1373','161','商城县','1',null,'中国 河南 信阳 商城县',null),
('1374','161','固始县','1',null,'中国 河南 信阳 固始县',null),
('1375','161','潢川县','1',null,'中国 河南 信阳 潢川县',null),
('1376','161','淮滨县','1',null,'中国 河南 信阳 淮滨县',null),
('1377','161','息县','1',null,'中国 河南 信阳 息县',null),
('1378','162','魏都区','1',null,'中国 河南 许昌 魏都区',null),
('1379','162','禹州市','1',null,'中国 河南 许昌 禹州市',null),
('1380','162','长葛市','1',null,'中国 河南 许昌 长葛市',null),
('1381','162','许昌县','1',null,'中国 河南 许昌 许昌县',null),
('1382','162','鄢陵县','1',null,'中国 河南 许昌 鄢陵县',null),
('1383','162','襄城县','1',null,'中国 河南 许昌 襄城县',null),
('1384','163','川汇区','1',null,'中国 河南 周口 川汇区',null),
('1385','163','项城市','1',null,'中国 河南 周口 项城市',null),
('1386','163','扶沟县','1',null,'中国 河南 周口 扶沟县',null),
('1387','163','西华县','1',null,'中国 河南 周口 西华县',null),
('1388','163','商水县','1',null,'中国 河南 周口 商水县',null),
('1389','163','沈丘县','1',null,'中国 河南 周口 沈丘县',null),
('1390','163','郸城县','1',null,'中国 河南 周口 郸城县',null),
('1391','163','淮阳县','1',null,'中国 河南 周口 淮阳县',null),
('1392','163','太康县','1',null,'中国 河南 周口 太康县',null),
('1393','163','鹿邑县','1',null,'中国 河南 周口 鹿邑县',null),
('1394','164','驿城区','1',null,'中国 河南 驻马店 驿城区',null),
('1395','164','西平县','1',null,'中国 河南 驻马店 西平县',null),
('1396','164','上蔡县','1',null,'中国 河南 驻马店 上蔡县',null),
('1397','164','平舆县','1',null,'中国 河南 驻马店 平舆县',null),
('1398','164','正阳县','1',null,'中国 河南 驻马店 正阳县',null),
('1399','164','确山县','1',null,'中国 河南 驻马店 确山县',null),
('1400','164','泌阳县','1',null,'中国 河南 驻马店 泌阳县',null),
('1401','164','汝南县','1',null,'中国 河南 驻马店 汝南县',null),
('1402','164','遂平县','1',null,'中国 河南 驻马店 遂平县',null),
('1403','164','新蔡县','1',null,'中国 河南 驻马店 新蔡县',null),
('1404','165','郾城区','1',null,'中国 河南 漯河 郾城区',null),
('1405','165','源汇区','1',null,'中国 河南 漯河 源汇区',null),
('1406','165','召陵区','1',null,'中国 河南 漯河 召陵区',null),
('1407','165','舞阳县','1',null,'中国 河南 漯河 舞阳县',null),
('1408','165','临颍县','1',null,'中国 河南 漯河 临颍县',null),
('1409','166','华龙区','1',null,'中国 河南 濮阳 华龙区',null),
('1410','166','清丰县','1',null,'中国 河南 濮阳 清丰县',null),
('1411','166','南乐县','1',null,'中国 河南 濮阳 南乐县',null),
('1412','166','范县','1',null,'中国 河南 濮阳 范县',null),
('1413','166','台前县','1',null,'中国 河南 濮阳 台前县',null),
('1414','166','濮阳县','1',null,'中国 河南 濮阳 濮阳县',null),
('1415','167','道里区','1',null,'中国 黑龙江 哈尔滨 道里区',null),
('1416','167','南岗区','1',null,'中国 黑龙江 哈尔滨 南岗区',null),
('1417','167','动力区','1',null,'中国 黑龙江 哈尔滨 动力区',null),
('1418','167','平房区','1',null,'中国 黑龙江 哈尔滨 平房区',null),
('1419','167','香坊区','1',null,'中国 黑龙江 哈尔滨 香坊区',null),
('1420','167','太平区','1',null,'中国 黑龙江 哈尔滨 太平区',null),
('1421','167','道外区','1',null,'中国 黑龙江 哈尔滨 道外区',null),
('1422','167','阿城区','1',null,'中国 黑龙江 哈尔滨 阿城区',null),
('1423','167','呼兰区','1',null,'中国 黑龙江 哈尔滨 呼兰区',null),
('1424','167','松北区','1',null,'中国 黑龙江 哈尔滨 松北区',null),
('1425','167','尚志市','1',null,'中国 黑龙江 哈尔滨 尚志市',null),
('1426','167','双城市','1',null,'中国 黑龙江 哈尔滨 双城市',null),
('1427','167','五常市','1',null,'中国 黑龙江 哈尔滨 五常市',null),
('1428','167','方正县','1',null,'中国 黑龙江 哈尔滨 方正县',null),
('1429','167','宾县','1',null,'中国 黑龙江 哈尔滨 宾县',null),
('1430','167','依兰县','1',null,'中国 黑龙江 哈尔滨 依兰县',null),
('1431','167','巴彦县','1',null,'中国 黑龙江 哈尔滨 巴彦县',null),
('1432','167','通河县','1',null,'中国 黑龙江 哈尔滨 通河县',null),
('1433','167','木兰县','1',null,'中国 黑龙江 哈尔滨 木兰县',null),
('1434','167','延寿县','1',null,'中国 黑龙江 哈尔滨 延寿县',null),
('1435','168','萨尔图区','1',null,'中国 黑龙江 大庆 萨尔图区',null),
('1436','168','红岗区','1',null,'中国 黑龙江 大庆 红岗区',null),
('1437','168','龙凤区','1',null,'中国 黑龙江 大庆 龙凤区',null),
('1438','168','让胡路区','1',null,'中国 黑龙江 大庆 让胡路区',null),
('1439','168','大同区','1',null,'中国 黑龙江 大庆 大同区',null),
('1440','168','肇州县','1',null,'中国 黑龙江 大庆 肇州县',null),
('1441','168','肇源县','1',null,'中国 黑龙江 大庆 肇源县',null),
('1442','168','林甸县','1',null,'中国 黑龙江 大庆 林甸县',null),
('1443','168','杜尔伯特','1',null,'中国 黑龙江 大庆 杜尔伯特',null),
('1444','169','呼玛县','1',null,'中国 黑龙江 大兴安岭 呼玛县',null),
('1445','169','漠河县','1',null,'中国 黑龙江 大兴安岭 漠河县',null),
('1446','169','塔河县','1',null,'中国 黑龙江 大兴安岭 塔河县',null),
('1447','170','兴山区','1',null,'中国 黑龙江 鹤岗 兴山区',null),
('1448','170','工农区','1',null,'中国 黑龙江 鹤岗 工农区',null),
('1449','170','南山区','1',null,'中国 黑龙江 鹤岗 南山区',null),
('1450','170','兴安区','1',null,'中国 黑龙江 鹤岗 兴安区',null),
('1451','170','向阳区','1',null,'中国 黑龙江 鹤岗 向阳区',null),
('1452','170','东山区','1',null,'中国 黑龙江 鹤岗 东山区',null),
('1453','170','萝北县','1',null,'中国 黑龙江 鹤岗 萝北县',null),
('1454','170','绥滨县','1',null,'中国 黑龙江 鹤岗 绥滨县',null),
('1455','171','爱辉区','1',null,'中国 黑龙江 黑河 爱辉区',null),
('1456','171','五大连池市','1',null,'中国 黑龙江 黑河 五大连池市',null),
('1457','171','北安市','1',null,'中国 黑龙江 黑河 北安市',null),
('1458','171','嫩江县','1',null,'中国 黑龙江 黑河 嫩江县',null),
('1459','171','逊克县','1',null,'中国 黑龙江 黑河 逊克县',null),
('1460','171','孙吴县','1',null,'中国 黑龙江 黑河 孙吴县',null),
('1461','172','鸡冠区','1',null,'中国 黑龙江 鸡西 鸡冠区',null),
('1462','172','恒山区','1',null,'中国 黑龙江 鸡西 恒山区',null),
('1463','172','城子河区','1',null,'中国 黑龙江 鸡西 城子河区',null),
('1464','172','滴道区','1',null,'中国 黑龙江 鸡西 滴道区',null),
('1465','172','梨树区','1',null,'中国 黑龙江 鸡西 梨树区',null),
('1466','172','虎林市','1',null,'中国 黑龙江 鸡西 虎林市',null),
('1467','172','密山市','1',null,'中国 黑龙江 鸡西 密山市',null),
('1468','172','鸡东县','1',null,'中国 黑龙江 鸡西 鸡东县',null),
('1469','173','前进区','1',null,'中国 黑龙江 佳木斯 前进区',null),
('1470','173','郊区','1',null,'中国 黑龙江 佳木斯 郊区',null),
('1471','173','向阳区','1',null,'中国 黑龙江 佳木斯 向阳区',null),
('1472','173','东风区','1',null,'中国 黑龙江 佳木斯 东风区',null),
('1473','173','同江市','1',null,'中国 黑龙江 佳木斯 同江市',null),
('1474','173','富锦市','1',null,'中国 黑龙江 佳木斯 富锦市',null),
('1475','173','桦南县','1',null,'中国 黑龙江 佳木斯 桦南县',null),
('1476','173','桦川县','1',null,'中国 黑龙江 佳木斯 桦川县',null),
('1477','173','汤原县','1',null,'中国 黑龙江 佳木斯 汤原县',null),
('1478','173','抚远县','1',null,'中国 黑龙江 佳木斯 抚远县',null),
('1479','174','爱民区','1',null,'中国 黑龙江 牡丹江 爱民区',null),
('1480','174','东安区','1',null,'中国 黑龙江 牡丹江 东安区',null),
('1481','174','阳明区','1',null,'中国 黑龙江 牡丹江 阳明区',null),
('1482','174','西安区','1',null,'中国 黑龙江 牡丹江 西安区',null),
('1483','174','绥芬河市','1',null,'中国 黑龙江 牡丹江 绥芬河市',null),
('1484','174','海林市','1',null,'中国 黑龙江 牡丹江 海林市',null),
('1485','174','宁安市','1',null,'中国 黑龙江 牡丹江 宁安市',null),
('1486','174','穆棱市','1',null,'中国 黑龙江 牡丹江 穆棱市',null),
('1487','174','东宁县','1',null,'中国 黑龙江 牡丹江 东宁县',null),
('1488','174','林口县','1',null,'中国 黑龙江 牡丹江 林口县',null),
('1489','175','桃山区','1',null,'中国 黑龙江 七台河 桃山区',null),
('1490','175','新兴区','1',null,'中国 黑龙江 七台河 新兴区',null),
('1491','175','茄子河区','1',null,'中国 黑龙江 七台河 茄子河区',null),
('1492','175','勃利县','1',null,'中国 黑龙江 七台河 勃利县',null),
('1493','176','龙沙区','1',null,'中国 黑龙江 齐齐哈尔 龙沙区',null),
('1494','176','昂昂溪区','1',null,'中国 黑龙江 齐齐哈尔 昂昂溪区',null),
('1495','176','铁峰区','1',null,'中国 黑龙江 齐齐哈尔 铁峰区',null),
('1496','176','建华区','1',null,'中国 黑龙江 齐齐哈尔 建华区',null),
('1497','176','富拉尔基区','1',null,'中国 黑龙江 齐齐哈尔 富拉尔基区',null),
('1498','176','碾子山区','1',null,'中国 黑龙江 齐齐哈尔 碾子山区',null),
('1499','176','梅里斯达斡尔区','1',null,'中国 黑龙江 齐齐哈尔 梅里斯达斡尔区',null),
('1500','176','讷河市','1',null,'中国 黑龙江 齐齐哈尔 讷河市',null),
('1501','176','龙江县','1',null,'中国 黑龙江 齐齐哈尔 龙江县',null),
('1502','176','依安县','1',null,'中国 黑龙江 齐齐哈尔 依安县',null),
('1503','176','泰来县','1',null,'中国 黑龙江 齐齐哈尔 泰来县',null),
('1504','176','甘南县','1',null,'中国 黑龙江 齐齐哈尔 甘南县',null),
('1505','176','富裕县','1',null,'中国 黑龙江 齐齐哈尔 富裕县',null),
('1506','176','克山县','1',null,'中国 黑龙江 齐齐哈尔 克山县',null),
('1507','176','克东县','1',null,'中国 黑龙江 齐齐哈尔 克东县',null),
('1508','176','拜泉县','1',null,'中国 黑龙江 齐齐哈尔 拜泉县',null),
('1509','177','尖山区','1',null,'中国 黑龙江 双鸭山 尖山区',null),
('1510','177','岭东区','1',null,'中国 黑龙江 双鸭山 岭东区',null),
('1511','177','四方台区','1',null,'中国 黑龙江 双鸭山 四方台区',null),
('1512','177','宝山区','1',null,'中国 黑龙江 双鸭山 宝山区',null),
('1513','177','集贤县','1',null,'中国 黑龙江 双鸭山 集贤县',null),
('1514','177','友谊县','1',null,'中国 黑龙江 双鸭山 友谊县',null),
('1515','177','宝清县','1',null,'中国 黑龙江 双鸭山 宝清县',null),
('1516','177','饶河县','1',null,'中国 黑龙江 双鸭山 饶河县',null),
('1517','178','北林区','1',null,'中国 黑龙江 绥化 北林区',null),
('1518','178','安达市','1',null,'中国 黑龙江 绥化 安达市',null),
('1519','178','肇东市','1',null,'中国 黑龙江 绥化 肇东市',null),
('1520','178','海伦市','1',null,'中国 黑龙江 绥化 海伦市',null),
('1521','178','望奎县','1',null,'中国 黑龙江 绥化 望奎县',null),
('1522','178','兰西县','1',null,'中国 黑龙江 绥化 兰西县',null),
('1523','178','青冈县','1',null,'中国 黑龙江 绥化 青冈县',null),
('1524','178','庆安县','1',null,'中国 黑龙江 绥化 庆安县',null),
('1525','178','明水县','1',null,'中国 黑龙江 绥化 明水县',null),
('1526','178','绥棱县','1',null,'中国 黑龙江 绥化 绥棱县',null),
('1527','179','伊春区','1',null,'中国 黑龙江 伊春 伊春区',null),
('1528','179','带岭区','1',null,'中国 黑龙江 伊春 带岭区',null),
('1529','179','南岔区','1',null,'中国 黑龙江 伊春 南岔区',null),
('1530','179','金山屯区','1',null,'中国 黑龙江 伊春 金山屯区',null),
('1531','179','西林区','1',null,'中国 黑龙江 伊春 西林区',null),
('1532','179','美溪区','1',null,'中国 黑龙江 伊春 美溪区',null),
('1533','179','乌马河区','1',null,'中国 黑龙江 伊春 乌马河区',null),
('1534','179','翠峦区','1',null,'中国 黑龙江 伊春 翠峦区',null),
('1535','179','友好区','1',null,'中国 黑龙江 伊春 友好区',null),
('1536','179','上甘岭区','1',null,'中国 黑龙江 伊春 上甘岭区',null),
('1537','179','五营区','1',null,'中国 黑龙江 伊春 五营区',null),
('1538','179','红星区','1',null,'中国 黑龙江 伊春 红星区',null),
('1539','179','新青区','1',null,'中国 黑龙江 伊春 新青区',null),
('1540','179','汤旺河区','1',null,'中国 黑龙江 伊春 汤旺河区',null),
('1541','179','乌伊岭区','1',null,'中国 黑龙江 伊春 乌伊岭区',null),
('1542','179','铁力市','1',null,'中国 黑龙江 伊春 铁力市',null),
('1543','179','嘉荫县','1',null,'中国 黑龙江 伊春 嘉荫县',null),
('1544','180','江岸区','1',null,'中国 湖北 武汉 江岸区',null),
('1545','180','武昌区','1',null,'中国 湖北 武汉 武昌区',null),
('1546','180','江汉区','1',null,'中国 湖北 武汉 江汉区',null),
('1547','180','硚口区','1',null,'中国 湖北 武汉 硚口区',null),
('1548','180','汉阳区','1',null,'中国 湖北 武汉 汉阳区',null),
('1549','180','青山区','1',null,'中国 湖北 武汉 青山区',null),
('1550','180','洪山区','1',null,'中国 湖北 武汉 洪山区',null),
('1551','180','东西湖区','1',null,'中国 湖北 武汉 东西湖区',null),
('1552','180','汉南区','1',null,'中国 湖北 武汉 汉南区',null),
('1553','180','蔡甸区','1',null,'中国 湖北 武汉 蔡甸区',null),
('1554','180','江夏区','1',null,'中国 湖北 武汉 江夏区',null),
('1555','180','黄陂区','1',null,'中国 湖北 武汉 黄陂区',null),
('1556','180','新洲区','1',null,'中国 湖北 武汉 新洲区',null),
('1557','180','经济开发区','1',null,'中国 湖北 武汉 经济开发区',null),
('1558','181','仙桃市','1',null,'中国 湖北 仙桃 仙桃市',null),
('1559','182','鄂城区','1',null,'中国 湖北 鄂州 鄂城区',null),
('1560','182','华容区','1',null,'中国 湖北 鄂州 华容区',null),
('1561','182','梁子湖区','1',null,'中国 湖北 鄂州 梁子湖区',null),
('1562','183','黄州区','1',null,'中国 湖北 黄冈 黄州区',null),
('1563','183','麻城市','1',null,'中国 湖北 黄冈 麻城市',null),
('1564','183','武穴市','1',null,'中国 湖北 黄冈 武穴市',null),
('1565','183','团风县','1',null,'中国 湖北 黄冈 团风县',null),
('1566','183','红安县','1',null,'中国 湖北 黄冈 红安县',null),
('1567','183','罗田县','1',null,'中国 湖北 黄冈 罗田县',null),
('1568','183','英山县','1',null,'中国 湖北 黄冈 英山县',null),
('1569','183','浠水县','1',null,'中国 湖北 黄冈 浠水县',null),
('1570','183','蕲春县','1',null,'中国 湖北 黄冈 蕲春县',null),
('1571','183','黄梅县','1',null,'中国 湖北 黄冈 黄梅县',null),
('1572','184','黄石港区','1',null,'中国 湖北 黄石 黄石港区',null),
('1573','184','西塞山区','1',null,'中国 湖北 黄石 西塞山区',null),
('1574','184','下陆区','1',null,'中国 湖北 黄石 下陆区',null),
('1575','184','铁山区','1',null,'中国 湖北 黄石 铁山区',null),
('1576','184','大冶市','1',null,'中国 湖北 黄石 大冶市',null),
('1577','184','阳新县','1',null,'中国 湖北 黄石 阳新县',null),
('1578','185','东宝区','1',null,'中国 湖北 荆门 东宝区',null),
('1579','185','掇刀区','1',null,'中国 湖北 荆门 掇刀区',null),
('1580','185','钟祥市','1',null,'中国 湖北 荆门 钟祥市',null),
('1581','185','京山县','1',null,'中国 湖北 荆门 京山县',null),
('1582','185','沙洋县','1',null,'中国 湖北 荆门 沙洋县',null),
('1583','186','沙市区','1',null,'中国 湖北 荆州 沙市区',null),
('1584','186','荆州区','1',null,'中国 湖北 荆州 荆州区',null),
('1585','186','石首市','1',null,'中国 湖北 荆州 石首市',null),
('1586','186','洪湖市','1',null,'中国 湖北 荆州 洪湖市',null),
('1587','186','松滋市','1',null,'中国 湖北 荆州 松滋市',null),
('1588','186','公安县','1',null,'中国 湖北 荆州 公安县',null),
('1589','186','监利县','1',null,'中国 湖北 荆州 监利县',null),
('1590','186','江陵县','1',null,'中国 湖北 荆州 江陵县',null),
('1591','187','潜江市','1',null,'中国 湖北 潜江 潜江市',null),
('1592','188','神农架林区','1',null,'中国 湖北 神农架林区 神农架林区',null),
('1593','189','张湾区','1',null,'中国 湖北 十堰 张湾区',null),
('1594','189','茅箭区','1',null,'中国 湖北 十堰 茅箭区',null),
('1595','189','丹江口市','1',null,'中国 湖北 十堰 丹江口市',null),
('1596','189','郧县','1',null,'中国 湖北 十堰 郧县',null),
('1597','189','郧西县','1',null,'中国 湖北 十堰 郧西县',null),
('1598','189','竹山县','1',null,'中国 湖北 十堰 竹山县',null),
('1599','189','竹溪县','1',null,'中国 湖北 十堰 竹溪县',null),
('1600','189','房县','1',null,'中国 湖北 十堰 房县',null),
('1601','190','曾都区','1',null,'中国 湖北 随州 曾都区',null),
('1602','190','广水市','1',null,'中国 湖北 随州 广水市',null),
('1603','191','天门市','1',null,'中国 湖北 天门 天门市',null),
('1604','192','咸安区','1',null,'中国 湖北 咸宁 咸安区',null),
('1605','192','赤壁市','1',null,'中国 湖北 咸宁 赤壁市',null),
('1606','192','嘉鱼县','1',null,'中国 湖北 咸宁 嘉鱼县',null),
('1607','192','通城县','1',null,'中国 湖北 咸宁 通城县',null),
('1608','192','崇阳县','1',null,'中国 湖北 咸宁 崇阳县',null),
('1609','192','通山县','1',null,'中国 湖北 咸宁 通山县',null),
('1610','193','襄城区','1',null,'中国 湖北 襄樊 襄城区',null),
('1611','193','樊城区','1',null,'中国 湖北 襄樊 樊城区',null),
('1612','193','襄阳区','1',null,'中国 湖北 襄樊 襄阳区',null),
('1613','193','老河口市','1',null,'中国 湖北 襄樊 老河口市',null),
('1614','193','枣阳市','1',null,'中国 湖北 襄樊 枣阳市',null),
('1615','193','宜城市','1',null,'中国 湖北 襄樊 宜城市',null),
('1616','193','南漳县','1',null,'中国 湖北 襄樊 南漳县',null),
('1617','193','谷城县','1',null,'中国 湖北 襄樊 谷城县',null),
('1618','193','保康县','1',null,'中国 湖北 襄樊 保康县',null),
('1619','194','孝南区','1',null,'中国 湖北 孝感 孝南区',null),
('1620','194','应城市','1',null,'中国 湖北 孝感 应城市',null),
('1621','194','安陆市','1',null,'中国 湖北 孝感 安陆市',null),
('1622','194','汉川市','1',null,'中国 湖北 孝感 汉川市',null),
('1623','194','孝昌县','1',null,'中国 湖北 孝感 孝昌县',null),
('1624','194','大悟县','1',null,'中国 湖北 孝感 大悟县',null),
('1625','194','云梦县','1',null,'中国 湖北 孝感 云梦县',null),
('1626','195','长阳','1',null,'中国 湖北 宜昌 长阳',null),
('1627','195','五峰','1',null,'中国 湖北 宜昌 五峰',null),
('1628','195','西陵区','1',null,'中国 湖北 宜昌 西陵区',null),
('1629','195','伍家岗区','1',null,'中国 湖北 宜昌 伍家岗区',null),
('1630','195','点军区','1',null,'中国 湖北 宜昌 点军区',null),
('1631','195','猇亭区','1',null,'中国 湖北 宜昌 猇亭区',null),
('1632','195','夷陵区','1',null,'中国 湖北 宜昌 夷陵区',null),
('1633','195','宜都市','1',null,'中国 湖北 宜昌 宜都市',null),
('1634','195','当阳市','1',null,'中国 湖北 宜昌 当阳市',null),
('1635','195','枝江市','1',null,'中国 湖北 宜昌 枝江市',null),
('1636','195','远安县','1',null,'中国 湖北 宜昌 远安县',null),
('1637','195','兴山县','1',null,'中国 湖北 宜昌 兴山县',null),
('1638','195','秭归县','1',null,'中国 湖北 宜昌 秭归县',null),
('1639','196','恩施市','1',null,'中国 湖北 恩施 恩施市',null),
('1640','196','利川市','1',null,'中国 湖北 恩施 利川市',null),
('1641','196','建始县','1',null,'中国 湖北 恩施 建始县',null),
('1642','196','巴东县','1',null,'中国 湖北 恩施 巴东县',null),
('1643','196','宣恩县','1',null,'中国 湖北 恩施 宣恩县',null),
('1644','196','咸丰县','1',null,'中国 湖北 恩施 咸丰县',null),
('1645','196','来凤县','1',null,'中国 湖北 恩施 来凤县',null),
('1646','196','鹤峰县','1',null,'中国 湖北 恩施 鹤峰县',null),
('1647','197','岳麓区','1',null,'中国 湖南 长沙 岳麓区',null),
('1648','197','芙蓉区','1',null,'中国 湖南 长沙 芙蓉区',null),
('1649','197','天心区','1',null,'中国 湖南 长沙 天心区',null),
('1650','197','开福区','1',null,'中国 湖南 长沙 开福区',null),
('1651','197','雨花区','1',null,'中国 湖南 长沙 雨花区',null),
('1652','197','开发区','1',null,'中国 湖南 长沙 开发区',null),
('1653','197','浏阳市','1',null,'中国 湖南 长沙 浏阳市',null),
('1654','197','长沙县','1',null,'中国 湖南 长沙 长沙县',null),
('1655','197','望城县','1',null,'中国 湖南 长沙 望城县',null),
('1656','197','宁乡县','1',null,'中国 湖南 长沙 宁乡县',null),
('1657','198','永定区','1',null,'中国 湖南 张家界 永定区',null),
('1658','198','武陵源区','1',null,'中国 湖南 张家界 武陵源区',null),
('1659','198','慈利县','1',null,'中国 湖南 张家界 慈利县',null),
('1660','198','桑植县','1',null,'中国 湖南 张家界 桑植县',null),
('1661','199','武陵区','1',null,'中国 湖南 常德 武陵区',null),
('1662','199','鼎城区','1',null,'中国 湖南 常德 鼎城区',null),
('1663','199','津市市','1',null,'中国 湖南 常德 津市市',null),
('1664','199','安乡县','1',null,'中国 湖南 常德 安乡县',null),
('1665','199','汉寿县','1',null,'中国 湖南 常德 汉寿县',null),
('1666','199','澧县','1',null,'中国 湖南 常德 澧县',null),
('1667','199','临澧县','1',null,'中国 湖南 常德 临澧县',null),
('1668','199','桃源县','1',null,'中国 湖南 常德 桃源县',null),
('1669','199','石门县','1',null,'中国 湖南 常德 石门县',null),
('1670','200','北湖区','1',null,'中国 湖南 郴州 北湖区',null),
('1671','200','苏仙区','1',null,'中国 湖南 郴州 苏仙区',null),
('1672','200','资兴市','1',null,'中国 湖南 郴州 资兴市',null),
('1673','200','桂阳县','1',null,'中国 湖南 郴州 桂阳县',null),
('1674','200','宜章县','1',null,'中国 湖南 郴州 宜章县',null),
('1675','200','永兴县','1',null,'中国 湖南 郴州 永兴县',null),
('1676','200','嘉禾县','1',null,'中国 湖南 郴州 嘉禾县',null),
('1677','200','临武县','1',null,'中国 湖南 郴州 临武县',null),
('1678','200','汝城县','1',null,'中国 湖南 郴州 汝城县',null),
('1679','200','桂东县','1',null,'中国 湖南 郴州 桂东县',null),
('1680','200','安仁县','1',null,'中国 湖南 郴州 安仁县',null),
('1681','201','雁峰区','1',null,'中国 湖南 衡阳 雁峰区',null),
('1682','201','珠晖区','1',null,'中国 湖南 衡阳 珠晖区',null),
('1683','201','石鼓区','1',null,'中国 湖南 衡阳 石鼓区',null),
('1684','201','蒸湘区','1',null,'中国 湖南 衡阳 蒸湘区',null),
('1685','201','南岳区','1',null,'中国 湖南 衡阳 南岳区',null),
('1686','201','耒阳市','1',null,'中国 湖南 衡阳 耒阳市',null),
('1687','201','常宁市','1',null,'中国 湖南 衡阳 常宁市',null),
('1688','201','衡阳县','1',null,'中国 湖南 衡阳 衡阳县',null),
('1689','201','衡南县','1',null,'中国 湖南 衡阳 衡南县',null),
('1690','201','衡山县','1',null,'中国 湖南 衡阳 衡山县',null),
('1691','201','衡东县','1',null,'中国 湖南 衡阳 衡东县',null),
('1692','201','祁东县','1',null,'中国 湖南 衡阳 祁东县',null),
('1693','202','鹤城区','1',null,'中国 湖南 怀化 鹤城区',null),
('1694','202','靖州','1',null,'中国 湖南 怀化 靖州',null),
('1695','202','麻阳','1',null,'中国 湖南 怀化 麻阳',null),
('1696','202','通道','1',null,'中国 湖南 怀化 通道',null),
('1697','202','新晃','1',null,'中国 湖南 怀化 新晃',null),
('1698','202','芷江','1',null,'中国 湖南 怀化 芷江',null),
('1699','202','沅陵县','1',null,'中国 湖南 怀化 沅陵县',null),
('1700','202','辰溪县','1',null,'中国 湖南 怀化 辰溪县',null),
('1701','202','溆浦县','1',null,'中国 湖南 怀化 溆浦县',null),
('1702','202','中方县','1',null,'中国 湖南 怀化 中方县',null),
('1703','202','会同县','1',null,'中国 湖南 怀化 会同县',null),
('1704','202','洪江市','1',null,'中国 湖南 怀化 洪江市',null),
('1705','203','娄星区','1',null,'中国 湖南 娄底 娄星区',null),
('1706','203','冷水江市','1',null,'中国 湖南 娄底 冷水江市',null),
('1707','203','涟源市','1',null,'中国 湖南 娄底 涟源市',null),
('1708','203','双峰县','1',null,'中国 湖南 娄底 双峰县',null),
('1709','203','新化县','1',null,'中国 湖南 娄底 新化县',null),
('1710','204','城步','1',null,'中国 湖南 邵阳 城步',null),
('1711','204','双清区','1',null,'中国 湖南 邵阳 双清区',null),
('1712','204','大祥区','1',null,'中国 湖南 邵阳 大祥区',null),
('1713','204','北塔区','1',null,'中国 湖南 邵阳 北塔区',null),
('1714','204','武冈市','1',null,'中国 湖南 邵阳 武冈市',null),
('1715','204','邵东县','1',null,'中国 湖南 邵阳 邵东县',null),
('1716','204','新邵县','1',null,'中国 湖南 邵阳 新邵县',null),
('1717','204','邵阳县','1',null,'中国 湖南 邵阳 邵阳县',null),
('1718','204','隆回县','1',null,'中国 湖南 邵阳 隆回县',null),
('1719','204','洞口县','1',null,'中国 湖南 邵阳 洞口县',null),
('1720','204','绥宁县','1',null,'中国 湖南 邵阳 绥宁县',null),
('1721','204','新宁县','1',null,'中国 湖南 邵阳 新宁县',null),
('1722','205','岳塘区','1',null,'中国 湖南 湘潭 岳塘区',null),
('1723','205','雨湖区','1',null,'中国 湖南 湘潭 雨湖区',null),
('1724','205','湘乡市','1',null,'中国 湖南 湘潭 湘乡市',null),
('1725','205','韶山市','1',null,'中国 湖南 湘潭 韶山市',null),
('1726','205','湘潭县','1',null,'中国 湖南 湘潭 湘潭县',null),
('1727','206','吉首市','1',null,'中国 湖南 湘西 吉首市',null),
('1728','206','泸溪县','1',null,'中国 湖南 湘西 泸溪县',null),
('1729','206','凤凰县','1',null,'中国 湖南 湘西 凤凰县',null),
('1730','206','花垣县','1',null,'中国 湖南 湘西 花垣县',null),
('1731','206','保靖县','1',null,'中国 湖南 湘西 保靖县',null),
('1732','206','古丈县','1',null,'中国 湖南 湘西 古丈县',null),
('1733','206','永顺县','1',null,'中国 湖南 湘西 永顺县',null),
('1734','206','龙山县','1',null,'中国 湖南 湘西 龙山县',null),
('1735','207','赫山区','1',null,'中国 湖南 益阳 赫山区',null),
('1736','207','资阳区','1',null,'中国 湖南 益阳 资阳区',null),
('1737','207','沅江市','1',null,'中国 湖南 益阳 沅江市',null),
('1738','207','南县','1',null,'中国 湖南 益阳 南县',null),
('1739','207','桃江县','1',null,'中国 湖南 益阳 桃江县',null),
('1740','207','安化县','1',null,'中国 湖南 益阳 安化县',null),
('1741','208','江华','1',null,'中国 湖南 永州 江华',null),
('1742','208','冷水滩区','1',null,'中国 湖南 永州 冷水滩区',null),
('1743','208','零陵区','1',null,'中国 湖南 永州 零陵区',null),
('1744','208','祁阳县','1',null,'中国 湖南 永州 祁阳县',null),
('1745','208','东安县','1',null,'中国 湖南 永州 东安县',null),
('1746','208','双牌县','1',null,'中国 湖南 永州 双牌县',null),
('1747','208','道县','1',null,'中国 湖南 永州 道县',null),
('1748','208','江永县','1',null,'中国 湖南 永州 江永县',null),
('1749','208','宁远县','1',null,'中国 湖南 永州 宁远县',null),
('1750','208','蓝山县','1',null,'中国 湖南 永州 蓝山县',null),
('1751','208','新田县','1',null,'中国 湖南 永州 新田县',null),
('1752','209','岳阳楼区','1',null,'中国 湖南 岳阳 岳阳楼区',null),
('1753','209','君山区','1',null,'中国 湖南 岳阳 君山区',null),
('1754','209','云溪区','1',null,'中国 湖南 岳阳 云溪区',null),
('1755','209','汨罗市','1',null,'中国 湖南 岳阳 汨罗市',null),
('1756','209','临湘市','1',null,'中国 湖南 岳阳 临湘市',null),
('1757','209','岳阳县','1',null,'中国 湖南 岳阳 岳阳县',null),
('1758','209','华容县','1',null,'中国 湖南 岳阳 华容县',null),
('1759','209','湘阴县','1',null,'中国 湖南 岳阳 湘阴县',null),
('1760','209','平江县','1',null,'中国 湖南 岳阳 平江县',null),
('1761','210','天元区','1',null,'中国 湖南 株洲 天元区',null),
('1762','210','荷塘区','1',null,'中国 湖南 株洲 荷塘区',null),
('1763','210','芦淞区','1',null,'中国 湖南 株洲 芦淞区',null),
('1764','210','石峰区','1',null,'中国 湖南 株洲 石峰区',null),
('1765','210','醴陵市','1',null,'中国 湖南 株洲 醴陵市',null),
('1766','210','株洲县','1',null,'中国 湖南 株洲 株洲县',null),
('1767','210','攸县','1',null,'中国 湖南 株洲 攸县',null),
('1768','210','茶陵县','1',null,'中国 湖南 株洲 茶陵县',null),
('1769','210','炎陵县','1',null,'中国 湖南 株洲 炎陵县',null),
('1770','211','朝阳区','1',null,'中国 吉林 长春 朝阳区',null),
('1771','211','宽城区','1',null,'中国 吉林 长春 宽城区',null),
('1772','211','二道区','1',null,'中国 吉林 长春 二道区',null),
('1773','211','南关区','1',null,'中国 吉林 长春 南关区',null),
('1774','211','绿园区','1',null,'中国 吉林 长春 绿园区',null),
('1775','211','双阳区','1',null,'中国 吉林 长春 双阳区',null),
('1776','211','净月潭开发区','1',null,'中国 吉林 长春 净月潭开发区',null),
('1777','211','高新技术开发区','1',null,'中国 吉林 长春 高新技术开发区',null),
('1778','211','经济技术开发区','1',null,'中国 吉林 长春 经济技术开发区',null),
('1779','211','汽车产业开发区','1',null,'中国 吉林 长春 汽车产业开发区',null),
('1780','211','德惠市','1',null,'中国 吉林 长春 德惠市',null),
('1781','211','九台市','1',null,'中国 吉林 长春 九台市',null),
('1782','211','榆树市','1',null,'中国 吉林 长春 榆树市',null),
('1783','211','农安县','1',null,'中国 吉林 长春 农安县',null),
('1784','212','船营区','1',null,'中国 吉林 吉林 船营区',null),
('1785','212','昌邑区','1',null,'中国 吉林 吉林 昌邑区',null),
('1786','212','龙潭区','1',null,'中国 吉林 吉林 龙潭区',null),
('1787','212','丰满区','1',null,'中国 吉林 吉林 丰满区',null),
('1788','212','蛟河市','1',null,'中国 吉林 吉林 蛟河市',null),
('1789','212','桦甸市','1',null,'中国 吉林 吉林 桦甸市',null),
('1790','212','舒兰市','1',null,'中国 吉林 吉林 舒兰市',null),
('1791','212','磐石市','1',null,'中国 吉林 吉林 磐石市',null),
('1792','212','永吉县','1',null,'中国 吉林 吉林 永吉县',null),
('1793','213','洮北区','1',null,'中国 吉林 白城 洮北区',null),
('1794','213','洮南市','1',null,'中国 吉林 白城 洮南市',null),
('1795','213','大安市','1',null,'中国 吉林 白城 大安市',null),
('1796','213','镇赉县','1',null,'中国 吉林 白城 镇赉县',null),
('1797','213','通榆县','1',null,'中国 吉林 白城 通榆县',null),
('1798','214','江源区','1',null,'中国 吉林 白山 江源区',null),
('1799','214','八道江区','1',null,'中国 吉林 白山 八道江区',null),
('1800','214','长白','1',null,'中国 吉林 白山 长白',null),
('1801','214','临江市','1',null,'中国 吉林 白山 临江市',null),
('1802','214','抚松县','1',null,'中国 吉林 白山 抚松县',null),
('1803','214','靖宇县','1',null,'中国 吉林 白山 靖宇县',null),
('1804','215','龙山区','1',null,'中国 吉林 辽源 龙山区',null),
('1805','215','西安区','1',null,'中国 吉林 辽源 西安区',null),
('1806','215','东丰县','1',null,'中国 吉林 辽源 东丰县',null),
('1807','215','东辽县','1',null,'中国 吉林 辽源 东辽县',null),
('1808','216','铁西区','1',null,'中国 吉林 四平 铁西区',null),
('1809','216','铁东区','1',null,'中国 吉林 四平 铁东区',null),
('1810','216','伊通','1',null,'中国 吉林 四平 伊通',null),
('1811','216','公主岭市','1',null,'中国 吉林 四平 公主岭市',null),
('1812','216','双辽市','1',null,'中国 吉林 四平 双辽市',null),
('1813','216','梨树县','1',null,'中国 吉林 四平 梨树县',null),
('1814','217','前郭尔罗斯','1',null,'中国 吉林 松原 前郭尔罗斯',null),
('1815','217','宁江区','1',null,'中国 吉林 松原 宁江区',null),
('1816','217','长岭县','1',null,'中国 吉林 松原 长岭县',null),
('1817','217','乾安县','1',null,'中国 吉林 松原 乾安县',null),
('1818','217','扶余县','1',null,'中国 吉林 松原 扶余县',null),
('1819','218','东昌区','1',null,'中国 吉林 通化 东昌区',null),
('1820','218','二道江区','1',null,'中国 吉林 通化 二道江区',null),
('1821','218','梅河口市','1',null,'中国 吉林 通化 梅河口市',null),
('1822','218','集安市','1',null,'中国 吉林 通化 集安市',null),
('1823','218','通化县','1',null,'中国 吉林 通化 通化县',null),
('1824','218','辉南县','1',null,'中国 吉林 通化 辉南县',null),
('1825','218','柳河县','1',null,'中国 吉林 通化 柳河县',null),
('1826','219','延吉市','1',null,'中国 吉林 延边 延吉市',null),
('1827','219','图们市','1',null,'中国 吉林 延边 图们市',null),
('1828','219','敦化市','1',null,'中国 吉林 延边 敦化市',null),
('1829','219','珲春市','1',null,'中国 吉林 延边 珲春市',null),
('1830','219','龙井市','1',null,'中国 吉林 延边 龙井市',null),
('1831','219','和龙市','1',null,'中国 吉林 延边 和龙市',null),
('1832','219','安图县','1',null,'中国 吉林 延边 安图县',null),
('1833','219','汪清县','1',null,'中国 吉林 延边 汪清县',null),
('1834','220','玄武区','1',null,'中国 江苏 南京 玄武区',null),
('1835','220','鼓楼区','1',null,'中国 江苏 南京 鼓楼区',null),
('1836','220','白下区','1',null,'中国 江苏 南京 白下区',null),
('1837','220','建邺区','1',null,'中国 江苏 南京 建邺区',null),
('1838','220','秦淮区','1',null,'中国 江苏 南京 秦淮区',null),
('1839','220','雨花台区','1',null,'中国 江苏 南京 雨花台区',null),
('1840','220','下关区','1',null,'中国 江苏 南京 下关区',null),
('1841','220','栖霞区','1',null,'中国 江苏 南京 栖霞区',null),
('1842','220','浦口区','1',null,'中国 江苏 南京 浦口区',null),
('1843','220','江宁区','1',null,'中国 江苏 南京 江宁区',null),
('1844','220','六合区','1',null,'中国 江苏 南京 六合区',null),
('1845','220','溧水县','1',null,'中国 江苏 南京 溧水县',null),
('1846','220','高淳县','1',null,'中国 江苏 南京 高淳县',null),
('1847','221','沧浪区','1',null,'中国 江苏 苏州 沧浪区',null),
('1848','221','金阊区','1',null,'中国 江苏 苏州 金阊区',null),
('1849','221','平江区','1',null,'中国 江苏 苏州 平江区',null),
('1850','221','虎丘区','1',null,'中国 江苏 苏州 虎丘区',null),
('1851','221','吴中区','1',null,'中国 江苏 苏州 吴中区',null),
('1852','221','相城区','1',null,'中国 江苏 苏州 相城区',null),
('1853','221','园区','1',null,'中国 江苏 苏州 园区',null),
('1854','221','新区','1',null,'中国 江苏 苏州 新区',null),
('1855','221','常熟市','1',null,'中国 江苏 苏州 常熟市',null),
('1856','221','张家港市','1',null,'中国 江苏 苏州 张家港市',null),
('1857','221','玉山镇','1',null,'中国 江苏 苏州 玉山镇',null),
('1858','221','巴城镇','1',null,'中国 江苏 苏州 巴城镇',null),
('1859','221','周市镇','1',null,'中国 江苏 苏州 周市镇',null),
('1860','221','陆家镇','1',null,'中国 江苏 苏州 陆家镇',null),
('1861','221','花桥镇','1',null,'中国 江苏 苏州 花桥镇',null),
('1862','221','淀山湖镇','1',null,'中国 江苏 苏州 淀山湖镇',null),
('1863','221','张浦镇','1',null,'中国 江苏 苏州 张浦镇',null),
('1864','221','周庄镇','1',null,'中国 江苏 苏州 周庄镇',null),
('1865','221','千灯镇','1',null,'中国 江苏 苏州 千灯镇',null),
('1866','221','锦溪镇','1',null,'中国 江苏 苏州 锦溪镇',null),
('1867','221','开发区','1',null,'中国 江苏 苏州 开发区',null),
('1868','221','吴江市','1',null,'中国 江苏 苏州 吴江市',null),
('1869','221','太仓市','1',null,'中国 江苏 苏州 太仓市',null),
('1870','222','崇安区','1',null,'中国 江苏 无锡 崇安区',null),
('1871','222','北塘区','1',null,'中国 江苏 无锡 北塘区',null),
('1872','222','南长区','1',null,'中国 江苏 无锡 南长区',null),
('1873','222','锡山区','1',null,'中国 江苏 无锡 锡山区',null),
('1874','222','惠山区','1',null,'中国 江苏 无锡 惠山区',null),
('1875','222','滨湖区','1',null,'中国 江苏 无锡 滨湖区',null),
('1876','222','新区','1',null,'中国 江苏 无锡 新区',null),
('1877','222','江阴市','1',null,'中国 江苏 无锡 江阴市',null),
('1878','222','宜兴市','1',null,'中国 江苏 无锡 宜兴市',null),
('1879','223','天宁区','1',null,'中国 江苏 常州 天宁区',null),
('1880','223','钟楼区','1',null,'中国 江苏 常州 钟楼区',null),
('1881','223','戚墅堰区','1',null,'中国 江苏 常州 戚墅堰区',null),
('1882','223','郊区','1',null,'中国 江苏 常州 郊区',null),
('1883','223','新北区','1',null,'中国 江苏 常州 新北区',null),
('1884','223','武进区','1',null,'中国 江苏 常州 武进区',null),
('1885','223','溧阳市','1',null,'中国 江苏 常州 溧阳市',null),
('1886','223','金坛市','1',null,'中国 江苏 常州 金坛市',null),
('1887','224','清河区','1',null,'中国 江苏 淮安 清河区',null),
('1888','224','清浦区','1',null,'中国 江苏 淮安 清浦区',null),
('1889','224','楚州区','1',null,'中国 江苏 淮安 楚州区',null),
('1890','224','淮阴区','1',null,'中国 江苏 淮安 淮阴区',null),
('1891','224','涟水县','1',null,'中国 江苏 淮安 涟水县',null),
('1892','224','洪泽县','1',null,'中国 江苏 淮安 洪泽县',null),
('1893','224','盱眙县','1',null,'中国 江苏 淮安 盱眙县',null),
('1894','224','金湖县','1',null,'中国 江苏 淮安 金湖县',null),
('1895','225','新浦区','1',null,'中国 江苏 连云港 新浦区',null),
('1896','225','连云区','1',null,'中国 江苏 连云港 连云区',null),
('1897','225','海州区','1',null,'中国 江苏 连云港 海州区',null),
('1898','225','赣榆县','1',null,'中国 江苏 连云港 赣榆县',null),
('1899','225','东海县','1',null,'中国 江苏 连云港 东海县',null),
('1900','225','灌云县','1',null,'中国 江苏 连云港 灌云县',null),
('1901','225','灌南县','1',null,'中国 江苏 连云港 灌南县',null),
('1902','226','崇川区','1',null,'中国 江苏 南通 崇川区',null),
('1903','226','港闸区','1',null,'中国 江苏 南通 港闸区',null),
('1904','226','经济开发区','1',null,'中国 江苏 南通 经济开发区',null),
('1905','226','启东市','1',null,'中国 江苏 南通 启东市',null),
('1906','226','如皋市','1',null,'中国 江苏 南通 如皋市',null),
('1907','226','通州市','1',null,'中国 江苏 南通 通州市',null),
('1908','226','海门市','1',null,'中国 江苏 南通 海门市',null),
('1909','226','海安县','1',null,'中国 江苏 南通 海安县',null),
('1910','226','如东县','1',null,'中国 江苏 南通 如东县',null),
('1911','227','宿城区','1',null,'中国 江苏 宿迁 宿城区',null),
('1912','227','宿豫区','1',null,'中国 江苏 宿迁 宿豫区',null),
('1913','227','宿豫县','1',null,'中国 江苏 宿迁 宿豫县',null),
('1914','227','沭阳县','1',null,'中国 江苏 宿迁 沭阳县',null),
('1915','227','泗阳县','1',null,'中国 江苏 宿迁 泗阳县',null),
('1916','227','泗洪县','1',null,'中国 江苏 宿迁 泗洪县',null),
('1917','228','海陵区','1',null,'中国 江苏 泰州 海陵区',null),
('1918','228','高港区','1',null,'中国 江苏 泰州 高港区',null),
('1919','228','兴化市','1',null,'中国 江苏 泰州 兴化市',null),
('1920','228','靖江市','1',null,'中国 江苏 泰州 靖江市',null),
('1921','228','泰兴市','1',null,'中国 江苏 泰州 泰兴市',null),
('1922','228','姜堰市','1',null,'中国 江苏 泰州 姜堰市',null),
('1923','229','云龙区','1',null,'中国 江苏 徐州 云龙区',null),
('1924','229','鼓楼区','1',null,'中国 江苏 徐州 鼓楼区',null),
('1925','229','九里区','1',null,'中国 江苏 徐州 九里区',null),
('1926','229','贾汪区','1',null,'中国 江苏 徐州 贾汪区',null),
('1927','229','泉山区','1',null,'中国 江苏 徐州 泉山区',null),
('1928','229','新沂市','1',null,'中国 江苏 徐州 新沂市',null),
('1929','229','邳州市','1',null,'中国 江苏 徐州 邳州市',null),
('1930','229','丰县','1',null,'中国 江苏 徐州 丰县',null),
('1931','229','沛县','1',null,'中国 江苏 徐州 沛县',null),
('1932','229','铜山县','1',null,'中国 江苏 徐州 铜山县',null),
('1933','229','睢宁县','1',null,'中国 江苏 徐州 睢宁县',null),
('1934','230','城区','1',null,'中国 江苏 盐城 城区',null),
('1935','230','亭湖区','1',null,'中国 江苏 盐城 亭湖区',null),
('1936','230','盐都区','1',null,'中国 江苏 盐城 盐都区',null),
('1937','230','盐都县','1',null,'中国 江苏 盐城 盐都县',null),
('1938','230','东台市','1',null,'中国 江苏 盐城 东台市',null),
('1939','230','大丰市','1',null,'中国 江苏 盐城 大丰市',null),
('1940','230','响水县','1',null,'中国 江苏 盐城 响水县',null),
('1941','230','滨海县','1',null,'中国 江苏 盐城 滨海县',null),
('1942','230','阜宁县','1',null,'中国 江苏 盐城 阜宁县',null),
('1943','230','射阳县','1',null,'中国 江苏 盐城 射阳县',null),
('1944','230','建湖县','1',null,'中国 江苏 盐城 建湖县',null),
('1945','231','广陵区','1',null,'中国 江苏 扬州 广陵区',null),
('1946','231','维扬区','1',null,'中国 江苏 扬州 维扬区',null),
('1947','231','邗江区','1',null,'中国 江苏 扬州 邗江区',null),
('1948','231','仪征市','1',null,'中国 江苏 扬州 仪征市',null),
('1949','231','高邮市','1',null,'中国 江苏 扬州 高邮市',null),
('1950','231','江都市','1',null,'中国 江苏 扬州 江都市',null),
('1951','231','宝应县','1',null,'中国 江苏 扬州 宝应县',null),
('1952','232','京口区','1',null,'中国 江苏 镇江 京口区',null),
('1953','232','润州区','1',null,'中国 江苏 镇江 润州区',null),
('1954','232','丹徒区','1',null,'中国 江苏 镇江 丹徒区',null),
('1955','232','丹阳市','1',null,'中国 江苏 镇江 丹阳市',null),
('1956','232','扬中市','1',null,'中国 江苏 镇江 扬中市',null),
('1957','232','句容市','1',null,'中国 江苏 镇江 句容市',null),
('1958','233','东湖区','1',null,'中国 江西 南昌 东湖区',null),
('1959','233','西湖区','1',null,'中国 江西 南昌 西湖区',null),
('1960','233','青云谱区','1',null,'中国 江西 南昌 青云谱区',null),
('1961','233','湾里区','1',null,'中国 江西 南昌 湾里区',null),
('1962','233','青山湖区','1',null,'中国 江西 南昌 青山湖区',null),
('1963','233','红谷滩新区','1',null,'中国 江西 南昌 红谷滩新区',null),
('1964','233','昌北区','1',null,'中国 江西 南昌 昌北区',null),
('1965','233','高新区','1',null,'中国 江西 南昌 高新区',null),
('1966','233','南昌县','1',null,'中国 江西 南昌 南昌县',null),
('1967','233','新建县','1',null,'中国 江西 南昌 新建县',null),
('1968','233','安义县','1',null,'中国 江西 南昌 安义县',null),
('1969','233','进贤县','1',null,'中国 江西 南昌 进贤县',null),
('1970','234','临川区','1',null,'中国 江西 抚州 临川区',null),
('1971','234','南城县','1',null,'中国 江西 抚州 南城县',null),
('1972','234','黎川县','1',null,'中国 江西 抚州 黎川县',null),
('1973','234','南丰县','1',null,'中国 江西 抚州 南丰县',null),
('1974','234','崇仁县','1',null,'中国 江西 抚州 崇仁县',null),
('1975','234','乐安县','1',null,'中国 江西 抚州 乐安县',null),
('1976','234','宜黄县','1',null,'中国 江西 抚州 宜黄县',null),
('1977','234','金溪县','1',null,'中国 江西 抚州 金溪县',null),
('1978','234','资溪县','1',null,'中国 江西 抚州 资溪县',null),
('1979','234','东乡县','1',null,'中国 江西 抚州 东乡县',null),
('1980','234','广昌县','1',null,'中国 江西 抚州 广昌县',null),
('1981','235','章贡区','1',null,'中国 江西 赣州 章贡区',null),
('1982','235','于都县','1',null,'中国 江西 赣州 于都县',null),
('1983','235','瑞金市','1',null,'中国 江西 赣州 瑞金市',null),
('1984','235','南康市','1',null,'中国 江西 赣州 南康市',null),
('1985','235','赣县','1',null,'中国 江西 赣州 赣县',null),
('1986','235','信丰县','1',null,'中国 江西 赣州 信丰县',null),
('1987','235','大余县','1',null,'中国 江西 赣州 大余县',null),
('1988','235','上犹县','1',null,'中国 江西 赣州 上犹县',null),
('1989','235','崇义县','1',null,'中国 江西 赣州 崇义县',null),
('1990','235','安远县','1',null,'中国 江西 赣州 安远县',null),
('1991','235','龙南县','1',null,'中国 江西 赣州 龙南县',null),
('1992','235','定南县','1',null,'中国 江西 赣州 定南县',null),
('1993','235','全南县','1',null,'中国 江西 赣州 全南县',null),
('1994','235','宁都县','1',null,'中国 江西 赣州 宁都县',null),
('1995','235','兴国县','1',null,'中国 江西 赣州 兴国县',null),
('1996','235','会昌县','1',null,'中国 江西 赣州 会昌县',null),
('1997','235','寻乌县','1',null,'中国 江西 赣州 寻乌县',null),
('1998','235','石城县','1',null,'中国 江西 赣州 石城县',null),
('1999','236','安福县','1',null,'中国 江西 吉安 安福县',null),
('2000','236','吉州区','1',null,'中国 江西 吉安 吉州区',null),
('2001','236','青原区','1',null,'中国 江西 吉安 青原区',null),
('2002','236','井冈山市','1',null,'中国 江西 吉安 井冈山市',null),
('2003','236','吉安县','1',null,'中国 江西 吉安 吉安县',null),
('2004','236','吉水县','1',null,'中国 江西 吉安 吉水县',null),
('2005','236','峡江县','1',null,'中国 江西 吉安 峡江县',null),
('2006','236','新干县','1',null,'中国 江西 吉安 新干县',null),
('2007','236','永丰县','1',null,'中国 江西 吉安 永丰县',null),
('2008','236','泰和县','1',null,'中国 江西 吉安 泰和县',null),
('2009','236','遂川县','1',null,'中国 江西 吉安 遂川县',null),
('2010','236','万安县','1',null,'中国 江西 吉安 万安县',null),
('2011','236','永新县','1',null,'中国 江西 吉安 永新县',null),
('2012','237','珠山区','1',null,'中国 江西 景德镇 珠山区',null),
('2013','237','昌江区','1',null,'中国 江西 景德镇 昌江区',null),
('2014','237','乐平市','1',null,'中国 江西 景德镇 乐平市',null),
('2015','237','浮梁县','1',null,'中国 江西 景德镇 浮梁县',null),
('2016','238','浔阳区','1',null,'中国 江西 九江 浔阳区',null),
('2017','238','庐山区','1',null,'中国 江西 九江 庐山区',null),
('2018','238','瑞昌市','1',null,'中国 江西 九江 瑞昌市',null),
('2019','238','九江县','1',null,'中国 江西 九江 九江县',null),
('2020','238','武宁县','1',null,'中国 江西 九江 武宁县',null),
('2021','238','修水县','1',null,'中国 江西 九江 修水县',null),
('2022','238','永修县','1',null,'中国 江西 九江 永修县',null),
('2023','238','德安县','1',null,'中国 江西 九江 德安县',null),
('2024','238','星子县','1',null,'中国 江西 九江 星子县',null),
('2025','238','都昌县','1',null,'中国 江西 九江 都昌县',null),
('2026','238','湖口县','1',null,'中国 江西 九江 湖口县',null),
('2027','238','彭泽县','1',null,'中国 江西 九江 彭泽县',null),
('2028','239','安源区','1',null,'中国 江西 萍乡 安源区',null),
('2029','239','湘东区','1',null,'中国 江西 萍乡 湘东区',null),
('2030','239','莲花县','1',null,'中国 江西 萍乡 莲花县',null),
('2031','239','芦溪县','1',null,'中国 江西 萍乡 芦溪县',null),
('2032','239','上栗县','1',null,'中国 江西 萍乡 上栗县',null),
('2033','240','信州区','1',null,'中国 江西 上饶 信州区',null),
('2034','240','德兴市','1',null,'中国 江西 上饶 德兴市',null),
('2035','240','上饶县','1',null,'中国 江西 上饶 上饶县',null),
('2036','240','广丰县','1',null,'中国 江西 上饶 广丰县',null),
('2037','240','玉山县','1',null,'中国 江西 上饶 玉山县',null),
('2038','240','铅山县','1',null,'中国 江西 上饶 铅山县',null),
('2039','240','横峰县','1',null,'中国 江西 上饶 横峰县',null),
('2040','240','弋阳县','1',null,'中国 江西 上饶 弋阳县',null),
('2041','240','余干县','1',null,'中国 江西 上饶 余干县',null),
('2042','240','波阳县','1',null,'中国 江西 上饶 波阳县',null),
('2043','240','万年县','1',null,'中国 江西 上饶 万年县',null),
('2044','240','婺源县','1',null,'中国 江西 上饶 婺源县',null),
('2045','241','渝水区','1',null,'中国 江西 新余 渝水区',null),
('2046','241','分宜县','1',null,'中国 江西 新余 分宜县',null),
('2047','242','袁州区','1',null,'中国 江西 宜春 袁州区',null),
('2048','242','丰城市','1',null,'中国 江西 宜春 丰城市',null),
('2049','242','樟树市','1',null,'中国 江西 宜春 樟树市',null),
('2050','242','高安市','1',null,'中国 江西 宜春 高安市',null),
('2051','242','奉新县','1',null,'中国 江西 宜春 奉新县',null),
('2052','242','万载县','1',null,'中国 江西 宜春 万载县',null),
('2053','242','上高县','1',null,'中国 江西 宜春 上高县',null),
('2054','242','宜丰县','1',null,'中国 江西 宜春 宜丰县',null),
('2055','242','靖安县','1',null,'中国 江西 宜春 靖安县',null),
('2056','242','铜鼓县','1',null,'中国 江西 宜春 铜鼓县',null),
('2057','243','月湖区','1',null,'中国 江西 鹰潭 月湖区',null),
('2058','243','贵溪市','1',null,'中国 江西 鹰潭 贵溪市',null),
('2059','243','余江县','1',null,'中国 江西 鹰潭 余江县',null),
('2060','244','沈河区','1',null,'中国 辽宁 沈阳 沈河区',null),
('2061','244','皇姑区','1',null,'中国 辽宁 沈阳 皇姑区',null),
('2062','244','和平区','1',null,'中国 辽宁 沈阳 和平区',null),
('2063','244','大东区','1',null,'中国 辽宁 沈阳 大东区',null),
('2064','244','铁西区','1',null,'中国 辽宁 沈阳 铁西区',null),
('2065','244','苏家屯区','1',null,'中国 辽宁 沈阳 苏家屯区',null),
('2066','244','东陵区','1',null,'中国 辽宁 沈阳 东陵区',null),
('2067','244','沈北新区','1',null,'中国 辽宁 沈阳 沈北新区',null),
('2068','244','于洪区','1',null,'中国 辽宁 沈阳 于洪区',null),
('2069','244','浑南新区','1',null,'中国 辽宁 沈阳 浑南新区',null),
('2070','244','新民市','1',null,'中国 辽宁 沈阳 新民市',null),
('2071','244','辽中县','1',null,'中国 辽宁 沈阳 辽中县',null),
('2072','244','康平县','1',null,'中国 辽宁 沈阳 康平县',null),
('2073','244','法库县','1',null,'中国 辽宁 沈阳 法库县',null),
('2074','245','西岗区','1',null,'中国 辽宁 大连 西岗区',null),
('2075','245','中山区','1',null,'中国 辽宁 大连 中山区',null),
('2076','245','沙河口区','1',null,'中国 辽宁 大连 沙河口区',null),
('2077','245','甘井子区','1',null,'中国 辽宁 大连 甘井子区',null),
('2078','245','旅顺口区','1',null,'中国 辽宁 大连 旅顺口区',null),
('2079','245','金州区','1',null,'中国 辽宁 大连 金州区',null),
('2080','245','开发区','1',null,'中国 辽宁 大连 开发区',null),
('2081','245','瓦房店市','1',null,'中国 辽宁 大连 瓦房店市',null),
('2082','245','普兰店市','1',null,'中国 辽宁 大连 普兰店市',null),
('2083','245','庄河市','1',null,'中国 辽宁 大连 庄河市',null),
('2084','245','长海县','1',null,'中国 辽宁 大连 长海县',null),
('2085','246','铁东区','1',null,'中国 辽宁 鞍山 铁东区',null),
('2086','246','铁西区','1',null,'中国 辽宁 鞍山 铁西区',null),
('2087','246','立山区','1',null,'中国 辽宁 鞍山 立山区',null),
('2088','246','千山区','1',null,'中国 辽宁 鞍山 千山区',null),
('2089','246','岫岩','1',null,'中国 辽宁 鞍山 岫岩',null),
('2090','246','海城市','1',null,'中国 辽宁 鞍山 海城市',null),
('2091','246','台安县','1',null,'中国 辽宁 鞍山 台安县',null),
('2092','247','本溪','1',null,'中国 辽宁 本溪 本溪',null),
('2093','247','平山区','1',null,'中国 辽宁 本溪 平山区',null),
('2094','247','明山区','1',null,'中国 辽宁 本溪 明山区',null),
('2095','247','溪湖区','1',null,'中国 辽宁 本溪 溪湖区',null),
('2096','247','南芬区','1',null,'中国 辽宁 本溪 南芬区',null),
('2097','247','桓仁','1',null,'中国 辽宁 本溪 桓仁',null),
('2098','248','双塔区','1',null,'中国 辽宁 朝阳 双塔区',null),
('2099','248','龙城区','1',null,'中国 辽宁 朝阳 龙城区',null),
('2100','248','喀喇沁左翼蒙古族自治县','1',null,'中国 辽宁 朝阳 喀喇沁左翼蒙古族自治县',null),
('2101','248','北票市','1',null,'中国 辽宁 朝阳 北票市',null),
('2102','248','凌源市','1',null,'中国 辽宁 朝阳 凌源市',null),
('2103','248','朝阳县','1',null,'中国 辽宁 朝阳 朝阳县',null),
('2104','248','建平县','1',null,'中国 辽宁 朝阳 建平县',null),
('2105','249','振兴区','1',null,'中国 辽宁 丹东 振兴区',null),
('2106','249','元宝区','1',null,'中国 辽宁 丹东 元宝区',null),
('2107','249','振安区','1',null,'中国 辽宁 丹东 振安区',null),
('2108','249','宽甸','1',null,'中国 辽宁 丹东 宽甸',null),
('2109','249','东港市','1',null,'中国 辽宁 丹东 东港市',null),
('2110','249','凤城市','1',null,'中国 辽宁 丹东 凤城市',null),
('2111','250','顺城区','1',null,'中国 辽宁 抚顺 顺城区',null),
('2112','250','新抚区','1',null,'中国 辽宁 抚顺 新抚区',null),
('2113','250','东洲区','1',null,'中国 辽宁 抚顺 东洲区',null),
('2114','250','望花区','1',null,'中国 辽宁 抚顺 望花区',null),
('2115','250','清原','1',null,'中国 辽宁 抚顺 清原',null),
('2116','250','新宾','1',null,'中国 辽宁 抚顺 新宾',null),
('2117','250','抚顺县','1',null,'中国 辽宁 抚顺 抚顺县',null),
('2118','251','阜新','1',null,'中国 辽宁 阜新 阜新',null),
('2119','251','海州区','1',null,'中国 辽宁 阜新 海州区',null),
('2120','251','新邱区','1',null,'中国 辽宁 阜新 新邱区',null),
('2121','251','太平区','1',null,'中国 辽宁 阜新 太平区',null),
('2122','251','清河门区','1',null,'中国 辽宁 阜新 清河门区',null),
('2123','251','细河区','1',null,'中国 辽宁 阜新 细河区',null),
('2124','251','彰武县','1',null,'中国 辽宁 阜新 彰武县',null),
('2125','252','龙港区','1',null,'中国 辽宁 葫芦岛 龙港区',null),
('2126','252','南票区','1',null,'中国 辽宁 葫芦岛 南票区',null),
('2127','252','连山区','1',null,'中国 辽宁 葫芦岛 连山区',null),
('2128','252','兴城市','1',null,'中国 辽宁 葫芦岛 兴城市',null),
('2129','252','绥中县','1',null,'中国 辽宁 葫芦岛 绥中县',null),
('2130','252','建昌县','1',null,'中国 辽宁 葫芦岛 建昌县',null),
('2131','253','太和区','1',null,'中国 辽宁 锦州 太和区',null),
('2132','253','古塔区','1',null,'中国 辽宁 锦州 古塔区',null),
('2133','253','凌河区','1',null,'中国 辽宁 锦州 凌河区',null),
('2134','253','凌海市','1',null,'中国 辽宁 锦州 凌海市',null),
('2135','253','北镇市','1',null,'中国 辽宁 锦州 北镇市',null),
('2136','253','黑山县','1',null,'中国 辽宁 锦州 黑山县',null),
('2137','253','义县','1',null,'中国 辽宁 锦州 义县',null),
('2138','254','白塔区','1',null,'中国 辽宁 辽阳 白塔区',null),
('2139','254','文圣区','1',null,'中国 辽宁 辽阳 文圣区',null),
('2140','254','宏伟区','1',null,'中国 辽宁 辽阳 宏伟区',null),
('2141','254','太子河区','1',null,'中国 辽宁 辽阳 太子河区',null),
('2142','254','弓长岭区','1',null,'中国 辽宁 辽阳 弓长岭区',null),
('2143','254','灯塔市','1',null,'中国 辽宁 辽阳 灯塔市',null),
('2144','254','辽阳县','1',null,'中国 辽宁 辽阳 辽阳县',null),
('2145','255','双台子区','1',null,'中国 辽宁 盘锦 双台子区',null),
('2146','255','兴隆台区','1',null,'中国 辽宁 盘锦 兴隆台区',null),
('2147','255','大洼县','1',null,'中国 辽宁 盘锦 大洼县',null),
('2148','255','盘山县','1',null,'中国 辽宁 盘锦 盘山县',null),
('2149','256','银州区','1',null,'中国 辽宁 铁岭 银州区',null),
('2150','256','清河区','1',null,'中国 辽宁 铁岭 清河区',null),
('2151','256','调兵山市','1',null,'中国 辽宁 铁岭 调兵山市',null),
('2152','256','开原市','1',null,'中国 辽宁 铁岭 开原市',null),
('2153','256','铁岭县','1',null,'中国 辽宁 铁岭 铁岭县',null),
('2154','256','西丰县','1',null,'中国 辽宁 铁岭 西丰县',null),
('2155','256','昌图县','1',null,'中国 辽宁 铁岭 昌图县',null),
('2156','257','站前区','1',null,'中国 辽宁 营口 站前区',null),
('2157','257','西市区','1',null,'中国 辽宁 营口 西市区',null),
('2158','257','鲅鱼圈区','1',null,'中国 辽宁 营口 鲅鱼圈区',null),
('2159','257','老边区','1',null,'中国 辽宁 营口 老边区',null),
('2160','257','盖州市','1',null,'中国 辽宁 营口 盖州市',null),
('2161','257','大石桥市','1',null,'中国 辽宁 营口 大石桥市',null),
('2162','258','回民区','1',null,'中国 内蒙古 呼和浩特 回民区',null),
('2163','258','玉泉区','1',null,'中国 内蒙古 呼和浩特 玉泉区',null),
('2164','258','新城区','1',null,'中国 内蒙古 呼和浩特 新城区',null),
('2165','258','赛罕区','1',null,'中国 内蒙古 呼和浩特 赛罕区',null),
('2166','258','清水河县','1',null,'中国 内蒙古 呼和浩特 清水河县',null),
('2167','258','土默特左旗','1',null,'中国 内蒙古 呼和浩特 土默特左旗',null),
('2168','258','托克托县','1',null,'中国 内蒙古 呼和浩特 托克托县',null),
('2169','258','和林格尔县','1',null,'中国 内蒙古 呼和浩特 和林格尔县',null),
('2170','258','武川县','1',null,'中国 内蒙古 呼和浩特 武川县',null),
('2171','259','阿拉善左旗','1',null,'中国 内蒙古 阿拉善盟 阿拉善左旗',null),
('2172','259','阿拉善右旗','1',null,'中国 内蒙古 阿拉善盟 阿拉善右旗',null),
('2173','259','额济纳旗','1',null,'中国 内蒙古 阿拉善盟 额济纳旗',null),
('2174','260','临河区','1',null,'中国 内蒙古 巴彦淖尔盟 临河区',null),
('2175','260','五原县','1',null,'中国 内蒙古 巴彦淖尔盟 五原县',null),
('2176','260','磴口县','1',null,'中国 内蒙古 巴彦淖尔盟 磴口县',null),
('2177','260','乌拉特前旗','1',null,'中国 内蒙古 巴彦淖尔盟 乌拉特前旗',null),
('2178','260','乌拉特中旗','1',null,'中国 内蒙古 巴彦淖尔盟 乌拉特中旗',null),
('2179','260','乌拉特后旗','1',null,'中国 内蒙古 巴彦淖尔盟 乌拉特后旗',null),
('2180','260','杭锦后旗','1',null,'中国 内蒙古 巴彦淖尔盟 杭锦后旗',null),
('2181','261','昆都仑区','1',null,'中国 内蒙古 包头 昆都仑区',null),
('2182','261','青山区','1',null,'中国 内蒙古 包头 青山区',null),
('2183','261','东河区','1',null,'中国 内蒙古 包头 东河区',null),
('2184','261','九原区','1',null,'中国 内蒙古 包头 九原区',null),
('2185','261','石拐区','1',null,'中国 内蒙古 包头 石拐区',null),
('2186','261','白云矿区','1',null,'中国 内蒙古 包头 白云矿区',null),
('2187','261','土默特右旗','1',null,'中国 内蒙古 包头 土默特右旗',null),
('2188','261','固阳县','1',null,'中国 内蒙古 包头 固阳县',null),
('2189','261','达尔罕茂明安联合旗','1',null,'中国 内蒙古 包头 达尔罕茂明安联合旗',null),
('2190','262','红山区','1',null,'中国 内蒙古 赤峰 红山区',null),
('2191','262','元宝山区','1',null,'中国 内蒙古 赤峰 元宝山区',null),
('2192','262','松山区','1',null,'中国 内蒙古 赤峰 松山区',null),
('2193','262','阿鲁科尔沁旗','1',null,'中国 内蒙古 赤峰 阿鲁科尔沁旗',null),
('2194','262','巴林左旗','1',null,'中国 内蒙古 赤峰 巴林左旗',null),
('2195','262','巴林右旗','1',null,'中国 内蒙古 赤峰 巴林右旗',null),
('2196','262','林西县','1',null,'中国 内蒙古 赤峰 林西县',null),
('2197','262','克什克腾旗','1',null,'中国 内蒙古 赤峰 克什克腾旗',null),
('2198','262','翁牛特旗','1',null,'中国 内蒙古 赤峰 翁牛特旗',null),
('2199','262','喀喇沁旗','1',null,'中国 内蒙古 赤峰 喀喇沁旗',null),
('2200','262','宁城县','1',null,'中国 内蒙古 赤峰 宁城县',null),
('2201','262','敖汉旗','1',null,'中国 内蒙古 赤峰 敖汉旗',null),
('2202','263','东胜区','1',null,'中国 内蒙古 鄂尔多斯 东胜区',null),
('2203','263','达拉特旗','1',null,'中国 内蒙古 鄂尔多斯 达拉特旗',null),
('2204','263','准格尔旗','1',null,'中国 内蒙古 鄂尔多斯 准格尔旗',null),
('2205','263','鄂托克前旗','1',null,'中国 内蒙古 鄂尔多斯 鄂托克前旗',null),
('2206','263','鄂托克旗','1',null,'中国 内蒙古 鄂尔多斯 鄂托克旗',null),
('2207','263','杭锦旗','1',null,'中国 内蒙古 鄂尔多斯 杭锦旗',null),
('2208','263','乌审旗','1',null,'中国 内蒙古 鄂尔多斯 乌审旗',null),
('2209','263','伊金霍洛旗','1',null,'中国 内蒙古 鄂尔多斯 伊金霍洛旗',null),
('2210','264','海拉尔区','1',null,'中国 内蒙古 呼伦贝尔 海拉尔区',null),
('2211','264','莫力达瓦','1',null,'中国 内蒙古 呼伦贝尔 莫力达瓦',null),
('2212','264','满洲里市','1',null,'中国 内蒙古 呼伦贝尔 满洲里市',null),
('2213','264','牙克石市','1',null,'中国 内蒙古 呼伦贝尔 牙克石市',null),
('2214','264','扎兰屯市','1',null,'中国 内蒙古 呼伦贝尔 扎兰屯市',null),
('2215','264','额尔古纳市','1',null,'中国 内蒙古 呼伦贝尔 额尔古纳市',null),
('2216','264','根河市','1',null,'中国 内蒙古 呼伦贝尔 根河市',null),
('2217','264','阿荣旗','1',null,'中国 内蒙古 呼伦贝尔 阿荣旗',null),
('2218','264','鄂伦春自治旗','1',null,'中国 内蒙古 呼伦贝尔 鄂伦春自治旗',null),
('2219','264','鄂温克族自治旗','1',null,'中国 内蒙古 呼伦贝尔 鄂温克族自治旗',null),
('2220','264','陈巴尔虎旗','1',null,'中国 内蒙古 呼伦贝尔 陈巴尔虎旗',null),
('2221','264','新巴尔虎左旗','1',null,'中国 内蒙古 呼伦贝尔 新巴尔虎左旗',null),
('2222','264','新巴尔虎右旗','1',null,'中国 内蒙古 呼伦贝尔 新巴尔虎右旗',null),
('2223','265','科尔沁区','1',null,'中国 内蒙古 通辽 科尔沁区',null),
('2224','265','霍林郭勒市','1',null,'中国 内蒙古 通辽 霍林郭勒市',null),
('2225','265','科尔沁左翼中旗','1',null,'中国 内蒙古 通辽 科尔沁左翼中旗',null),
('2226','265','科尔沁左翼后旗','1',null,'中国 内蒙古 通辽 科尔沁左翼后旗',null),
('2227','265','开鲁县','1',null,'中国 内蒙古 通辽 开鲁县',null),
('2228','265','库伦旗','1',null,'中国 内蒙古 通辽 库伦旗',null),
('2229','265','奈曼旗','1',null,'中国 内蒙古 通辽 奈曼旗',null),
('2230','265','扎鲁特旗','1',null,'中国 内蒙古 通辽 扎鲁特旗',null),
('2231','266','海勃湾区','1',null,'中国 内蒙古 乌海 海勃湾区',null),
('2232','266','乌达区','1',null,'中国 内蒙古 乌海 乌达区',null),
('2233','266','海南区','1',null,'中国 内蒙古 乌海 海南区',null),
('2234','267','化德县','1',null,'中国 内蒙古 乌兰察布市 化德县',null),
('2235','267','集宁区','1',null,'中国 内蒙古 乌兰察布市 集宁区',null),
('2236','267','丰镇市','1',null,'中国 内蒙古 乌兰察布市 丰镇市',null),
('2237','267','卓资县','1',null,'中国 内蒙古 乌兰察布市 卓资县',null),
('2238','267','商都县','1',null,'中国 内蒙古 乌兰察布市 商都县',null),
('2239','267','兴和县','1',null,'中国 内蒙古 乌兰察布市 兴和县',null),
('2240','267','凉城县','1',null,'中国 内蒙古 乌兰察布市 凉城县',null),
('2241','267','察哈尔右翼前旗','1',null,'中国 内蒙古 乌兰察布市 察哈尔右翼前旗',null),
('2242','267','察哈尔右翼中旗','1',null,'中国 内蒙古 乌兰察布市 察哈尔右翼中旗',null),
('2243','267','察哈尔右翼后旗','1',null,'中国 内蒙古 乌兰察布市 察哈尔右翼后旗',null),
('2244','267','四子王旗','1',null,'中国 内蒙古 乌兰察布市 四子王旗',null),
('2245','268','二连浩特市','1',null,'中国 内蒙古 锡林郭勒盟 二连浩特市',null),
('2246','268','锡林浩特市','1',null,'中国 内蒙古 锡林郭勒盟 锡林浩特市',null),
('2247','268','阿巴嘎旗','1',null,'中国 内蒙古 锡林郭勒盟 阿巴嘎旗',null),
('2248','268','苏尼特左旗','1',null,'中国 内蒙古 锡林郭勒盟 苏尼特左旗',null),
('2249','268','苏尼特右旗','1',null,'中国 内蒙古 锡林郭勒盟 苏尼特右旗',null),
('2250','268','东乌珠穆沁旗','1',null,'中国 内蒙古 锡林郭勒盟 东乌珠穆沁旗',null),
('2251','268','西乌珠穆沁旗','1',null,'中国 内蒙古 锡林郭勒盟 西乌珠穆沁旗',null),
('2252','268','太仆寺旗','1',null,'中国 内蒙古 锡林郭勒盟 太仆寺旗',null),
('2253','268','镶黄旗','1',null,'中国 内蒙古 锡林郭勒盟 镶黄旗',null),
('2254','268','正镶白旗','1',null,'中国 内蒙古 锡林郭勒盟 正镶白旗',null),
('2255','268','正蓝旗','1',null,'中国 内蒙古 锡林郭勒盟 正蓝旗',null),
('2256','268','多伦县','1',null,'中国 内蒙古 锡林郭勒盟 多伦县',null),
('2257','269','乌兰浩特市','1',null,'中国 内蒙古 兴安盟 乌兰浩特市',null),
('2258','269','阿尔山市','1',null,'中国 内蒙古 兴安盟 阿尔山市',null),
('2259','269','科尔沁右翼前旗','1',null,'中国 内蒙古 兴安盟 科尔沁右翼前旗',null),
('2260','269','科尔沁右翼中旗','1',null,'中国 内蒙古 兴安盟 科尔沁右翼中旗',null),
('2261','269','扎赉特旗','1',null,'中国 内蒙古 兴安盟 扎赉特旗',null),
('2262','269','突泉县','1',null,'中国 内蒙古 兴安盟 突泉县',null),
('2263','270','西夏区','1',null,'中国 宁夏 银川 西夏区',null),
('2264','270','金凤区','1',null,'中国 宁夏 银川 金凤区',null),
('2265','270','兴庆区','1',null,'中国 宁夏 银川 兴庆区',null),
('2266','270','灵武市','1',null,'中国 宁夏 银川 灵武市',null),
('2267','270','永宁县','1',null,'中国 宁夏 银川 永宁县',null),
('2268','270','贺兰县','1',null,'中国 宁夏 银川 贺兰县',null),
('2269','271','原州区','1',null,'中国 宁夏 固原 原州区',null),
('2270','271','海原县','1',null,'中国 宁夏 固原 海原县',null),
('2271','271','西吉县','1',null,'中国 宁夏 固原 西吉县',null),
('2272','271','隆德县','1',null,'中国 宁夏 固原 隆德县',null),
('2273','271','泾源县','1',null,'中国 宁夏 固原 泾源县',null),
('2274','271','彭阳县','1',null,'中国 宁夏 固原 彭阳县',null),
('2275','272','惠农县','1',null,'中国 宁夏 石嘴山 惠农县',null),
('2276','272','大武口区','1',null,'中国 宁夏 石嘴山 大武口区',null),
('2277','272','惠农区','1',null,'中国 宁夏 石嘴山 惠农区',null),
('2278','272','陶乐县','1',null,'中国 宁夏 石嘴山 陶乐县',null),
('2279','272','平罗县','1',null,'中国 宁夏 石嘴山 平罗县',null),
('2280','273','利通区','1',null,'中国 宁夏 吴忠 利通区',null),
('2281','273','中卫县','1',null,'中国 宁夏 吴忠 中卫县',null),
('2282','273','青铜峡市','1',null,'中国 宁夏 吴忠 青铜峡市',null),
('2283','273','中宁县','1',null,'中国 宁夏 吴忠 中宁县',null),
('2284','273','盐池县','1',null,'中国 宁夏 吴忠 盐池县',null),
('2285','273','同心县','1',null,'中国 宁夏 吴忠 同心县',null),
('2286','274','沙坡头区','1',null,'中国 宁夏 中卫 沙坡头区',null),
('2287','274','海原县','1',null,'中国 宁夏 中卫 海原县',null),
('2288','274','中宁县','1',null,'中国 宁夏 中卫 中宁县',null),
('2289','275','城中区','1',null,'中国 青海 西宁 城中区',null),
('2290','275','城东区','1',null,'中国 青海 西宁 城东区',null),
('2291','275','城西区','1',null,'中国 青海 西宁 城西区',null),
('2292','275','城北区','1',null,'中国 青海 西宁 城北区',null),
('2293','275','湟中县','1',null,'中国 青海 西宁 湟中县',null),
('2294','275','湟源县','1',null,'中国 青海 西宁 湟源县',null),
('2295','275','大通','1',null,'中国 青海 西宁 大通',null),
('2296','276','玛沁县','1',null,'中国 青海 果洛 玛沁县',null),
('2297','276','班玛县','1',null,'中国 青海 果洛 班玛县',null),
('2298','276','甘德县','1',null,'中国 青海 果洛 甘德县',null),
('2299','276','达日县','1',null,'中国 青海 果洛 达日县',null),
('2300','276','久治县','1',null,'中国 青海 果洛 久治县',null),
('2301','276','玛多县','1',null,'中国 青海 果洛 玛多县',null),
('2302','277','海晏县','1',null,'中国 青海 海北 海晏县',null),
('2303','277','祁连县','1',null,'中国 青海 海北 祁连县',null),
('2304','277','刚察县','1',null,'中国 青海 海北 刚察县',null),
('2305','277','门源','1',null,'中国 青海 海北 门源',null),
('2306','278','平安县','1',null,'中国 青海 海东 平安县',null),
('2307','278','乐都县','1',null,'中国 青海 海东 乐都县',null),
('2308','278','民和','1',null,'中国 青海 海东 民和',null),
('2309','278','互助','1',null,'中国 青海 海东 互助',null),
('2310','278','化隆','1',null,'中国 青海 海东 化隆',null),
('2311','278','循化','1',null,'中国 青海 海东 循化',null),
('2312','279','共和县','1',null,'中国 青海 海南 共和县',null),
('2313','279','同德县','1',null,'中国 青海 海南 同德县',null),
('2314','279','贵德县','1',null,'中国 青海 海南 贵德县',null),
('2315','279','兴海县','1',null,'中国 青海 海南 兴海县',null),
('2316','279','贵南县','1',null,'中国 青海 海南 贵南县',null),
('2317','280','德令哈市','1',null,'中国 青海 海西 德令哈市',null),
('2318','280','格尔木市','1',null,'中国 青海 海西 格尔木市',null),
('2319','280','乌兰县','1',null,'中国 青海 海西 乌兰县',null),
('2320','280','都兰县','1',null,'中国 青海 海西 都兰县',null),
('2321','280','天峻县','1',null,'中国 青海 海西 天峻县',null),
('2322','281','同仁县','1',null,'中国 青海 黄南 同仁县',null),
('2323','281','尖扎县','1',null,'中国 青海 黄南 尖扎县',null),
('2324','281','泽库县','1',null,'中国 青海 黄南 泽库县',null),
('2325','281','河南蒙古族自治县','1',null,'中国 青海 黄南 河南蒙古族自治县',null),
('2326','282','玉树县','1',null,'中国 青海 玉树 玉树县',null),
('2327','282','杂多县','1',null,'中国 青海 玉树 杂多县',null),
('2328','282','称多县','1',null,'中国 青海 玉树 称多县',null),
('2329','282','治多县','1',null,'中国 青海 玉树 治多县',null),
('2330','282','囊谦县','1',null,'中国 青海 玉树 囊谦县',null),
('2331','282','曲麻莱县','1',null,'中国 青海 玉树 曲麻莱县',null),
('2332','283','市中区','1',null,'中国 山东 济南 市中区',null),
('2333','283','历下区','1',null,'中国 山东 济南 历下区',null),
('2334','283','天桥区','1',null,'中国 山东 济南 天桥区',null),
('2335','283','槐荫区','1',null,'中国 山东 济南 槐荫区',null),
('2336','283','历城区','1',null,'中国 山东 济南 历城区',null),
('2337','283','长清区','1',null,'中国 山东 济南 长清区',null),
('2338','283','章丘市','1',null,'中国 山东 济南 章丘市',null),
('2339','283','平阴县','1',null,'中国 山东 济南 平阴县',null),
('2340','283','济阳县','1',null,'中国 山东 济南 济阳县',null),
('2341','283','商河县','1',null,'中国 山东 济南 商河县',null),
('2342','284','市南区','1',null,'中国 山东 青岛 市南区',null),
('2343','284','市北区','1',null,'中国 山东 青岛 市北区',null),
('2344','284','城阳区','1',null,'中国 山东 青岛 城阳区',null),
('2345','284','四方区','1',null,'中国 山东 青岛 四方区',null),
('2346','284','李沧区','1',null,'中国 山东 青岛 李沧区',null),
('2347','284','黄岛区','1',null,'中国 山东 青岛 黄岛区',null),
('2348','284','崂山区','1',null,'中国 山东 青岛 崂山区',null),
('2349','284','胶州市','1',null,'中国 山东 青岛 胶州市',null),
('2350','284','即墨市','1',null,'中国 山东 青岛 即墨市',null),
('2351','284','平度市','1',null,'中国 山东 青岛 平度市',null),
('2352','284','胶南市','1',null,'中国 山东 青岛 胶南市',null),
('2353','284','莱西市','1',null,'中国 山东 青岛 莱西市',null),
('2354','285','滨城区','1',null,'中国 山东 滨州 滨城区',null),
('2355','285','惠民县','1',null,'中国 山东 滨州 惠民县',null),
('2356','285','阳信县','1',null,'中国 山东 滨州 阳信县',null),
('2357','285','无棣县','1',null,'中国 山东 滨州 无棣县',null),
('2358','285','沾化县','1',null,'中国 山东 滨州 沾化县',null),
('2359','285','博兴县','1',null,'中国 山东 滨州 博兴县',null),
('2360','285','邹平县','1',null,'中国 山东 滨州 邹平县',null),
('2361','286','德城区','1',null,'中国 山东 德州 德城区',null),
('2362','286','陵县','1',null,'中国 山东 德州 陵县',null),
('2363','286','乐陵市','1',null,'中国 山东 德州 乐陵市',null),
('2364','286','禹城市','1',null,'中国 山东 德州 禹城市',null),
('2365','286','宁津县','1',null,'中国 山东 德州 宁津县',null),
('2366','286','庆云县','1',null,'中国 山东 德州 庆云县',null),
('2367','286','临邑县','1',null,'中国 山东 德州 临邑县',null),
('2368','286','齐河县','1',null,'中国 山东 德州 齐河县',null),
('2369','286','平原县','1',null,'中国 山东 德州 平原县',null),
('2370','286','夏津县','1',null,'中国 山东 德州 夏津县',null),
('2371','286','武城县','1',null,'中国 山东 德州 武城县',null),
('2372','287','东营区','1',null,'中国 山东 东营 东营区',null),
('2373','287','河口区','1',null,'中国 山东 东营 河口区',null),
('2374','287','垦利县','1',null,'中国 山东 东营 垦利县',null),
('2375','287','利津县','1',null,'中国 山东 东营 利津县',null),
('2376','287','广饶县','1',null,'中国 山东 东营 广饶县',null),
('2377','288','牡丹区','1',null,'中国 山东 菏泽 牡丹区',null),
('2378','288','曹县','1',null,'中国 山东 菏泽 曹县',null),
('2379','288','单县','1',null,'中国 山东 菏泽 单县',null),
('2380','288','成武县','1',null,'中国 山东 菏泽 成武县',null),
('2381','288','巨野县','1',null,'中国 山东 菏泽 巨野县',null),
('2382','288','郓城县','1',null,'中国 山东 菏泽 郓城县',null),
('2383','288','鄄城县','1',null,'中国 山东 菏泽 鄄城县',null),
('2384','288','定陶县','1',null,'中国 山东 菏泽 定陶县',null),
('2385','288','东明县','1',null,'中国 山东 菏泽 东明县',null),
('2386','289','市中区','1',null,'中国 山东 济宁 市中区',null),
('2387','289','任城区','1',null,'中国 山东 济宁 任城区',null),
('2388','289','曲阜市','1',null,'中国 山东 济宁 曲阜市',null),
('2389','289','兖州市','1',null,'中国 山东 济宁 兖州市',null),
('2390','289','邹城市','1',null,'中国 山东 济宁 邹城市',null),
('2391','289','微山县','1',null,'中国 山东 济宁 微山县',null),
('2392','289','鱼台县','1',null,'中国 山东 济宁 鱼台县',null),
('2393','289','金乡县','1',null,'中国 山东 济宁 金乡县',null),
('2394','289','嘉祥县','1',null,'中国 山东 济宁 嘉祥县',null),
('2395','289','汶上县','1',null,'中国 山东 济宁 汶上县',null),
('2396','289','泗水县','1',null,'中国 山东 济宁 泗水县',null),
('2397','289','梁山县','1',null,'中国 山东 济宁 梁山县',null),
('2398','290','莱城区','1',null,'中国 山东 莱芜 莱城区',null),
('2399','290','钢城区','1',null,'中国 山东 莱芜 钢城区',null),
('2400','291','东昌府区','1',null,'中国 山东 聊城 东昌府区',null),
('2401','291','临清市','1',null,'中国 山东 聊城 临清市',null),
('2402','291','阳谷县','1',null,'中国 山东 聊城 阳谷县',null),
('2403','291','莘县','1',null,'中国 山东 聊城 莘县',null),
('2404','291','茌平县','1',null,'中国 山东 聊城 茌平县',null),
('2405','291','东阿县','1',null,'中国 山东 聊城 东阿县',null),
('2406','291','冠县','1',null,'中国 山东 聊城 冠县',null),
('2407','291','高唐县','1',null,'中国 山东 聊城 高唐县',null),
('2408','292','兰山区','1',null,'中国 山东 临沂 兰山区',null),
('2409','292','罗庄区','1',null,'中国 山东 临沂 罗庄区',null),
('2410','292','河东区','1',null,'中国 山东 临沂 河东区',null),
('2411','292','沂南县','1',null,'中国 山东 临沂 沂南县',null),
('2412','292','郯城县','1',null,'中国 山东 临沂 郯城县',null),
('2413','292','沂水县','1',null,'中国 山东 临沂 沂水县',null),
('2414','292','苍山县','1',null,'中国 山东 临沂 苍山县',null),
('2415','292','费县','1',null,'中国 山东 临沂 费县',null),
('2416','292','平邑县','1',null,'中国 山东 临沂 平邑县',null),
('2417','292','莒南县','1',null,'中国 山东 临沂 莒南县',null),
('2418','292','蒙阴县','1',null,'中国 山东 临沂 蒙阴县',null),
('2419','292','临沭县','1',null,'中国 山东 临沂 临沭县',null),
('2420','293','东港区','1',null,'中国 山东 日照 东港区',null),
('2421','293','岚山区','1',null,'中国 山东 日照 岚山区',null),
('2422','293','五莲县','1',null,'中国 山东 日照 五莲县',null),
('2423','293','莒县','1',null,'中国 山东 日照 莒县',null),
('2424','294','泰山区','1',null,'中国 山东 泰安 泰山区',null),
('2425','294','岱岳区','1',null,'中国 山东 泰安 岱岳区',null),
('2426','294','新泰市','1',null,'中国 山东 泰安 新泰市',null),
('2427','294','肥城市','1',null,'中国 山东 泰安 肥城市',null),
('2428','294','宁阳县','1',null,'中国 山东 泰安 宁阳县',null),
('2429','294','东平县','1',null,'中国 山东 泰安 东平县',null),
('2430','295','荣成市','1',null,'中国 山东 威海 荣成市',null),
('2431','295','乳山市','1',null,'中国 山东 威海 乳山市',null),
('2432','295','环翠区','1',null,'中国 山东 威海 环翠区',null),
('2433','295','文登市','1',null,'中国 山东 威海 文登市',null),
('2434','296','潍城区','1',null,'中国 山东 潍坊 潍城区',null),
('2435','296','寒亭区','1',null,'中国 山东 潍坊 寒亭区',null),
('2436','296','坊子区','1',null,'中国 山东 潍坊 坊子区',null),
('2437','296','奎文区','1',null,'中国 山东 潍坊 奎文区',null),
('2438','296','青州市','1',null,'中国 山东 潍坊 青州市',null),
('2439','296','诸城市','1',null,'中国 山东 潍坊 诸城市',null),
('2440','296','寿光市','1',null,'中国 山东 潍坊 寿光市',null),
('2441','296','安丘市','1',null,'中国 山东 潍坊 安丘市',null),
('2442','296','高密市','1',null,'中国 山东 潍坊 高密市',null),
('2443','296','昌邑市','1',null,'中国 山东 潍坊 昌邑市',null),
('2444','296','临朐县','1',null,'中国 山东 潍坊 临朐县',null),
('2445','296','昌乐县','1',null,'中国 山东 潍坊 昌乐县',null),
('2446','297','芝罘区','1',null,'中国 山东 烟台 芝罘区',null),
('2447','297','福山区','1',null,'中国 山东 烟台 福山区',null),
('2448','297','牟平区','1',null,'中国 山东 烟台 牟平区',null),
('2449','297','莱山区','1',null,'中国 山东 烟台 莱山区',null),
('2450','297','开发区','1',null,'中国 山东 烟台 开发区',null),
('2451','297','龙口市','1',null,'中国 山东 烟台 龙口市',null),
('2452','297','莱阳市','1',null,'中国 山东 烟台 莱阳市',null),
('2453','297','莱州市','1',null,'中国 山东 烟台 莱州市',null),
('2454','297','蓬莱市','1',null,'中国 山东 烟台 蓬莱市',null),
('2455','297','招远市','1',null,'中国 山东 烟台 招远市',null),
('2456','297','栖霞市','1',null,'中国 山东 烟台 栖霞市',null),
('2457','297','海阳市','1',null,'中国 山东 烟台 海阳市',null),
('2458','297','长岛县','1',null,'中国 山东 烟台 长岛县',null),
('2459','298','市中区','1',null,'中国 山东 枣庄 市中区',null),
('2460','298','山亭区','1',null,'中国 山东 枣庄 山亭区',null),
('2461','298','峄城区','1',null,'中国 山东 枣庄 峄城区',null),
('2462','298','台儿庄区','1',null,'中国 山东 枣庄 台儿庄区',null),
('2463','298','薛城区','1',null,'中国 山东 枣庄 薛城区',null),
('2464','298','滕州市','1',null,'中国 山东 枣庄 滕州市',null),
('2465','299','张店区','1',null,'中国 山东 淄博 张店区',null),
('2466','299','临淄区','1',null,'中国 山东 淄博 临淄区',null),
('2467','299','淄川区','1',null,'中国 山东 淄博 淄川区',null),
('2468','299','博山区','1',null,'中国 山东 淄博 博山区',null),
('2469','299','周村区','1',null,'中国 山东 淄博 周村区',null),
('2470','299','桓台县','1',null,'中国 山东 淄博 桓台县',null),
('2471','299','高青县','1',null,'中国 山东 淄博 高青县',null),
('2472','299','沂源县','1',null,'中国 山东 淄博 沂源县',null),
('2473','300','杏花岭区','1',null,'中国 山西 太原 杏花岭区',null),
('2474','300','小店区','1',null,'中国 山西 太原 小店区',null),
('2475','300','迎泽区','1',null,'中国 山西 太原 迎泽区',null),
('2476','300','尖草坪区','1',null,'中国 山西 太原 尖草坪区',null),
('2477','300','万柏林区','1',null,'中国 山西 太原 万柏林区',null),
('2478','300','晋源区','1',null,'中国 山西 太原 晋源区',null),
('2479','300','高新开发区','1',null,'中国 山西 太原 高新开发区',null),
('2480','300','民营经济开发区','1',null,'中国 山西 太原 民营经济开发区',null),
('2481','300','经济技术开发区','1',null,'中国 山西 太原 经济技术开发区',null),
('2482','300','清徐县','1',null,'中国 山西 太原 清徐县',null),
('2483','300','阳曲县','1',null,'中国 山西 太原 阳曲县',null),
('2484','300','娄烦县','1',null,'中国 山西 太原 娄烦县',null),
('2485','300','古交市','1',null,'中国 山西 太原 古交市',null),
('2486','301','城区','1',null,'中国 山西 长治 城区',null),
('2487','301','郊区','1',null,'中国 山西 长治 郊区',null),
('2488','301','沁县','1',null,'中国 山西 长治 沁县',null),
('2489','301','潞城市','1',null,'中国 山西 长治 潞城市',null),
('2490','301','长治县','1',null,'中国 山西 长治 长治县',null),
('2491','301','襄垣县','1',null,'中国 山西 长治 襄垣县',null),
('2492','301','屯留县','1',null,'中国 山西 长治 屯留县',null),
('2493','301','平顺县','1',null,'中国 山西 长治 平顺县',null),
('2494','301','黎城县','1',null,'中国 山西 长治 黎城县',null),
('2495','301','壶关县','1',null,'中国 山西 长治 壶关县',null),
('2496','301','长子县','1',null,'中国 山西 长治 长子县',null),
('2497','301','武乡县','1',null,'中国 山西 长治 武乡县',null),
('2498','301','沁源县','1',null,'中国 山西 长治 沁源县',null),
('2499','302','城区','1',null,'中国 山西 大同 城区',null),
('2500','302','矿区','1',null,'中国 山西 大同 矿区',null),
('2501','302','南郊区','1',null,'中国 山西 大同 南郊区',null),
('2502','302','新荣区','1',null,'中国 山西 大同 新荣区',null),
('2503','302','阳高县','1',null,'中国 山西 大同 阳高县',null),
('2504','302','天镇县','1',null,'中国 山西 大同 天镇县',null),
('2505','302','广灵县','1',null,'中国 山西 大同 广灵县',null),
('2506','302','灵丘县','1',null,'中国 山西 大同 灵丘县',null),
('2507','302','浑源县','1',null,'中国 山西 大同 浑源县',null),
('2508','302','左云县','1',null,'中国 山西 大同 左云县',null),
('2509','302','大同县','1',null,'中国 山西 大同 大同县',null),
('2510','303','城区','1',null,'中国 山西 晋城 城区',null),
('2511','303','高平市','1',null,'中国 山西 晋城 高平市',null),
('2512','303','沁水县','1',null,'中国 山西 晋城 沁水县',null),
('2513','303','阳城县','1',null,'中国 山西 晋城 阳城县',null),
('2514','303','陵川县','1',null,'中国 山西 晋城 陵川县',null),
('2515','303','泽州县','1',null,'中国 山西 晋城 泽州县',null),
('2516','304','榆次区','1',null,'中国 山西 晋中 榆次区',null),
('2517','304','介休市','1',null,'中国 山西 晋中 介休市',null),
('2518','304','榆社县','1',null,'中国 山西 晋中 榆社县',null),
('2519','304','左权县','1',null,'中国 山西 晋中 左权县',null),
('2520','304','和顺县','1',null,'中国 山西 晋中 和顺县',null),
('2521','304','昔阳县','1',null,'中国 山西 晋中 昔阳县',null),
('2522','304','寿阳县','1',null,'中国 山西 晋中 寿阳县',null),
('2523','304','太谷县','1',null,'中国 山西 晋中 太谷县',null),
('2524','304','祁县','1',null,'中国 山西 晋中 祁县',null),
('2525','304','平遥县','1',null,'中国 山西 晋中 平遥县',null),
('2526','304','灵石县','1',null,'中国 山西 晋中 灵石县',null),
('2527','305','尧都区','1',null,'中国 山西 临汾 尧都区',null),
('2528','305','侯马市','1',null,'中国 山西 临汾 侯马市',null),
('2529','305','霍州市','1',null,'中国 山西 临汾 霍州市',null),
('2530','305','曲沃县','1',null,'中国 山西 临汾 曲沃县',null),
('2531','305','翼城县','1',null,'中国 山西 临汾 翼城县',null),
('2532','305','襄汾县','1',null,'中国 山西 临汾 襄汾县',null),
('2533','305','洪洞县','1',null,'中国 山西 临汾 洪洞县',null),
('2534','305','吉县','1',null,'中国 山西 临汾 吉县',null),
('2535','305','安泽县','1',null,'中国 山西 临汾 安泽县',null),
('2536','305','浮山县','1',null,'中国 山西 临汾 浮山县',null),
('2537','305','古县','1',null,'中国 山西 临汾 古县',null),
('2538','305','乡宁县','1',null,'中国 山西 临汾 乡宁县',null),
('2539','305','大宁县','1',null,'中国 山西 临汾 大宁县',null),
('2540','305','隰县','1',null,'中国 山西 临汾 隰县',null),
('2541','305','永和县','1',null,'中国 山西 临汾 永和县',null),
('2542','305','蒲县','1',null,'中国 山西 临汾 蒲县',null),
('2543','305','汾西县','1',null,'中国 山西 临汾 汾西县',null),
('2544','306','离石市','1',null,'中国 山西 吕梁 离石市',null),
('2545','306','离石区','1',null,'中国 山西 吕梁 离石区',null),
('2546','306','孝义市','1',null,'中国 山西 吕梁 孝义市',null),
('2547','306','汾阳市','1',null,'中国 山西 吕梁 汾阳市',null),
('2548','306','文水县','1',null,'中国 山西 吕梁 文水县',null),
('2549','306','交城县','1',null,'中国 山西 吕梁 交城县',null),
('2550','306','兴县','1',null,'中国 山西 吕梁 兴县',null),
('2551','306','临县','1',null,'中国 山西 吕梁 临县',null),
('2552','306','柳林县','1',null,'中国 山西 吕梁 柳林县',null),
('2553','306','石楼县','1',null,'中国 山西 吕梁 石楼县',null),
('2554','306','岚县','1',null,'中国 山西 吕梁 岚县',null),
('2555','306','方山县','1',null,'中国 山西 吕梁 方山县',null),
('2556','306','中阳县','1',null,'中国 山西 吕梁 中阳县',null),
('2557','306','交口县','1',null,'中国 山西 吕梁 交口县',null),
('2558','307','朔城区','1',null,'中国 山西 朔州 朔城区',null),
('2559','307','平鲁区','1',null,'中国 山西 朔州 平鲁区',null),
('2560','307','山阴县','1',null,'中国 山西 朔州 山阴县',null),
('2561','307','应县','1',null,'中国 山西 朔州 应县',null),
('2562','307','右玉县','1',null,'中国 山西 朔州 右玉县',null),
('2563','307','怀仁县','1',null,'中国 山西 朔州 怀仁县',null),
('2564','308','忻府区','1',null,'中国 山西 忻州 忻府区',null),
('2565','308','原平市','1',null,'中国 山西 忻州 原平市',null),
('2566','308','定襄县','1',null,'中国 山西 忻州 定襄县',null),
('2567','308','五台县','1',null,'中国 山西 忻州 五台县',null),
('2568','308','代县','1',null,'中国 山西 忻州 代县',null),
('2569','308','繁峙县','1',null,'中国 山西 忻州 繁峙县',null),
('2570','308','宁武县','1',null,'中国 山西 忻州 宁武县',null),
('2571','308','静乐县','1',null,'中国 山西 忻州 静乐县',null),
('2572','308','神池县','1',null,'中国 山西 忻州 神池县',null),
('2573','308','五寨县','1',null,'中国 山西 忻州 五寨县',null),
('2574','308','岢岚县','1',null,'中国 山西 忻州 岢岚县',null),
('2575','308','河曲县','1',null,'中国 山西 忻州 河曲县',null),
('2576','308','保德县','1',null,'中国 山西 忻州 保德县',null),
('2577','308','偏关县','1',null,'中国 山西 忻州 偏关县',null),
('2578','309','城区','1',null,'中国 山西 阳泉 城区',null),
('2579','309','矿区','1',null,'中国 山西 阳泉 矿区',null),
('2580','309','郊区','1',null,'中国 山西 阳泉 郊区',null),
('2581','309','平定县','1',null,'中国 山西 阳泉 平定县',null),
('2582','309','盂县','1',null,'中国 山西 阳泉 盂县',null),
('2583','310','盐湖区','1',null,'中国 山西 运城 盐湖区',null),
('2584','310','永济市','1',null,'中国 山西 运城 永济市',null),
('2585','310','河津市','1',null,'中国 山西 运城 河津市',null),
('2586','310','临猗县','1',null,'中国 山西 运城 临猗县',null),
('2587','310','万荣县','1',null,'中国 山西 运城 万荣县',null),
('2588','310','闻喜县','1',null,'中国 山西 运城 闻喜县',null),
('2589','310','稷山县','1',null,'中国 山西 运城 稷山县',null),
('2590','310','新绛县','1',null,'中国 山西 运城 新绛县',null),
('2591','310','绛县','1',null,'中国 山西 运城 绛县',null),
('2592','310','垣曲县','1',null,'中国 山西 运城 垣曲县',null),
('2593','310','夏县','1',null,'中国 山西 运城 夏县',null),
('2594','310','平陆县','1',null,'中国 山西 运城 平陆县',null),
('2595','310','芮城县','1',null,'中国 山西 运城 芮城县',null),
('2596','311','莲湖区','1',null,'中国 陕西 西安 莲湖区',null),
('2597','311','新城区','1',null,'中国 陕西 西安 新城区',null),
('2598','311','碑林区','1',null,'中国 陕西 西安 碑林区',null),
('2599','311','雁塔区','1',null,'中国 陕西 西安 雁塔区',null),
('2600','311','灞桥区','1',null,'中国 陕西 西安 灞桥区',null),
('2601','311','未央区','1',null,'中国 陕西 西安 未央区',null),
('2602','311','阎良区','1',null,'中国 陕西 西安 阎良区',null),
('2603','311','临潼区','1',null,'中国 陕西 西安 临潼区',null),
('2604','311','长安区','1',null,'中国 陕西 西安 长安区',null),
('2605','311','蓝田县','1',null,'中国 陕西 西安 蓝田县',null),
('2606','311','周至县','1',null,'中国 陕西 西安 周至县',null),
('2607','311','户县','1',null,'中国 陕西 西安 户县',null),
('2608','311','高陵县','1',null,'中国 陕西 西安 高陵县',null),
('2609','312','汉滨区','1',null,'中国 陕西 安康 汉滨区',null),
('2610','312','汉阴县','1',null,'中国 陕西 安康 汉阴县',null),
('2611','312','石泉县','1',null,'中国 陕西 安康 石泉县',null),
('2612','312','宁陕县','1',null,'中国 陕西 安康 宁陕县',null),
('2613','312','紫阳县','1',null,'中国 陕西 安康 紫阳县',null),
('2614','312','岚皋县','1',null,'中国 陕西 安康 岚皋县',null),
('2615','312','平利县','1',null,'中国 陕西 安康 平利县',null),
('2616','312','镇坪县','1',null,'中国 陕西 安康 镇坪县',null),
('2617','312','旬阳县','1',null,'中国 陕西 安康 旬阳县',null),
('2618','312','白河县','1',null,'中国 陕西 安康 白河县',null),
('2619','313','陈仓区','1',null,'中国 陕西 宝鸡 陈仓区',null),
('2620','313','渭滨区','1',null,'中国 陕西 宝鸡 渭滨区',null),
('2621','313','金台区','1',null,'中国 陕西 宝鸡 金台区',null),
('2622','313','凤翔县','1',null,'中国 陕西 宝鸡 凤翔县',null),
('2623','313','岐山县','1',null,'中国 陕西 宝鸡 岐山县',null),
('2624','313','扶风县','1',null,'中国 陕西 宝鸡 扶风县',null),
('2625','313','眉县','1',null,'中国 陕西 宝鸡 眉县',null),
('2626','313','陇县','1',null,'中国 陕西 宝鸡 陇县',null),
('2627','313','千阳县','1',null,'中国 陕西 宝鸡 千阳县',null),
('2628','313','麟游县','1',null,'中国 陕西 宝鸡 麟游县',null),
('2629','313','凤县','1',null,'中国 陕西 宝鸡 凤县',null),
('2630','313','太白县','1',null,'中国 陕西 宝鸡 太白县',null),
('2631','314','汉台区','1',null,'中国 陕西 汉中 汉台区',null),
('2632','314','南郑县','1',null,'中国 陕西 汉中 南郑县',null),
('2633','314','城固县','1',null,'中国 陕西 汉中 城固县',null),
('2634','314','洋县','1',null,'中国 陕西 汉中 洋县',null),
('2635','314','西乡县','1',null,'中国 陕西 汉中 西乡县',null),
('2636','314','勉县','1',null,'中国 陕西 汉中 勉县',null),
('2637','314','宁强县','1',null,'中国 陕西 汉中 宁强县',null),
('2638','314','略阳县','1',null,'中国 陕西 汉中 略阳县',null),
('2639','314','镇巴县','1',null,'中国 陕西 汉中 镇巴县',null),
('2640','314','留坝县','1',null,'中国 陕西 汉中 留坝县',null),
('2641','314','佛坪县','1',null,'中国 陕西 汉中 佛坪县',null),
('2642','315','商州区','1',null,'中国 陕西 商洛 商州区',null),
('2643','315','洛南县','1',null,'中国 陕西 商洛 洛南县',null),
('2644','315','丹凤县','1',null,'中国 陕西 商洛 丹凤县',null),
('2645','315','商南县','1',null,'中国 陕西 商洛 商南县',null),
('2646','315','山阳县','1',null,'中国 陕西 商洛 山阳县',null),
('2647','315','镇安县','1',null,'中国 陕西 商洛 镇安县',null),
('2648','315','柞水县','1',null,'中国 陕西 商洛 柞水县',null),
('2649','316','耀州区','1',null,'中国 陕西 铜川 耀州区',null),
('2650','316','王益区','1',null,'中国 陕西 铜川 王益区',null),
('2651','316','印台区','1',null,'中国 陕西 铜川 印台区',null),
('2652','316','宜君县','1',null,'中国 陕西 铜川 宜君县',null),
('2653','317','临渭区','1',null,'中国 陕西 渭南 临渭区',null),
('2654','317','韩城市','1',null,'中国 陕西 渭南 韩城市',null),
('2655','317','华阴市','1',null,'中国 陕西 渭南 华阴市',null),
('2656','317','华县','1',null,'中国 陕西 渭南 华县',null),
('2657','317','潼关县','1',null,'中国 陕西 渭南 潼关县',null),
('2658','317','大荔县','1',null,'中国 陕西 渭南 大荔县',null),
('2659','317','合阳县','1',null,'中国 陕西 渭南 合阳县',null),
('2660','317','澄城县','1',null,'中国 陕西 渭南 澄城县',null),
('2661','317','蒲城县','1',null,'中国 陕西 渭南 蒲城县',null),
('2662','317','白水县','1',null,'中国 陕西 渭南 白水县',null),
('2663','317','富平县','1',null,'中国 陕西 渭南 富平县',null),
('2664','318','秦都区','1',null,'中国 陕西 咸阳 秦都区',null),
('2665','318','渭城区','1',null,'中国 陕西 咸阳 渭城区',null),
('2666','318','杨陵区','1',null,'中国 陕西 咸阳 杨陵区',null),
('2667','318','兴平市','1',null,'中国 陕西 咸阳 兴平市',null),
('2668','318','三原县','1',null,'中国 陕西 咸阳 三原县',null),
('2669','318','泾阳县','1',null,'中国 陕西 咸阳 泾阳县',null),
('2670','318','乾县','1',null,'中国 陕西 咸阳 乾县',null),
('2671','318','礼泉县','1',null,'中国 陕西 咸阳 礼泉县',null),
('2672','318','永寿县','1',null,'中国 陕西 咸阳 永寿县',null),
('2673','318','彬县','1',null,'中国 陕西 咸阳 彬县',null),
('2674','318','长武县','1',null,'中国 陕西 咸阳 长武县',null),
('2675','318','旬邑县','1',null,'中国 陕西 咸阳 旬邑县',null),
('2676','318','淳化县','1',null,'中国 陕西 咸阳 淳化县',null),
('2677','318','武功县','1',null,'中国 陕西 咸阳 武功县',null),
('2678','319','吴起县','1',null,'中国 陕西 延安 吴起县',null),
('2679','319','宝塔区','1',null,'中国 陕西 延安 宝塔区',null),
('2680','319','延长县','1',null,'中国 陕西 延安 延长县',null),
('2681','319','延川县','1',null,'中国 陕西 延安 延川县',null),
('2682','319','子长县','1',null,'中国 陕西 延安 子长县',null),
('2683','319','安塞县','1',null,'中国 陕西 延安 安塞县',null),
('2684','319','志丹县','1',null,'中国 陕西 延安 志丹县',null),
('2685','319','甘泉县','1',null,'中国 陕西 延安 甘泉县',null),
('2686','319','富县','1',null,'中国 陕西 延安 富县',null),
('2687','319','洛川县','1',null,'中国 陕西 延安 洛川县',null),
('2688','319','宜川县','1',null,'中国 陕西 延安 宜川县',null),
('2689','319','黄龙县','1',null,'中国 陕西 延安 黄龙县',null),
('2690','319','黄陵县','1',null,'中国 陕西 延安 黄陵县',null),
('2691','320','榆阳区','1',null,'中国 陕西 榆林 榆阳区',null),
('2692','320','神木县','1',null,'中国 陕西 榆林 神木县',null),
('2693','320','府谷县','1',null,'中国 陕西 榆林 府谷县',null),
('2694','320','横山县','1',null,'中国 陕西 榆林 横山县',null),
('2695','320','靖边县','1',null,'中国 陕西 榆林 靖边县',null),
('2696','320','定边县','1',null,'中国 陕西 榆林 定边县',null),
('2697','320','绥德县','1',null,'中国 陕西 榆林 绥德县',null),
('2698','320','米脂县','1',null,'中国 陕西 榆林 米脂县',null),
('2699','320','佳县','1',null,'中国 陕西 榆林 佳县',null),
('2700','320','吴堡县','1',null,'中国 陕西 榆林 吴堡县',null),
('2701','320','清涧县','1',null,'中国 陕西 榆林 清涧县',null),
('2702','320','子洲县','1',null,'中国 陕西 榆林 子洲县',null),
('2703','321','长宁区','1',null,'中国 上海 上海 长宁区',null),
('2704','321','闸北区','1',null,'中国 上海 上海 闸北区',null),
('2705','321','闵行区','1',null,'中国 上海 上海 闵行区',null),
('2706','321','徐汇区','1',null,'中国 上海 上海 徐汇区',null),
('2707','321','浦东新区','1',null,'中国 上海 上海 浦东新区',null),
('2708','321','杨浦区','1',null,'中国 上海 上海 杨浦区',null),
('2709','321','普陀区','1',null,'中国 上海 上海 普陀区',null),
('2710','321','静安区','1',null,'中国 上海 上海 静安区',null),
('2711','321','卢湾区','1',null,'中国 上海 上海 卢湾区',null),
('2712','321','虹口区','1',null,'中国 上海 上海 虹口区',null),
('2713','321','黄浦区','1',null,'中国 上海 上海 黄浦区',null),
('2714','321','南汇区','1',null,'中国 上海 上海 南汇区',null),
('2715','321','松江区','1',null,'中国 上海 上海 松江区',null),
('2716','321','嘉定区','1',null,'中国 上海 上海 嘉定区',null),
('2717','321','宝山区','1',null,'中国 上海 上海 宝山区',null),
('2718','321','青浦区','1',null,'中国 上海 上海 青浦区',null),
('2719','321','金山区','1',null,'中国 上海 上海 金山区',null),
('2720','321','奉贤区','1',null,'中国 上海 上海 奉贤区',null),
('2721','321','崇明县','1',null,'中国 上海 上海 崇明县',null),
('2722','322','青羊区','1',null,'中国 四川 成都 青羊区',null),
('2723','322','锦江区','1',null,'中国 四川 成都 锦江区',null),
('2724','322','金牛区','1',null,'中国 四川 成都 金牛区',null),
('2725','322','武侯区','1',null,'中国 四川 成都 武侯区',null),
('2726','322','成华区','1',null,'中国 四川 成都 成华区',null),
('2727','322','龙泉驿区','1',null,'中国 四川 成都 龙泉驿区',null),
('2728','322','青白江区','1',null,'中国 四川 成都 青白江区',null),
('2729','322','新都区','1',null,'中国 四川 成都 新都区',null),
('2730','322','温江区','1',null,'中国 四川 成都 温江区',null),
('2731','322','高新区','1',null,'中国 四川 成都 高新区',null),
('2732','322','高新西区','1',null,'中国 四川 成都 高新西区',null),
('2733','322','都江堰市','1',null,'中国 四川 成都 都江堰市',null),
('2734','322','彭州市','1',null,'中国 四川 成都 彭州市',null),
('2735','322','邛崃市','1',null,'中国 四川 成都 邛崃市',null),
('2736','322','崇州市','1',null,'中国 四川 成都 崇州市',null),
('2737','322','金堂县','1',null,'中国 四川 成都 金堂县',null),
('2738','322','双流县','1',null,'中国 四川 成都 双流县',null),
('2739','322','郫县','1',null,'中国 四川 成都 郫县',null),
('2740','322','大邑县','1',null,'中国 四川 成都 大邑县',null),
('2741','322','蒲江县','1',null,'中国 四川 成都 蒲江县',null),
('2742','322','新津县','1',null,'中国 四川 成都 新津县',null),
('2743','322','都江堰市','1',null,'中国 四川 成都 都江堰市',null),
('2744','322','彭州市','1',null,'中国 四川 成都 彭州市',null),
('2745','322','邛崃市','1',null,'中国 四川 成都 邛崃市',null),
('2746','322','崇州市','1',null,'中国 四川 成都 崇州市',null),
('2747','322','金堂县','1',null,'中国 四川 成都 金堂县',null),
('2748','322','双流县','1',null,'中国 四川 成都 双流县',null),
('2749','322','郫县','1',null,'中国 四川 成都 郫县',null),
('2750','322','大邑县','1',null,'中国 四川 成都 大邑县',null),
('2751','322','蒲江县','1',null,'中国 四川 成都 蒲江县',null),
('2752','322','新津县','1',null,'中国 四川 成都 新津县',null),
('2753','323','涪城区','1',null,'中国 四川 绵阳 涪城区',null),
('2754','323','游仙区','1',null,'中国 四川 绵阳 游仙区',null),
('2755','323','江油市','1',null,'中国 四川 绵阳 江油市',null),
('2756','323','盐亭县','1',null,'中国 四川 绵阳 盐亭县',null),
('2757','323','三台县','1',null,'中国 四川 绵阳 三台县',null),
('2758','323','平武县','1',null,'中国 四川 绵阳 平武县',null),
('2759','323','安县','1',null,'中国 四川 绵阳 安县',null),
('2760','323','梓潼县','1',null,'中国 四川 绵阳 梓潼县',null),
('2761','323','北川县','1',null,'中国 四川 绵阳 北川县',null),
('2762','324','马尔康县','1',null,'中国 四川 阿坝 马尔康县',null),
('2763','324','汶川县','1',null,'中国 四川 阿坝 汶川县',null),
('2764','324','理县','1',null,'中国 四川 阿坝 理县',null),
('2765','324','茂县','1',null,'中国 四川 阿坝 茂县',null),
('2766','324','松潘县','1',null,'中国 四川 阿坝 松潘县',null),
('2767','324','九寨沟县','1',null,'中国 四川 阿坝 九寨沟县',null),
('2768','324','金川县','1',null,'中国 四川 阿坝 金川县',null),
('2769','324','小金县','1',null,'中国 四川 阿坝 小金县',null),
('2770','324','黑水县','1',null,'中国 四川 阿坝 黑水县',null),
('2771','324','壤塘县','1',null,'中国 四川 阿坝 壤塘县',null),
('2772','324','阿坝县','1',null,'中国 四川 阿坝 阿坝县',null),
('2773','324','若尔盖县','1',null,'中国 四川 阿坝 若尔盖县',null),
('2774','324','红原县','1',null,'中国 四川 阿坝 红原县',null),
('2775','325','巴州区','1',null,'中国 四川 巴中 巴州区',null),
('2776','325','通江县','1',null,'中国 四川 巴中 通江县',null),
('2777','325','南江县','1',null,'中国 四川 巴中 南江县',null),
('2778','325','平昌县','1',null,'中国 四川 巴中 平昌县',null),
('2779','326','通川区','1',null,'中国 四川 达州 通川区',null),
('2780','326','万源市','1',null,'中国 四川 达州 万源市',null),
('2781','326','达县','1',null,'中国 四川 达州 达县',null),
('2782','326','宣汉县','1',null,'中国 四川 达州 宣汉县',null),
('2783','326','开江县','1',null,'中国 四川 达州 开江县',null),
('2784','326','大竹县','1',null,'中国 四川 达州 大竹县',null),
('2785','326','渠县','1',null,'中国 四川 达州 渠县',null),
('2786','327','旌阳区','1',null,'中国 四川 德阳 旌阳区',null),
('2787','327','广汉市','1',null,'中国 四川 德阳 广汉市',null),
('2788','327','什邡市','1',null,'中国 四川 德阳 什邡市',null),
('2789','327','绵竹市','1',null,'中国 四川 德阳 绵竹市',null),
('2790','327','罗江县','1',null,'中国 四川 德阳 罗江县',null),
('2791','327','中江县','1',null,'中国 四川 德阳 中江县',null),
('2792','328','康定县','1',null,'中国 四川 甘孜 康定县',null),
('2793','328','丹巴县','1',null,'中国 四川 甘孜 丹巴县',null),
('2794','328','泸定县','1',null,'中国 四川 甘孜 泸定县',null),
('2795','328','炉霍县','1',null,'中国 四川 甘孜 炉霍县',null),
('2796','328','九龙县','1',null,'中国 四川 甘孜 九龙县',null),
('2797','328','甘孜县','1',null,'中国 四川 甘孜 甘孜县',null),
('2798','328','雅江县','1',null,'中国 四川 甘孜 雅江县',null),
('2799','328','新龙县','1',null,'中国 四川 甘孜 新龙县',null),
('2800','328','道孚县','1',null,'中国 四川 甘孜 道孚县',null),
('2801','328','白玉县','1',null,'中国 四川 甘孜 白玉县',null),
('2802','328','理塘县','1',null,'中国 四川 甘孜 理塘县',null),
('2803','328','德格县','1',null,'中国 四川 甘孜 德格县',null),
('2804','328','乡城县','1',null,'中国 四川 甘孜 乡城县',null),
('2805','328','石渠县','1',null,'中国 四川 甘孜 石渠县',null),
('2806','328','稻城县','1',null,'中国 四川 甘孜 稻城县',null),
('2807','328','色达县','1',null,'中国 四川 甘孜 色达县',null),
('2808','328','巴塘县','1',null,'中国 四川 甘孜 巴塘县',null),
('2809','328','得荣县','1',null,'中国 四川 甘孜 得荣县',null),
('2810','329','广安区','1',null,'中国 四川 广安 广安区',null),
('2811','329','华蓥市','1',null,'中国 四川 广安 华蓥市',null),
('2812','329','岳池县','1',null,'中国 四川 广安 岳池县',null),
('2813','329','武胜县','1',null,'中国 四川 广安 武胜县',null),
('2814','329','邻水县','1',null,'中国 四川 广安 邻水县',null),
('2815','330','利州区','1',null,'中国 四川 广元 利州区',null),
('2816','330','元坝区','1',null,'中国 四川 广元 元坝区',null),
('2817','330','朝天区','1',null,'中国 四川 广元 朝天区',null),
('2818','330','旺苍县','1',null,'中国 四川 广元 旺苍县',null),
('2819','330','青川县','1',null,'中国 四川 广元 青川县',null),
('2820','330','剑阁县','1',null,'中国 四川 广元 剑阁县',null),
('2821','330','苍溪县','1',null,'中国 四川 广元 苍溪县',null),
('2822','331','峨眉山市','1',null,'中国 四川 乐山 峨眉山市',null),
('2823','331','乐山市','1',null,'中国 四川 乐山 乐山市',null),
('2824','331','犍为县','1',null,'中国 四川 乐山 犍为县',null),
('2825','331','井研县','1',null,'中国 四川 乐山 井研县',null),
('2826','331','夹江县','1',null,'中国 四川 乐山 夹江县',null),
('2827','331','沐川县','1',null,'中国 四川 乐山 沐川县',null),
('2828','331','峨边','1',null,'中国 四川 乐山 峨边',null),
('2829','331','马边','1',null,'中国 四川 乐山 马边',null),
('2830','332','西昌市','1',null,'中国 四川 凉山 西昌市',null),
('2831','332','盐源县','1',null,'中国 四川 凉山 盐源县',null),
('2832','332','德昌县','1',null,'中国 四川 凉山 德昌县',null),
('2833','332','会理县','1',null,'中国 四川 凉山 会理县',null),
('2834','332','会东县','1',null,'中国 四川 凉山 会东县',null),
('2835','332','宁南县','1',null,'中国 四川 凉山 宁南县',null),
('2836','332','普格县','1',null,'中国 四川 凉山 普格县',null),
('2837','332','布拖县','1',null,'中国 四川 凉山 布拖县',null),
('2838','332','金阳县','1',null,'中国 四川 凉山 金阳县',null),
('2839','332','昭觉县','1',null,'中国 四川 凉山 昭觉县',null),
('2840','332','喜德县','1',null,'中国 四川 凉山 喜德县',null),
('2841','332','冕宁县','1',null,'中国 四川 凉山 冕宁县',null),
('2842','332','越西县','1',null,'中国 四川 凉山 越西县',null),
('2843','332','甘洛县','1',null,'中国 四川 凉山 甘洛县',null),
('2844','332','美姑县','1',null,'中国 四川 凉山 美姑县',null),
('2845','332','雷波县','1',null,'中国 四川 凉山 雷波县',null),
('2846','332','木里','1',null,'中国 四川 凉山 木里',null),
('2847','333','东坡区','1',null,'中国 四川 眉山 东坡区',null),
('2848','333','仁寿县','1',null,'中国 四川 眉山 仁寿县',null),
('2849','333','彭山县','1',null,'中国 四川 眉山 彭山县',null),
('2850','333','洪雅县','1',null,'中国 四川 眉山 洪雅县',null),
('2851','333','丹棱县','1',null,'中国 四川 眉山 丹棱县',null),
('2852','333','青神县','1',null,'中国 四川 眉山 青神县',null),
('2853','334','阆中市','1',null,'中国 四川 南充 阆中市',null),
('2854','334','南部县','1',null,'中国 四川 南充 南部县',null),
('2855','334','营山县','1',null,'中国 四川 南充 营山县',null),
('2856','334','蓬安县','1',null,'中国 四川 南充 蓬安县',null),
('2857','334','仪陇县','1',null,'中国 四川 南充 仪陇县',null),
('2858','334','顺庆区','1',null,'中国 四川 南充 顺庆区',null),
('2859','334','高坪区','1',null,'中国 四川 南充 高坪区',null),
('2860','334','嘉陵区','1',null,'中国 四川 南充 嘉陵区',null),
('2861','334','西充县','1',null,'中国 四川 南充 西充县',null),
('2862','335','市中区','1',null,'中国 四川 内江 市中区',null),
('2863','335','东兴区','1',null,'中国 四川 内江 东兴区',null),
('2864','335','威远县','1',null,'中国 四川 内江 威远县',null),
('2865','335','资中县','1',null,'中国 四川 内江 资中县',null),
('2866','335','隆昌县','1',null,'中国 四川 内江 隆昌县',null),
('2867','336','东  区','1',null,'中国 四川 攀枝花 东  区',null),
('2868','336','西  区','1',null,'中国 四川 攀枝花 西  区',null),
('2869','336','仁和区','1',null,'中国 四川 攀枝花 仁和区',null),
('2870','336','米易县','1',null,'中国 四川 攀枝花 米易县',null),
('2871','336','盐边县','1',null,'中国 四川 攀枝花 盐边县',null),
('2872','337','船山区','1',null,'中国 四川 遂宁 船山区',null),
('2873','337','安居区','1',null,'中国 四川 遂宁 安居区',null),
('2874','337','蓬溪县','1',null,'中国 四川 遂宁 蓬溪县',null),
('2875','337','射洪县','1',null,'中国 四川 遂宁 射洪县',null),
('2876','337','大英县','1',null,'中国 四川 遂宁 大英县',null),
('2877','338','雨城区','1',null,'中国 四川 雅安 雨城区',null),
('2878','338','名山县','1',null,'中国 四川 雅安 名山县',null),
('2879','338','荥经县','1',null,'中国 四川 雅安 荥经县',null),
('2880','338','汉源县','1',null,'中国 四川 雅安 汉源县',null),
('2881','338','石棉县','1',null,'中国 四川 雅安 石棉县',null),
('2882','338','天全县','1',null,'中国 四川 雅安 天全县',null),
('2883','338','芦山县','1',null,'中国 四川 雅安 芦山县',null),
('2884','338','宝兴县','1',null,'中国 四川 雅安 宝兴县',null),
('2885','339','翠屏区','1',null,'中国 四川 宜宾 翠屏区',null),
('2886','339','宜宾县','1',null,'中国 四川 宜宾 宜宾县',null),
('2887','339','南溪县','1',null,'中国 四川 宜宾 南溪县',null),
('2888','339','江安县','1',null,'中国 四川 宜宾 江安县',null),
('2889','339','长宁县','1',null,'中国 四川 宜宾 长宁县',null),
('2890','339','高县','1',null,'中国 四川 宜宾 高县',null),
('2891','339','珙县','1',null,'中国 四川 宜宾 珙县',null),
('2892','339','筠连县','1',null,'中国 四川 宜宾 筠连县',null),
('2893','339','兴文县','1',null,'中国 四川 宜宾 兴文县',null),
('2894','339','屏山县','1',null,'中国 四川 宜宾 屏山县',null),
('2895','340','雁江区','1',null,'中国 四川 资阳 雁江区',null),
('2896','340','简阳市','1',null,'中国 四川 资阳 简阳市',null),
('2897','340','安岳县','1',null,'中国 四川 资阳 安岳县',null),
('2898','340','乐至县','1',null,'中国 四川 资阳 乐至县',null),
('2899','341','大安区','1',null,'中国 四川 自贡 大安区',null),
('2900','341','自流井区','1',null,'中国 四川 自贡 自流井区',null),
('2901','341','贡井区','1',null,'中国 四川 自贡 贡井区',null),
('2902','341','沿滩区','1',null,'中国 四川 自贡 沿滩区',null),
('2903','341','荣县','1',null,'中国 四川 自贡 荣县',null),
('2904','341','富顺县','1',null,'中国 四川 自贡 富顺县',null),
('2905','342','江阳区','1',null,'中国 四川 泸州 江阳区',null),
('2906','342','纳溪区','1',null,'中国 四川 泸州 纳溪区',null),
('2907','342','龙马潭区','1',null,'中国 四川 泸州 龙马潭区',null),
('2908','342','泸县','1',null,'中国 四川 泸州 泸县',null),
('2909','342','合江县','1',null,'中国 四川 泸州 合江县',null),
('2910','342','叙永县','1',null,'中国 四川 泸州 叙永县',null),
('2911','342','古蔺县','1',null,'中国 四川 泸州 古蔺县',null),
('2912','343','和平区','1',null,'中国 天津 天津 和平区',null),
('2913','343','河西区','1',null,'中国 天津 天津 河西区',null),
('2914','343','南开区','1',null,'中国 天津 天津 南开区',null),
('2915','343','河北区','1',null,'中国 天津 天津 河北区',null),
('2916','343','河东区','1',null,'中国 天津 天津 河东区',null),
('2917','343','红桥区','1',null,'中国 天津 天津 红桥区',null),
('2918','343','东丽区','1',null,'中国 天津 天津 东丽区',null),
('2919','343','津南区','1',null,'中国 天津 天津 津南区',null),
('2920','343','西青区','1',null,'中国 天津 天津 西青区',null),
('2921','343','北辰区','1',null,'中国 天津 天津 北辰区',null),
('2922','343','塘沽区','1',null,'中国 天津 天津 塘沽区',null),
('2923','343','汉沽区','1',null,'中国 天津 天津 汉沽区',null),
('2924','343','大港区','1',null,'中国 天津 天津 大港区',null),
('2925','343','武清区','1',null,'中国 天津 天津 武清区',null),
('2926','343','宝坻区','1',null,'中国 天津 天津 宝坻区',null),
('2927','343','经济开发区','1',null,'中国 天津 天津 经济开发区',null),
('2928','343','宁河县','1',null,'中国 天津 天津 宁河县',null),
('2929','343','静海县','1',null,'中国 天津 天津 静海县',null),
('2930','343','蓟县','1',null,'中国 天津 天津 蓟县',null),
('2931','344','城关区','1',null,'中国 西藏 拉萨 城关区',null),
('2932','344','林周县','1',null,'中国 西藏 拉萨 林周县',null),
('2933','344','当雄县','1',null,'中国 西藏 拉萨 当雄县',null),
('2934','344','尼木县','1',null,'中国 西藏 拉萨 尼木县',null),
('2935','344','曲水县','1',null,'中国 西藏 拉萨 曲水县',null),
('2936','344','堆龙德庆县','1',null,'中国 西藏 拉萨 堆龙德庆县',null),
('2937','344','达孜县','1',null,'中国 西藏 拉萨 达孜县',null),
('2938','344','墨竹工卡县','1',null,'中国 西藏 拉萨 墨竹工卡县',null),
('2939','345','噶尔县','1',null,'中国 西藏 阿里 噶尔县',null),
('2940','345','普兰县','1',null,'中国 西藏 阿里 普兰县',null),
('2941','345','札达县','1',null,'中国 西藏 阿里 札达县',null),
('2942','345','日土县','1',null,'中国 西藏 阿里 日土县',null),
('2943','345','革吉县','1',null,'中国 西藏 阿里 革吉县',null),
('2944','345','改则县','1',null,'中国 西藏 阿里 改则县',null),
('2945','345','措勤县','1',null,'中国 西藏 阿里 措勤县',null),
('2946','346','昌都县','1',null,'中国 西藏 昌都 昌都县',null),
('2947','346','江达县','1',null,'中国 西藏 昌都 江达县',null),
('2948','346','贡觉县','1',null,'中国 西藏 昌都 贡觉县',null),
('2949','346','类乌齐县','1',null,'中国 西藏 昌都 类乌齐县',null),
('2950','346','丁青县','1',null,'中国 西藏 昌都 丁青县',null),
('2951','346','察雅县','1',null,'中国 西藏 昌都 察雅县',null),
('2952','346','八宿县','1',null,'中国 西藏 昌都 八宿县',null),
('2953','346','左贡县','1',null,'中国 西藏 昌都 左贡县',null),
('2954','346','芒康县','1',null,'中国 西藏 昌都 芒康县',null),
('2955','346','洛隆县','1',null,'中国 西藏 昌都 洛隆县',null),
('2956','346','边坝县','1',null,'中国 西藏 昌都 边坝县',null),
('2957','347','林芝县','1',null,'中国 西藏 林芝 林芝县',null),
('2958','347','工布江达县','1',null,'中国 西藏 林芝 工布江达县',null),
('2959','347','米林县','1',null,'中国 西藏 林芝 米林县',null),
('2960','347','墨脱县','1',null,'中国 西藏 林芝 墨脱县',null),
('2961','347','波密县','1',null,'中国 西藏 林芝 波密县',null),
('2962','347','察隅县','1',null,'中国 西藏 林芝 察隅县',null),
('2963','347','朗县','1',null,'中国 西藏 林芝 朗县',null),
('2964','348','那曲县','1',null,'中国 西藏 那曲 那曲县',null),
('2965','348','嘉黎县','1',null,'中国 西藏 那曲 嘉黎县',null),
('2966','348','比如县','1',null,'中国 西藏 那曲 比如县',null),
('2967','348','聂荣县','1',null,'中国 西藏 那曲 聂荣县',null),
('2968','348','安多县','1',null,'中国 西藏 那曲 安多县',null),
('2969','348','申扎县','1',null,'中国 西藏 那曲 申扎县',null),
('2970','348','索县','1',null,'中国 西藏 那曲 索县',null),
('2971','348','班戈县','1',null,'中国 西藏 那曲 班戈县',null),
('2972','348','巴青县','1',null,'中国 西藏 那曲 巴青县',null),
('2973','348','尼玛县','1',null,'中国 西藏 那曲 尼玛县',null),
('2974','349','日喀则市','1',null,'中国 西藏 日喀则 日喀则市',null),
('2975','349','南木林县','1',null,'中国 西藏 日喀则 南木林县',null),
('2976','349','江孜县','1',null,'中国 西藏 日喀则 江孜县',null),
('2977','349','定日县','1',null,'中国 西藏 日喀则 定日县',null),
('2978','349','萨迦县','1',null,'中国 西藏 日喀则 萨迦县',null),
('2979','349','拉孜县','1',null,'中国 西藏 日喀则 拉孜县',null),
('2980','349','昂仁县','1',null,'中国 西藏 日喀则 昂仁县',null),
('2981','349','谢通门县','1',null,'中国 西藏 日喀则 谢通门县',null),
('2982','349','白朗县','1',null,'中国 西藏 日喀则 白朗县',null),
('2983','349','仁布县','1',null,'中国 西藏 日喀则 仁布县',null),
('2984','349','康马县','1',null,'中国 西藏 日喀则 康马县',null),
('2985','349','定结县','1',null,'中国 西藏 日喀则 定结县',null),
('2986','349','仲巴县','1',null,'中国 西藏 日喀则 仲巴县',null),
('2987','349','亚东县','1',null,'中国 西藏 日喀则 亚东县',null),
('2988','349','吉隆县','1',null,'中国 西藏 日喀则 吉隆县',null),
('2989','349','聂拉木县','1',null,'中国 西藏 日喀则 聂拉木县',null),
('2990','349','萨嘎县','1',null,'中国 西藏 日喀则 萨嘎县',null),
('2991','349','岗巴县','1',null,'中国 西藏 日喀则 岗巴县',null),
('2992','350','乃东县','1',null,'中国 西藏 山南 乃东县',null),
('2993','350','扎囊县','1',null,'中国 西藏 山南 扎囊县',null),
('2994','350','贡嘎县','1',null,'中国 西藏 山南 贡嘎县',null),
('2995','350','桑日县','1',null,'中国 西藏 山南 桑日县',null),
('2996','350','琼结县','1',null,'中国 西藏 山南 琼结县',null),
('2997','350','曲松县','1',null,'中国 西藏 山南 曲松县',null),
('2998','350','措美县','1',null,'中国 西藏 山南 措美县',null),
('2999','350','洛扎县','1',null,'中国 西藏 山南 洛扎县',null),
('3000','350','加查县','1',null,'中国 西藏 山南 加查县',null),
('3001','350','隆子县','1',null,'中国 西藏 山南 隆子县',null),
('3002','350','错那县','1',null,'中国 西藏 山南 错那县',null),
('3003','350','浪卡子县','1',null,'中国 西藏 山南 浪卡子县',null),
('3004','351','天山区','1',null,'中国 新疆 乌鲁木齐 天山区',null),
('3005','351','沙依巴克区','1',null,'中国 新疆 乌鲁木齐 沙依巴克区',null),
('3006','351','新市区','1',null,'中国 新疆 乌鲁木齐 新市区',null),
('3007','351','水磨沟区','1',null,'中国 新疆 乌鲁木齐 水磨沟区',null),
('3008','351','头屯河区','1',null,'中国 新疆 乌鲁木齐 头屯河区',null),
('3009','351','达坂城区','1',null,'中国 新疆 乌鲁木齐 达坂城区',null),
('3010','351','米东区','1',null,'中国 新疆 乌鲁木齐 米东区',null),
('3011','351','乌鲁木齐县','1',null,'中国 新疆 乌鲁木齐 乌鲁木齐县',null),
('3012','352','阿克苏市','1',null,'中国 新疆 阿克苏 阿克苏市',null),
('3013','352','温宿县','1',null,'中国 新疆 阿克苏 温宿县',null),
('3014','352','库车县','1',null,'中国 新疆 阿克苏 库车县',null),
('3015','352','沙雅县','1',null,'中国 新疆 阿克苏 沙雅县',null),
('3016','352','新和县','1',null,'中国 新疆 阿克苏 新和县',null),
('3017','352','拜城县','1',null,'中国 新疆 阿克苏 拜城县',null),
('3018','352','乌什县','1',null,'中国 新疆 阿克苏 乌什县',null),
('3019','352','阿瓦提县','1',null,'中国 新疆 阿克苏 阿瓦提县',null),
('3020','352','柯坪县','1',null,'中国 新疆 阿克苏 柯坪县',null),
('3021','353','阿拉尔市','1',null,'中国 新疆 阿拉尔 阿拉尔市',null),
('3022','354','库尔勒市','1',null,'中国 新疆 巴音郭楞 库尔勒市',null),
('3023','354','轮台县','1',null,'中国 新疆 巴音郭楞 轮台县',null),
('3024','354','尉犁县','1',null,'中国 新疆 巴音郭楞 尉犁县',null),
('3025','354','若羌县','1',null,'中国 新疆 巴音郭楞 若羌县',null),
('3026','354','且末县','1',null,'中国 新疆 巴音郭楞 且末县',null),
('3027','354','焉耆','1',null,'中国 新疆 巴音郭楞 焉耆',null),
('3028','354','和静县','1',null,'中国 新疆 巴音郭楞 和静县',null),
('3029','354','和硕县','1',null,'中国 新疆 巴音郭楞 和硕县',null),
('3030','354','博湖县','1',null,'中国 新疆 巴音郭楞 博湖县',null),
('3031','355','博乐市','1',null,'中国 新疆 博尔塔拉 博乐市',null),
('3032','355','精河县','1',null,'中国 新疆 博尔塔拉 精河县',null),
('3033','355','温泉县','1',null,'中国 新疆 博尔塔拉 温泉县',null),
('3034','356','呼图壁县','1',null,'中国 新疆 昌吉 呼图壁县',null),
('3035','356','米泉市','1',null,'中国 新疆 昌吉 米泉市',null),
('3036','356','昌吉市','1',null,'中国 新疆 昌吉 昌吉市',null),
('3037','356','阜康市','1',null,'中国 新疆 昌吉 阜康市',null),
('3038','356','玛纳斯县','1',null,'中国 新疆 昌吉 玛纳斯县',null),
('3039','356','奇台县','1',null,'中国 新疆 昌吉 奇台县',null),
('3040','356','吉木萨尔县','1',null,'中国 新疆 昌吉 吉木萨尔县',null),
('3041','356','木垒','1',null,'中国 新疆 昌吉 木垒',null),
('3042','357','哈密市','1',null,'中国 新疆 哈密 哈密市',null),
('3043','357','伊吾县','1',null,'中国 新疆 哈密 伊吾县',null),
('3044','357','巴里坤','1',null,'中国 新疆 哈密 巴里坤',null),
('3045','358','和田市','1',null,'中国 新疆 和田 和田市',null),
('3046','358','和田县','1',null,'中国 新疆 和田 和田县',null),
('3047','358','墨玉县','1',null,'中国 新疆 和田 墨玉县',null),
('3048','358','皮山县','1',null,'中国 新疆 和田 皮山县',null),
('3049','358','洛浦县','1',null,'中国 新疆 和田 洛浦县',null),
('3050','358','策勒县','1',null,'中国 新疆 和田 策勒县',null),
('3051','358','于田县','1',null,'中国 新疆 和田 于田县',null),
('3052','358','民丰县','1',null,'中国 新疆 和田 民丰县',null),
('3053','359','喀什市','1',null,'中国 新疆 喀什 喀什市',null),
('3054','359','疏附县','1',null,'中国 新疆 喀什 疏附县',null),
('3055','359','疏勒县','1',null,'中国 新疆 喀什 疏勒县',null),
('3056','359','英吉沙县','1',null,'中国 新疆 喀什 英吉沙县',null),
('3057','359','泽普县','1',null,'中国 新疆 喀什 泽普县',null),
('3058','359','莎车县','1',null,'中国 新疆 喀什 莎车县',null),
('3059','359','叶城县','1',null,'中国 新疆 喀什 叶城县',null),
('3060','359','麦盖提县','1',null,'中国 新疆 喀什 麦盖提县',null),
('3061','359','岳普湖县','1',null,'中国 新疆 喀什 岳普湖县',null),
('3062','359','伽师县','1',null,'中国 新疆 喀什 伽师县',null),
('3063','359','巴楚县','1',null,'中国 新疆 喀什 巴楚县',null),
('3064','359','塔什库尔干','1',null,'中国 新疆 喀什 塔什库尔干',null),
('3065','360','克拉玛依市','1',null,'中国 新疆 克拉玛依 克拉玛依市',null),
('3066','361','阿图什市','1',null,'中国 新疆 克孜勒苏 阿图什市',null),
('3067','361','阿克陶县','1',null,'中国 新疆 克孜勒苏 阿克陶县',null),
('3068','361','阿合奇县','1',null,'中国 新疆 克孜勒苏 阿合奇县',null),
('3069','361','乌恰县','1',null,'中国 新疆 克孜勒苏 乌恰县',null),
('3070','362','石河子市','1',null,'中国 新疆 石河子 石河子市',null),
('3071','363','图木舒克市','1',null,'中国 新疆 图木舒克 图木舒克市',null),
('3072','364','吐鲁番市','1',null,'中国 新疆 吐鲁番 吐鲁番市',null),
('3073','364','鄯善县','1',null,'中国 新疆 吐鲁番 鄯善县',null),
('3074','364','托克逊县','1',null,'中国 新疆 吐鲁番 托克逊县',null),
('3075','365','五家渠市','1',null,'中国 新疆 五家渠 五家渠市',null),
('3076','366','阿勒泰市','1',null,'中国 新疆 伊犁 阿勒泰市',null),
('3077','366','布克赛尔','1',null,'中国 新疆 伊犁 布克赛尔',null),
('3078','366','伊宁市','1',null,'中国 新疆 伊犁 伊宁市',null),
('3079','366','布尔津县','1',null,'中国 新疆 伊犁 布尔津县',null),
('3080','366','奎屯市','1',null,'中国 新疆 伊犁 奎屯市',null),
('3081','366','乌苏市','1',null,'中国 新疆 伊犁 乌苏市',null),
('3082','366','额敏县','1',null,'中国 新疆 伊犁 额敏县',null),
('3083','366','富蕴县','1',null,'中国 新疆 伊犁 富蕴县',null),
('3084','366','伊宁县','1',null,'中国 新疆 伊犁 伊宁县',null),
('3085','366','福海县','1',null,'中国 新疆 伊犁 福海县',null),
('3086','366','霍城县','1',null,'中国 新疆 伊犁 霍城县',null),
('3087','366','沙湾县','1',null,'中国 新疆 伊犁 沙湾县',null),
('3088','366','巩留县','1',null,'中国 新疆 伊犁 巩留县',null),
('3089','366','哈巴河县','1',null,'中国 新疆 伊犁 哈巴河县',null),
('3090','366','托里县','1',null,'中国 新疆 伊犁 托里县',null),
('3091','366','青河县','1',null,'中国 新疆 伊犁 青河县',null),
('3092','366','新源县','1',null,'中国 新疆 伊犁 新源县',null),
('3093','366','裕民县','1',null,'中国 新疆 伊犁 裕民县',null),
('3094','366','和布克赛尔','1',null,'中国 新疆 伊犁 和布克赛尔',null),
('3095','366','吉木乃县','1',null,'中国 新疆 伊犁 吉木乃县',null),
('3096','366','昭苏县','1',null,'中国 新疆 伊犁 昭苏县',null),
('3097','366','特克斯县','1',null,'中国 新疆 伊犁 特克斯县',null),
('3098','366','尼勒克县','1',null,'中国 新疆 伊犁 尼勒克县',null),
('3099','366','察布查尔','1',null,'中国 新疆 伊犁 察布查尔',null),
('3100','367','盘龙区','1',null,'中国 云南 昆明 盘龙区',null),
('3101','367','五华区','1',null,'中国 云南 昆明 五华区',null),
('3102','367','官渡区','1',null,'中国 云南 昆明 官渡区',null),
('3103','367','西山区','1',null,'中国 云南 昆明 西山区',null),
('3104','367','东川区','1',null,'中国 云南 昆明 东川区',null),
('3105','367','安宁市','1',null,'中国 云南 昆明 安宁市',null),
('3106','367','呈贡县','1',null,'中国 云南 昆明 呈贡县',null),
('3107','367','晋宁县','1',null,'中国 云南 昆明 晋宁县',null),
('3108','367','富民县','1',null,'中国 云南 昆明 富民县',null),
('3109','367','宜良县','1',null,'中国 云南 昆明 宜良县',null),
('3110','367','嵩明县','1',null,'中国 云南 昆明 嵩明县',null),
('3111','367','石林县','1',null,'中国 云南 昆明 石林县',null),
('3112','367','禄劝','1',null,'中国 云南 昆明 禄劝',null),
('3113','367','寻甸','1',null,'中国 云南 昆明 寻甸',null),
('3114','368','兰坪','1',null,'中国 云南 怒江 兰坪',null),
('3115','368','泸水县','1',null,'中国 云南 怒江 泸水县',null),
('3116','368','福贡县','1',null,'中国 云南 怒江 福贡县',null),
('3117','368','贡山','1',null,'中国 云南 怒江 贡山',null),
('3118','369','宁洱','1',null,'中国 云南 普洱 宁洱',null),
('3119','369','思茅区','1',null,'中国 云南 普洱 思茅区',null),
('3120','369','墨江','1',null,'中国 云南 普洱 墨江',null),
('3121','369','景东','1',null,'中国 云南 普洱 景东',null),
('3122','369','景谷','1',null,'中国 云南 普洱 景谷',null),
('3123','369','镇沅','1',null,'中国 云南 普洱 镇沅',null),
('3124','369','江城','1',null,'中国 云南 普洱 江城',null),
('3125','369','孟连','1',null,'中国 云南 普洱 孟连',null),
('3126','369','澜沧','1',null,'中国 云南 普洱 澜沧',null),
('3127','369','西盟','1',null,'中国 云南 普洱 西盟',null),
('3128','370','古城区','1',null,'中国 云南 丽江 古城区',null),
('3129','370','宁蒗','1',null,'中国 云南 丽江 宁蒗',null),
('3130','370','玉龙','1',null,'中国 云南 丽江 玉龙',null),
('3131','370','永胜县','1',null,'中国 云南 丽江 永胜县',null),
('3132','370','华坪县','1',null,'中国 云南 丽江 华坪县',null),
('3133','371','隆阳区','1',null,'中国 云南 保山 隆阳区',null),
('3134','371','施甸县','1',null,'中国 云南 保山 施甸县',null),
('3135','371','腾冲县','1',null,'中国 云南 保山 腾冲县',null),
('3136','371','龙陵县','1',null,'中国 云南 保山 龙陵县',null),
('3137','371','昌宁县','1',null,'中国 云南 保山 昌宁县',null),
('3138','372','楚雄市','1',null,'中国 云南 楚雄 楚雄市',null),
('3139','372','双柏县','1',null,'中国 云南 楚雄 双柏县',null),
('3140','372','牟定县','1',null,'中国 云南 楚雄 牟定县',null),
('3141','372','南华县','1',null,'中国 云南 楚雄 南华县',null),
('3142','372','姚安县','1',null,'中国 云南 楚雄 姚安县',null),
('3143','372','大姚县','1',null,'中国 云南 楚雄 大姚县',null),
('3144','372','永仁县','1',null,'中国 云南 楚雄 永仁县',null),
('3145','372','元谋县','1',null,'中国 云南 楚雄 元谋县',null),
('3146','372','武定县','1',null,'中国 云南 楚雄 武定县',null),
('3147','372','禄丰县','1',null,'中国 云南 楚雄 禄丰县',null),
('3148','373','大理市','1',null,'中国 云南 大理 大理市',null),
('3149','373','祥云县','1',null,'中国 云南 大理 祥云县',null),
('3150','373','宾川县','1',null,'中国 云南 大理 宾川县',null),
('3151','373','弥渡县','1',null,'中国 云南 大理 弥渡县',null),
('3152','373','永平县','1',null,'中国 云南 大理 永平县',null),
('3153','373','云龙县','1',null,'中国 云南 大理 云龙县',null),
('3154','373','洱源县','1',null,'中国 云南 大理 洱源县',null),
('3155','373','剑川县','1',null,'中国 云南 大理 剑川县',null),
('3156','373','鹤庆县','1',null,'中国 云南 大理 鹤庆县',null),
('3157','373','漾濞','1',null,'中国 云南 大理 漾濞',null),
('3158','373','南涧','1',null,'中国 云南 大理 南涧',null),
('3159','373','巍山','1',null,'中国 云南 大理 巍山',null),
('3160','374','潞西市','1',null,'中国 云南 德宏 潞西市',null),
('3161','374','瑞丽市','1',null,'中国 云南 德宏 瑞丽市',null),
('3162','374','梁河县','1',null,'中国 云南 德宏 梁河县',null),
('3163','374','盈江县','1',null,'中国 云南 德宏 盈江县',null),
('3164','374','陇川县','1',null,'中国 云南 德宏 陇川县',null),
('3165','375','香格里拉县','1',null,'中国 云南 迪庆 香格里拉县',null),
('3166','375','德钦县','1',null,'中国 云南 迪庆 德钦县',null),
('3167','375','维西','1',null,'中国 云南 迪庆 维西',null),
('3168','376','泸西县','1',null,'中国 云南 红河 泸西县',null),
('3169','376','蒙自县','1',null,'中国 云南 红河 蒙自县',null),
('3170','376','个旧市','1',null,'中国 云南 红河 个旧市',null),
('3171','376','开远市','1',null,'中国 云南 红河 开远市',null),
('3172','376','绿春县','1',null,'中国 云南 红河 绿春县',null),
('3173','376','建水县','1',null,'中国 云南 红河 建水县',null),
('3174','376','石屏县','1',null,'中国 云南 红河 石屏县',null),
('3175','376','弥勒县','1',null,'中国 云南 红河 弥勒县',null),
('3176','376','元阳县','1',null,'中国 云南 红河 元阳县',null),
('3177','376','红河县','1',null,'中国 云南 红河 红河县',null),
('3178','376','金平','1',null,'中国 云南 红河 金平',null),
('3179','376','河口','1',null,'中国 云南 红河 河口',null),
('3180','376','屏边','1',null,'中国 云南 红河 屏边',null),
('3181','377','临翔区','1',null,'中国 云南 临沧 临翔区',null),
('3182','377','凤庆县','1',null,'中国 云南 临沧 凤庆县',null),
('3183','377','云县','1',null,'中国 云南 临沧 云县',null),
('3184','377','永德县','1',null,'中国 云南 临沧 永德县',null),
('3185','377','镇康县','1',null,'中国 云南 临沧 镇康县',null),
('3186','377','双江','1',null,'中国 云南 临沧 双江',null),
('3187','377','耿马','1',null,'中国 云南 临沧 耿马',null),
('3188','377','沧源','1',null,'中国 云南 临沧 沧源',null),
('3189','378','麒麟区','1',null,'中国 云南 曲靖 麒麟区',null),
('3190','378','宣威市','1',null,'中国 云南 曲靖 宣威市',null),
('3191','378','马龙县','1',null,'中国 云南 曲靖 马龙县',null),
('3192','378','陆良县','1',null,'中国 云南 曲靖 陆良县',null),
('3193','378','师宗县','1',null,'中国 云南 曲靖 师宗县',null),
('3194','378','罗平县','1',null,'中国 云南 曲靖 罗平县',null),
('3195','378','富源县','1',null,'中国 云南 曲靖 富源县',null),
('3196','378','会泽县','1',null,'中国 云南 曲靖 会泽县',null),
('3197','378','沾益县','1',null,'中国 云南 曲靖 沾益县',null),
('3198','379','文山县','1',null,'中国 云南 文山 文山县',null),
('3199','379','砚山县','1',null,'中国 云南 文山 砚山县',null),
('3200','379','西畴县','1',null,'中国 云南 文山 西畴县',null),
('3201','379','麻栗坡县','1',null,'中国 云南 文山 麻栗坡县',null),
('3202','379','马关县','1',null,'中国 云南 文山 马关县',null),
('3203','379','丘北县','1',null,'中国 云南 文山 丘北县',null),
('3204','379','广南县','1',null,'中国 云南 文山 广南县',null),
('3205','379','富宁县','1',null,'中国 云南 文山 富宁县',null),
('3206','380','景洪市','1',null,'中国 云南 西双版纳 景洪市',null),
('3207','380','勐海县','1',null,'中国 云南 西双版纳 勐海县',null),
('3208','380','勐腊县','1',null,'中国 云南 西双版纳 勐腊县',null),
('3209','381','红塔区','1',null,'中国 云南 玉溪 红塔区',null),
('3210','381','江川县','1',null,'中国 云南 玉溪 江川县',null),
('3211','381','澄江县','1',null,'中国 云南 玉溪 澄江县',null),
('3212','381','通海县','1',null,'中国 云南 玉溪 通海县',null),
('3213','381','华宁县','1',null,'中国 云南 玉溪 华宁县',null),
('3214','381','易门县','1',null,'中国 云南 玉溪 易门县',null),
('3215','381','峨山','1',null,'中国 云南 玉溪 峨山',null),
('3216','381','新平','1',null,'中国 云南 玉溪 新平',null),
('3217','381','元江','1',null,'中国 云南 玉溪 元江',null),
('3218','382','昭阳区','1',null,'中国 云南 昭通 昭阳区',null),
('3219','382','鲁甸县','1',null,'中国 云南 昭通 鲁甸县',null),
('3220','382','巧家县','1',null,'中国 云南 昭通 巧家县',null),
('3221','382','盐津县','1',null,'中国 云南 昭通 盐津县',null),
('3222','382','大关县','1',null,'中国 云南 昭通 大关县',null),
('3223','382','永善县','1',null,'中国 云南 昭通 永善县',null),
('3224','382','绥江县','1',null,'中国 云南 昭通 绥江县',null),
('3225','382','镇雄县','1',null,'中国 云南 昭通 镇雄县',null),
('3226','382','彝良县','1',null,'中国 云南 昭通 彝良县',null),
('3227','382','威信县','1',null,'中国 云南 昭通 威信县',null),
('3228','382','水富县','1',null,'中国 云南 昭通 水富县',null),
('3229','383','西湖区','1',null,'中国 浙江 杭州 西湖区',null),
('3230','383','上城区','1',null,'中国 浙江 杭州 上城区',null),
('3231','383','下城区','1',null,'中国 浙江 杭州 下城区',null),
('3232','383','拱墅区','1',null,'中国 浙江 杭州 拱墅区',null),
('3233','383','滨江区','1',null,'中国 浙江 杭州 滨江区',null),
('3234','383','江干区','1',null,'中国 浙江 杭州 江干区',null),
('3235','383','萧山区','1',null,'中国 浙江 杭州 萧山区',null),
('3236','383','余杭区','1',null,'中国 浙江 杭州 余杭区',null),
('3237','383','市郊','1',null,'中国 浙江 杭州 市郊',null),
('3238','383','建德市','1',null,'中国 浙江 杭州 建德市',null),
('3239','383','富阳市','1',null,'中国 浙江 杭州 富阳市',null),
('3240','383','临安市','1',null,'中国 浙江 杭州 临安市',null),
('3241','383','桐庐县','1',null,'中国 浙江 杭州 桐庐县',null),
('3242','383','淳安县','1',null,'中国 浙江 杭州 淳安县',null),
('3243','384','吴兴区','1',null,'中国 浙江 湖州 吴兴区',null),
('3244','384','南浔区','1',null,'中国 浙江 湖州 南浔区',null),
('3245','384','德清县','1',null,'中国 浙江 湖州 德清县',null),
('3246','384','长兴县','1',null,'中国 浙江 湖州 长兴县',null),
('3247','384','安吉县','1',null,'中国 浙江 湖州 安吉县',null),
('3248','385','南湖区','1',null,'中国 浙江 嘉兴 南湖区',null),
('3249','385','秀洲区','1',null,'中国 浙江 嘉兴 秀洲区',null),
('3250','385','海宁市','1',null,'中国 浙江 嘉兴 海宁市',null),
('3251','385','嘉善县','1',null,'中国 浙江 嘉兴 嘉善县',null),
('3252','385','平湖市','1',null,'中国 浙江 嘉兴 平湖市',null),
('3253','385','桐乡市','1',null,'中国 浙江 嘉兴 桐乡市',null),
('3254','385','海盐县','1',null,'中国 浙江 嘉兴 海盐县',null),
('3255','386','婺城区','1',null,'中国 浙江 金华 婺城区',null),
('3256','386','金东区','1',null,'中国 浙江 金华 金东区',null),
('3257','386','兰溪市','1',null,'中国 浙江 金华 兰溪市',null),
('3258','386','市区','1',null,'中国 浙江 金华 市区',null),
('3259','386','佛堂镇','1',null,'中国 浙江 金华 佛堂镇',null),
('3260','386','上溪镇','1',null,'中国 浙江 金华 上溪镇',null),
('3261','386','义亭镇','1',null,'中国 浙江 金华 义亭镇',null),
('3262','386','大陈镇','1',null,'中国 浙江 金华 大陈镇',null),
('3263','386','苏溪镇','1',null,'中国 浙江 金华 苏溪镇',null),
('3264','386','赤岸镇','1',null,'中国 浙江 金华 赤岸镇',null),
('3265','386','东阳市','1',null,'中国 浙江 金华 东阳市',null),
('3266','386','永康市','1',null,'中国 浙江 金华 永康市',null),
('3267','386','武义县','1',null,'中国 浙江 金华 武义县',null),
('3268','386','浦江县','1',null,'中国 浙江 金华 浦江县',null),
('3269','386','磐安县','1',null,'中国 浙江 金华 磐安县',null),
('3270','387','莲都区','1',null,'中国 浙江 丽水 莲都区',null),
('3271','387','龙泉市','1',null,'中国 浙江 丽水 龙泉市',null),
('3272','387','青田县','1',null,'中国 浙江 丽水 青田县',null),
('3273','387','缙云县','1',null,'中国 浙江 丽水 缙云县',null),
('3274','387','遂昌县','1',null,'中国 浙江 丽水 遂昌县',null),
('3275','387','松阳县','1',null,'中国 浙江 丽水 松阳县',null),
('3276','387','云和县','1',null,'中国 浙江 丽水 云和县',null),
('3277','387','庆元县','1',null,'中国 浙江 丽水 庆元县',null),
('3278','387','景宁','1',null,'中国 浙江 丽水 景宁',null),
('3279','388','海曙区','1',null,'中国 浙江 宁波 海曙区',null),
('3280','388','江东区','1',null,'中国 浙江 宁波 江东区',null),
('3281','388','江北区','1',null,'中国 浙江 宁波 江北区',null),
('3282','388','镇海区','1',null,'中国 浙江 宁波 镇海区',null),
('3283','388','北仑区','1',null,'中国 浙江 宁波 北仑区',null),
('3284','388','鄞州区','1',null,'中国 浙江 宁波 鄞州区',null),
('3285','388','余姚市','1',null,'中国 浙江 宁波 余姚市',null),
('3286','388','慈溪市','1',null,'中国 浙江 宁波 慈溪市',null),
('3287','388','奉化市','1',null,'中国 浙江 宁波 奉化市',null),
('3288','388','象山县','1',null,'中国 浙江 宁波 象山县',null),
('3289','388','宁海县','1',null,'中国 浙江 宁波 宁海县',null),
('3290','389','越城区','1',null,'中国 浙江 绍兴 越城区',null),
('3291','389','上虞市','1',null,'中国 浙江 绍兴 上虞市',null),
('3292','389','嵊州市','1',null,'中国 浙江 绍兴 嵊州市',null),
('3293','389','绍兴县','1',null,'中国 浙江 绍兴 绍兴县',null),
('3294','389','新昌县','1',null,'中国 浙江 绍兴 新昌县',null),
('3295','389','诸暨市','1',null,'中国 浙江 绍兴 诸暨市',null),
('3296','390','椒江区','1',null,'中国 浙江 台州 椒江区',null),
('3297','390','黄岩区','1',null,'中国 浙江 台州 黄岩区',null),
('3298','390','路桥区','1',null,'中国 浙江 台州 路桥区',null),
('3299','390','温岭市','1',null,'中国 浙江 台州 温岭市',null),
('3300','390','临海市','1',null,'中国 浙江 台州 临海市',null),
('3301','390','玉环县','1',null,'中国 浙江 台州 玉环县',null),
('3302','390','三门县','1',null,'中国 浙江 台州 三门县',null),
('3303','390','天台县','1',null,'中国 浙江 台州 天台县',null),
('3304','390','仙居县','1',null,'中国 浙江 台州 仙居县',null),
('3305','391','鹿城区','1',null,'中国 浙江 温州 鹿城区',null),
('3306','391','龙湾区','1',null,'中国 浙江 温州 龙湾区',null),
('3307','391','瓯海区','1',null,'中国 浙江 温州 瓯海区',null),
('3308','391','瑞安市','1',null,'中国 浙江 温州 瑞安市',null),
('3309','391','乐清市','1',null,'中国 浙江 温州 乐清市',null),
('3310','391','洞头县','1',null,'中国 浙江 温州 洞头县',null),
('3311','391','永嘉县','1',null,'中国 浙江 温州 永嘉县',null),
('3312','391','平阳县','1',null,'中国 浙江 温州 平阳县',null),
('3313','391','苍南县','1',null,'中国 浙江 温州 苍南县',null),
('3314','391','文成县','1',null,'中国 浙江 温州 文成县',null),
('3315','391','泰顺县','1',null,'中国 浙江 温州 泰顺县',null),
('3316','392','定海区','1',null,'中国 浙江 舟山 定海区',null),
('3317','392','普陀区','1',null,'中国 浙江 舟山 普陀区',null),
('3318','392','岱山县','1',null,'中国 浙江 舟山 岱山县',null),
('3319','392','嵊泗县','1',null,'中国 浙江 舟山 嵊泗县',null),
('3320','393','衢州市','1',null,'中国 浙江 衢州 衢州市',null),
('3321','393','江山市','1',null,'中国 浙江 衢州 江山市',null),
('3322','393','常山县','1',null,'中国 浙江 衢州 常山县',null),
('3323','393','开化县','1',null,'中国 浙江 衢州 开化县',null),
('3324','393','龙游县','1',null,'中国 浙江 衢州 龙游县',null),
('3325','394','合川区','1',null,'中国 重庆 重庆 合川区',null),
('3326','394','江津区','1',null,'中国 重庆 重庆 江津区',null),
('3327','394','南川区','1',null,'中国 重庆 重庆 南川区',null),
('3328','394','永川区','1',null,'中国 重庆 重庆 永川区',null),
('3329','394','南岸区','1',null,'中国 重庆 重庆 南岸区',null),
('3330','394','渝北区','1',null,'中国 重庆 重庆 渝北区',null),
('3331','394','万盛区','1',null,'中国 重庆 重庆 万盛区',null),
('3332','394','大渡口区','1',null,'中国 重庆 重庆 大渡口区',null),
('3333','394','万州区','1',null,'中国 重庆 重庆 万州区',null),
('3334','394','北碚区','1',null,'中国 重庆 重庆 北碚区',null),
('3335','394','沙坪坝区','1',null,'中国 重庆 重庆 沙坪坝区',null),
('3336','394','巴南区','1',null,'中国 重庆 重庆 巴南区',null),
('3337','394','涪陵区','1',null,'中国 重庆 重庆 涪陵区',null),
('3338','394','江北区','1',null,'中国 重庆 重庆 江北区',null),
('3339','394','九龙坡区','1',null,'中国 重庆 重庆 九龙坡区',null),
('3340','394','渝中区','1',null,'中国 重庆 重庆 渝中区',null),
('3341','394','黔江开发区','1',null,'中国 重庆 重庆 黔江开发区',null),
('3342','394','长寿区','1',null,'中国 重庆 重庆 长寿区',null),
('3343','394','双桥区','1',null,'中国 重庆 重庆 双桥区',null),
('3344','394','綦江县','1',null,'中国 重庆 重庆 綦江县',null),
('3345','394','潼南县','1',null,'中国 重庆 重庆 潼南县',null),
('3346','394','铜梁县','1',null,'中国 重庆 重庆 铜梁县',null),
('3347','394','大足县','1',null,'中国 重庆 重庆 大足县',null),
('3348','394','荣昌县','1',null,'中国 重庆 重庆 荣昌县',null),
('3349','394','璧山县','1',null,'中国 重庆 重庆 璧山县',null),
('3350','394','垫江县','1',null,'中国 重庆 重庆 垫江县',null),
('3351','394','武隆县','1',null,'中国 重庆 重庆 武隆县',null),
('3352','394','丰都县','1',null,'中国 重庆 重庆 丰都县',null),
('3353','394','城口县','1',null,'中国 重庆 重庆 城口县',null),
('3354','394','梁平县','1',null,'中国 重庆 重庆 梁平县',null),
('3355','394','开县','1',null,'中国 重庆 重庆 开县',null),
('3356','394','巫溪县','1',null,'中国 重庆 重庆 巫溪县',null),
('3357','394','巫山县','1',null,'中国 重庆 重庆 巫山县',null),
('3358','394','奉节县','1',null,'中国 重庆 重庆 奉节县',null),
('3359','394','云阳县','1',null,'中国 重庆 重庆 云阳县',null),
('3360','394','忠县','1',null,'中国 重庆 重庆 忠县',null),
('3361','394','石柱','1',null,'中国 重庆 重庆 石柱',null),
('3362','394','彭水','1',null,'中国 重庆 重庆 彭水',null),
('3363','394','酉阳','1',null,'中国 重庆 重庆 酉阳',null),
('3364','394','秀山','1',null,'中国 重庆 重庆 秀山',null),
('3365','395','沙田区','1',null,'中国 香港 香港 沙田区',null),
('3366','395','东区','1',null,'中国 香港 香港 东区',null),
('3367','395','观塘区','1',null,'中国 香港 香港 观塘区',null),
('3368','395','黄大仙区','1',null,'中国 香港 香港 黄大仙区',null),
('3369','395','九龙城区','1',null,'中国 香港 香港 九龙城区',null),
('3370','395','屯门区','1',null,'中国 香港 香港 屯门区',null),
('3371','395','葵青区','1',null,'中国 香港 香港 葵青区',null),
('3372','395','元朗区','1',null,'中国 香港 香港 元朗区',null),
('3373','395','深水埗区','1',null,'中国 香港 香港 深水埗区',null),
('3374','395','西贡区','1',null,'中国 香港 香港 西贡区',null),
('3375','395','大埔区','1',null,'中国 香港 香港 大埔区',null),
('3376','395','湾仔区','1',null,'中国 香港 香港 湾仔区',null),
('3377','395','油尖旺区','1',null,'中国 香港 香港 油尖旺区',null),
('3378','395','北区','1',null,'中国 香港 香港 北区',null),
('3379','395','南区','1',null,'中国 香港 香港 南区',null),
('3380','395','荃湾区','1',null,'中国 香港 香港 荃湾区',null),
('3381','395','中西区','1',null,'中国 香港 香港 中西区',null),
('3382','395','离岛区','1',null,null,null),
('3383','396','澳门','1',null,null,null),
('3384','397','台北','1',null,null,null),
('3385','397','高雄','1',null,null,null),
('3386','397','基隆','1',null,null,null),
('3387','397','台中','1',null,null,null),
('3388','397','台南','1',null,null,null),
('3389','397','新竹','1',null,null,null),
('3390','397','嘉义','1',null,null,null),
('3391','397','宜兰县','1',null,null,null),
('3392','397','桃园县','1',null,null,null),
('3393','397','苗栗县','1',null,null,null),
('3394','397','彰化县','1',null,null,null),
('3395','397','南投县','1',null,null,null),
('3396','397','云林县','1',null,null,null),
('3397','397','屏东县','1',null,null,null),
('3398','397','台东县','1',null,null,null),
('3399','397','花莲县','1',null,null,null),
('3400','397','澎湖县','1',null,null,null),
('3401','3','合肥','1',null,null,null),
('3402','3401','庐阳区','1',null,null,null),
('3403','3401','瑶海区','1',null,null,null),
('3404','3401','蜀山区','1',null,null,null),
('3405','3401','包河区','1',null,null,null),
('3406','3401','长丰县','1',null,null,null),
('3407','3401','肥东县','1',null,null,null),
('3408','3401','肥西县','1',null,null,null),
('3409','292','南坊','1',null,null,null),
('3410','0','加拿大','1',null,null,null),
('3411','0','法国','1',null,null,null),
('3415','121','三亚','1',null,null,null),
('3416','122','白沙','1',null,null,null),
('3417','123','保亭','1',null,null,null),
('3418','124','昌江','1',null,null,null),
('3419','125','澄迈县','1',null,null,null),
('3420','3410','Uccd','1','',null,null),
('3421','3420','dfdfd','1',null,null,null),
('3422','0','美国','1',null,'美国',null),
('3423','3422','华盛顿州','1',null,'美国 华盛顿州',null),
('3424','3423','华盛顿','1',null,'美国 华盛顿州 华盛顿',null),
('3425','3423','西雅图','1',null,'美国 华盛顿州 西雅图',null);
DROP TABLE IF EXISTS  `system_role`;
CREATE TABLE `system_role` (
  `id` bigint(20) NOT NULL AUTO_INCREMENT COMMENT '角色主键',
  `code` varchar(50) NOT NULL COMMENT '角色编码',
  `name` varchar(50) DEFAULT NULL COMMENT '角色名称',
  `status` varchar(10) NOT NULL COMMENT '状态：enable启用；disable:禁用',
  PRIMARY KEY (`id`)
) ENGINE=InnoDB AUTO_INCREMENT=12 DEFAULT CHARSET=utf8 ROW_FORMAT=DYNAMIC COMMENT='系统角色';

insert into `system_role`(`id`,`code`,`name`,`status`) values
('6','1','系统管理员','enable');
DROP TABLE IF EXISTS  `system_user`;
CREATE TABLE `system_user` (
  `id` bigint(20) NOT NULL AUTO_INCREMENT COMMENT '主键',
  `organization_id` bigint(20) NOT NULL DEFAULT '0' COMMENT '部门主键',
  `username` varchar(50) NOT NULL COMMENT '用户名',
  `password` varchar(64) DEFAULT NULL COMMENT '密码',
  `realname` varchar(50) DEFAULT NULL COMMENT '用户显示昵称',
  `status` varchar(10) DEFAULT NULL COMMENT '状态：enable启用；disable:禁用',
  `description` varchar(500) DEFAULT NULL COMMENT '描述',
  `create_time` datetime DEFAULT NULL COMMENT '创建时间',
  `modified_time` datetime DEFAULT NULL COMMENT '修改时间',
  `address_id` bigint(20) DEFAULT NULL,
  PRIMARY KEY (`id`),
  UNIQUE KEY `username` (`username`)
) ENGINE=InnoDB AUTO_INCREMENT=12 DEFAULT CHARSET=utf8 ROW_FORMAT=DYNAMIC COMMENT='系统用户';

insert into `system_user`(`id`,`organization_id`,`username`,`password`,`realname`,`status`,`description`,`create_time`,`modified_time`,`address_id`) values
('2','19','test20','$2a$16$evjote.MWb8clsvxb6pjT.8CATnTVEAroewB39CfLHIE9N0Glr9hG','123456','enable',null,'2016-10-20 15:13:24','2016-10-28 09:37:21',null),
('5','21','test10','$2a$16$BfzSjr5yxOE4mWhVmM40luatg.YaJsjxTjHGJTbua0rgKI25IO5RC','test','enable',null,'2016-10-22 14:11:28','2016-10-25 11:59:29',null),
('6','20','test12','222','213','enable',null,'2016-10-26 13:34:30','2016-10-27 16:14:40',null),
('7','0','213','123','123','enable',null,'2016-10-27 16:12:44','2016-10-27 16:12:44',null),
('8','18','test222','1111','3333','enable',null,'2016-10-27 16:19:04','2016-10-27 16:19:04',null),
('9','26','test','123456','测试账号','enable',null,'2016-10-28 13:03:12','2016-10-28 13:03:12',null),
('11','21','是是是','123456','admin','enable',null,'2016-11-21 14:26:49','2016-11-21 14:26:49',null);
DROP TABLE IF EXISTS  `system_user_role`;
CREATE TABLE `system_user_role` (
  `id` bigint(20) NOT NULL AUTO_INCREMENT COMMENT '主键',
  `user_id` bigint(20) NOT NULL DEFAULT '0' COMMENT '用户主键',
  `role_id` bigint(20) NOT NULL DEFAULT '0' COMMENT '角色主键',
  PRIMARY KEY (`id`)
) ENGINE=InnoDB AUTO_INCREMENT=31 DEFAULT CHARSET=utf8 ROW_FORMAT=DYNAMIC COMMENT='系统用户角色';

insert into `system_user_role`(`id`,`user_id`,`role_id`) values
('14','5','3'),
('15','5','6'),
('16','6','7'),
('18','2','6'),
('20','8','7'),
('21','8','5'),
('24','7','3'),
('27','7','5'),
('28','7','6');
DROP TABLE IF EXISTS  `trade_comment`;
CREATE TABLE `trade_comment` (
  `id` bigint(10) NOT NULL AUTO_INCREMENT COMMENT '评价ID',
  `goods_id` bigint(10) DEFAULT NULL COMMENT '商品ID',
  `user_name` varchar(100) DEFAULT NULL COMMENT '用户名',
  `content` varchar(200) DEFAULT NULL COMMENT '评论内容',
  `content_time` datetime DEFAULT NULL COMMENT '评论时间',
  `add_content` varchar(200) DEFAULT NULL COMMENT '追加评价',
  `reply` varchar(200) DEFAULT NULL COMMENT '评价回复',
  `good_img1` varchar(200) DEFAULT NULL COMMENT '商品图片1',
  `good_img2` varchar(200) DEFAULT NULL COMMENT '商品图片2',
  `good_img3` varchar(200) DEFAULT NULL COMMENT '商品图片3',
  `good_img4` varchar(200) DEFAULT NULL COMMENT '商品图片4',
  `good_img5` varchar(200) DEFAULT NULL COMMENT '商品图片5',
  PRIMARY KEY (`id`)
) ENGINE=InnoDB AUTO_INCREMENT=13 DEFAULT CHARSET=utf8 ROW_FORMAT=DYNAMIC COMMENT='评价列表';

DROP TABLE IF EXISTS  `trade_refund`;
CREATE TABLE `trade_refund` (
  `id` int(11) NOT NULL AUTO_INCREMENT COMMENT 'ID',
  `tid` int(11) DEFAULT NULL COMMENT '订单主键',
  `order_sn` varchar(200) COLLATE utf8_bin DEFAULT NULL COMMENT '订单编号',
  `order_status` varchar(20) COLLATE utf8_bin DEFAULT NULL COMMENT '退款时的订单状态',
  `total_fee` decimal(10,2) DEFAULT NULL COMMENT '订单总金额',
  `goods_id` int(11) DEFAULT NULL COMMENT '商品编号',
  `goods_price` decimal(10,2) DEFAULT NULL COMMENT '商品价格',
  `goods_num` int(11) DEFAULT NULL COMMENT '商品数量',
  `goods_status` varchar(20) COLLATE utf8_bin DEFAULT NULL COMMENT '货物状态',
  `user_id` int(11) DEFAULT NULL COMMENT '用户id',
  `user_name` varchar(200) COLLATE utf8_bin DEFAULT NULL COMMENT '用户名',
  `refund_no` varchar(100) COLLATE utf8_bin DEFAULT NULL COMMENT '退款编号',
  `refund_msg` varchar(255) COLLATE utf8_bin DEFAULT NULL COMMENT '退款账户信息',
  `refund_create_time` datetime DEFAULT NULL COMMENT '申请时间',
  `refund_complete_time` datetime DEFAULT NULL COMMENT '退款完成时间',
  `refund_status` varchar(50) COLLATE utf8_bin DEFAULT NULL COMMENT '退款状态',
  `has_goods_return` varchar(20) COLLATE utf8_bin DEFAULT NULL COMMENT '退款退货类型0-退款1-退货',
  `apply_refund_fee` decimal(10,2) DEFAULT NULL COMMENT '退款金额',
  `payment` decimal(10,2) DEFAULT NULL COMMENT '剩余金额',
  `reason` varchar(255) COLLATE utf8_bin DEFAULT NULL COMMENT '退款原因',
  `description` varchar(255) COLLATE utf8_bin DEFAULT NULL COMMENT '退款说明',
  `real_refund_fee` decimal(10,2) DEFAULT NULL COMMENT '实际退款金额',
  `refuse_reason` varchar(200) COLLATE utf8_bin DEFAULT NULL COMMENT '拒绝原因',
  `refuse_desc` varchar(200) COLLATE utf8_bin DEFAULT NULL COMMENT '拒绝备注',
  `photo1` varchar(255) COLLATE utf8_bin DEFAULT NULL COMMENT '凭证1',
  `photo2` varchar(255) COLLATE utf8_bin DEFAULT NULL COMMENT '凭证2',
  `photo3` varchar(255) COLLATE utf8_bin DEFAULT NULL COMMENT '凭证3',
  `photo4` varchar(255) COLLATE utf8_bin DEFAULT NULL COMMENT '凭证4',
  `photo5` varchar(255) COLLATE utf8_bin DEFAULT NULL COMMENT '凭证5',
  `sid` varchar(100) COLLATE utf8_bin DEFAULT NULL COMMENT '物流单号',
  `company_name` varchar(200) COLLATE utf8_bin DEFAULT NULL COMMENT '物流公司名称',
  `consignee` varchar(60) COLLATE utf8_bin DEFAULT NULL COMMENT '收货人姓名',
  `country` smallint(5) DEFAULT NULL COMMENT '国家',
  `county_name` varchar(50) COLLATE utf8_bin DEFAULT NULL COMMENT '国家名称',
  `province` smallint(5) DEFAULT NULL COMMENT '省',
  `province_name` varchar(50) COLLATE utf8_bin DEFAULT NULL COMMENT '省名称',
  `city` smallint(5) DEFAULT NULL COMMENT '市',
  `city_name` varchar(50) COLLATE utf8_bin DEFAULT NULL COMMENT '城市名称',
  `district` smallint(5) DEFAULT NULL COMMENT '区、县',
  `district_name` varchar(50) COLLATE utf8_bin DEFAULT NULL COMMENT '区县名称',
  `address` varchar(120) COLLATE utf8_bin DEFAULT NULL COMMENT '地址',
  `zipcode` varchar(60) COLLATE utf8_bin DEFAULT NULL COMMENT '邮编',
  `tel` varchar(60) COLLATE utf8_bin DEFAULT NULL COMMENT '电话',
  `mobile` varchar(60) COLLATE utf8_bin DEFAULT NULL COMMENT '手机',
  `goods_name` varchar(80) COLLATE utf8_bin DEFAULT NULL COMMENT '商品名称',
  `goods_img` varchar(180) COLLATE utf8_bin DEFAULT NULL COMMENT '商品图片',
  PRIMARY KEY (`id`),
  KEY `IDX_REFUND_TID` (`tid`)
) ENGINE=InnoDB AUTO_INCREMENT=30 DEFAULT CHARSET=utf8 COLLATE=utf8_bin COMMENT='退款表';

insert into `trade_refund`(`id`,`tid`,`order_sn`,`order_status`,`total_fee`,`goods_id`,`goods_price`,`goods_num`,`goods_status`,`user_id`,`user_name`,`refund_no`,`refund_msg`,`refund_create_time`,`refund_complete_time`,`refund_status`,`has_goods_return`,`apply_refund_fee`,`payment`,`reason`,`description`,`real_refund_fee`,`refuse_reason`,`refuse_desc`,`photo1`,`photo2`,`photo3`,`photo4`,`photo5`,`sid`,`company_name`,`consignee`,`country`,`county_name`,`province`,`province_name`,`city`,`city_name`,`district`,`district_name`,`address`,`zipcode`,`tel`,`mobile`,`goods_name`,`goods_img`) values
('13',null,'20161227111506326','WAIT_JOIN',0.01,'162',10.00,null,null,'6','中强','REFUND20161227111705913',null,'2016-12-27 11:17:05','2016-12-27 14:51:58','SUCCESSED','0',0.01,null,null,null,0.01,null,null,null,null,null,null,null,null,null,'孙中强',null,null,'22','山东','292','临沂','2408','兰山区','进来了','277100',null,'18669996211','一元团测试商品，请勿购买','http://img.yiqingo.com/goodsimg/2016/12/26/3e2820960a2a47219ff51a633c0ac826.jpg'),
('14',null,'20161227113252222','WAIT_JOIN',0.01,'162',10.00,null,null,'28','路庆保17753917031','REFUND20161227113300896',null,'2016-12-27 11:33:00','2016-12-27 14:51:49','SUCCESSED','0',0.01,null,null,null,0.01,null,null,null,null,null,null,null,null,null,'路庆保',null,null,'2','北京','52','北京','503','朝阳区','进口','276000',null,'15552979799','一元团测试商品，请勿购买','http://img.yiqingo.com/goodsimg/2016/12/26/3e2820960a2a47219ff51a633c0ac826.jpg'),
('15',null,'20161227141849488','WAIT_JOIN',0.01,'162',10.00,null,null,'14','玲儿','REFUND20161227141855131',null,'2016-12-27 14:18:55',null,'SUCCESSED','0',0.01,null,null,null,0.01,null,null,null,null,null,null,null,null,null,'胡玲',null,null,'22','山东','292','临沂','2408','兰山区','蒙山大道和北园路交汇处西北角伊亲购','276700',null,'18315738189','一元团测试商品，请勿购买','http://img.yiqingo.com/goodsimg/2016/12/26/3e2820960a2a47219ff51a633c0ac826.jpg'),
('16',null,'20161224130741302','CLOSED',1.00,'150',1.00,null,null,'46','庄 敏','REFUND20161229090001718',null,'2016-12-29 09:00:01',null,'SUCCESSED','0',1.00,null,null,null,1.00,null,null,null,null,null,null,null,null,null,null,null,null,null,null,null,null,null,null,'庄敏**15376082087*山东*临沂*兰山区*北园路与蒙山大道交汇*276000',null,null,null,'保宁 新款B&B洗衣液（1300ml）','http://img.yiqingo.com/goodsimg/2016/12/23/44a1892808e946b8b5c921456011fc3b.jpg'),
('17',null,'20161224081858984','CLOSED',1.00,'150',1.00,null,null,'36','伊亲购英子','REFUND20161229090003026',null,'2016-12-29 09:00:03',null,'SUCCESSED','0',1.00,null,null,null,1.00,null,null,null,null,null,null,null,null,null,null,null,null,null,null,null,null,null,null,'英子**17753917913*山东*临沂*兰山区*蒙山大道与北园路交汇*276000',null,null,null,'保宁 新款B&B洗衣液（1300ml）','http://img.yiqingo.com/goodsimg/2016/12/23/44a1892808e946b8b5c921456011fc3b.jpg'),
('18',null,'20161224105508905','CLOSED',1.00,'150',1.00,null,null,'37','刘巧玲','REFUND20161229090004393',null,'2016-12-29 09:00:04',null,'SUCCESSED','0',1.00,null,null,null,1.00,null,null,null,null,null,null,null,null,null,null,null,null,null,null,null,null,null,null,'刘巧玲**13375392065*山东*临沂*兰山区*伊亲购*276000',null,null,null,'保宁 新款B&B洗衣液（1300ml）','http://img.yiqingo.com/goodsimg/2016/12/23/44a1892808e946b8b5c921456011fc3b.jpg'),
('19',null,'20161224125209392','CLOSED',1.00,'154',1.00,null,null,'46','庄 敏','REFUND20161229090005271',null,'2016-12-29 09:00:05',null,'SUCCESSED','0',1.00,null,null,null,1.00,null,null,null,null,null,null,null,null,null,null,null,null,null,null,null,null,null,null,'庄敏**15376082087*山东*临沂*兰山区*北园路与蒙山大道交汇*276000',null,null,null,'俄罗斯正宗椴树蜜','http://img.yiqingo.com/goodsimg/2016/12/23/0eec1c2c92f0468dbd124b3011c2038b.jpg'),
('20',null,'20161224145847124','CLOSED',1.00,'152',1.00,null,null,'51','紫晶玫瑰','REFUND20161229090005957',null,'2016-12-29 09:00:05',null,'SUCCESSED','0',1.00,null,null,null,1.00,null,null,null,null,null,null,null,null,null,null,null,null,null,null,null,null,null,null,'李明**15165581675*山东*临沂*兰山区*临西八路美多商贸城1568-1569号*',null,null,null,'【伊亲购】德国施巴Sebamed洁肤沐浴露400ml','http://img.yiqingo.com/goodsimg/2016/12/23/0212e8f91d164ec383f6efb0f007a4c5.jpg'),
('21',null,'20161224152134294','CLOSED',1.00,'154',1.00,null,null,'51','紫晶玫瑰','REFUND20161229090007143',null,'2016-12-29 09:00:07',null,'SUCCESSED','0',1.00,null,null,null,1.00,null,null,null,null,null,null,null,null,null,null,null,null,null,null,null,null,null,null,'李明**15165581675*山东*临沂*兰山区*临西八路美多商贸城1568-1569号*',null,null,null,'【伊亲购】俄罗斯正宗椴树蜜','http://img.yiqingo.com/goodsimg/2016/12/23/0eec1c2c92f0468dbd124b3011c2038b.jpg'),
('22',null,'20161224152250890','CLOSED',1.00,'150',1.00,null,null,'51','紫晶玫瑰','REFUND20161229090007957',null,'2016-12-29 09:00:07',null,'SUCCESSED','0',1.00,null,null,null,1.00,null,null,null,null,null,null,null,null,null,null,null,null,null,null,null,null,null,null,'李明**15165581675*山东*临沂*兰山区*临西八路美多商贸城1568-1569号*',null,null,null,'【伊亲购】保宁 新款B&B洗衣液（1300ml）','http://img.yiqingo.com/goodsimg/2016/12/23/44a1892808e946b8b5c921456011fc3b.jpg'),
('23',null,'20161224152922744','CLOSED',1.00,'151',1.00,null,null,'14','玲儿','REFUND20161229090008624',null,'2016-12-29 09:00:08',null,'SUCCESSED','0',1.00,null,null,null,1.00,null,null,null,null,null,null,null,null,null,null,null,null,null,null,null,null,null,null,'胡玲**18315738189*山东*临沂*兰山区*蒙山大道和北园路交汇处西北角伊亲购*276700',null,null,null,'【伊亲购】澳大利亚Lucas Papaw天然神奇木瓜膏25g','http://img.yiqingo.com/goodsimg/2016/12/23/0fe4d0c6d58849afa417c62c97da9d81.jpg'),
('24',null,'20161228085120416','CLOSED',5.00,'162',10.00,null,null,'6','中强','REFUND20161229090009280',null,'2016-12-29 09:00:09',null,'SUCCESSED','0',5.00,null,null,null,5.00,null,null,null,null,null,null,null,null,null,'孙中强',null,null,'22','山东','292','临沂','2408','兰山区','进来了','277100',null,'18669996211','一元团测试商品，请勿购买','http://img.yiqingo.com/goodsimg/2016/12/26/3e2820960a2a47219ff51a633c0ac826.jpg'),
('25',null,'20161228102712127','CLOSED',5.00,'162',10.00,null,null,'6','中强','REFUND20161229090010474',null,'2016-12-29 09:00:10',null,'SUCCESSED','0',5.00,null,null,null,5.00,null,null,null,null,null,null,null,null,null,'孙中强',null,null,'22','山东','292','临沂','2408','兰山区','进来了','277100',null,'18669996211','一元团测试商品，请勿购买','http://img.yiqingo.com/goodsimg/2016/12/26/3e2820960a2a47219ff51a633c0ac826.jpg'),
('26',null,'20161229085148820','CLOSED',1.00,'154',1.00,null,null,'36','伊亲购英子','REFUND20161230082001275',null,'2016-12-30 08:20:01',null,'WAIT_REFUND_MONEY','0',1.00,null,null,null,1.00,null,null,null,null,null,null,null,null,null,'英子',null,null,'22','山东','292','临沂','2408','兰山区','蒙山大道与北园路交汇','276000',null,'17753917913','【伊亲购】俄罗斯正宗椴树蜜','http://img.yiqingo.com/goodsimg/2016/12/23/0eec1c2c92f0468dbd124b3011c2038b.jpg'),
('27',null,'20161228154431347','CLOSED',1.00,'154',1.00,null,null,'230','','REFUND20161230082009431',null,'2016-12-30 08:20:09',null,'SUCCESSED','0',1.00,null,null,null,1.00,null,null,null,null,null,null,null,null,null,'刘巧玲',null,null,'22','山东','292','临沂','2408','兰山区','','276000',null,'15863940843','【伊亲购】俄罗斯正宗椴树蜜','http://img.yiqingo.com/goodsimg/2016/12/23/0eec1c2c92f0468dbd124b3011c2038b.jpg'),
('28',null,'20161227174307306','CLOSED',1.00,'154',1.00,null,null,'31','Beatrice','REFUND20161230082010219',null,'2016-12-30 08:20:10',null,'SUCCESSED','0',1.00,null,null,null,1.00,null,null,null,null,null,null,null,null,null,'rice123',null,null,'4','','55','','542','','测试11111111111','',null,'18669976994','【伊亲购】俄罗斯正宗椴树蜜','http://img.yiqingo.com/goodsimg/2016/12/23/0eec1c2c92f0468dbd124b3011c2038b.jpg'),
('29',null,'20161227081402534','CLOSED',1.00,'154',1.00,null,null,'37','刘巧玲','REFUND20161230082011221',null,'2016-12-30 08:20:11',null,'SUCCESSED','0',1.00,null,null,null,1.00,null,null,null,null,null,null,null,null,null,'刘巧玲',null,null,'22','山东','292','临沂','2408','兰山区','伊亲购','276000',null,'13375392065','【伊亲购】俄罗斯正宗椴树蜜','http://img.yiqingo.com/goodsimg/2016/12/23/0eec1c2c92f0468dbd124b3011c2038b.jpg');
DROP TABLE IF EXISTS  `trade_refund_action`;
CREATE TABLE `trade_refund_action` (
  `id` int(11) NOT NULL AUTO_INCREMENT COMMENT 'ID',
  `refund_id` int(11) DEFAULT NULL COMMENT '退款ID',
  `refund_status` varchar(50) COLLATE utf8_bin DEFAULT NULL COMMENT '操作状态',
  `username` varchar(30) COLLATE utf8_bin DEFAULT NULL COMMENT '操作人',
  `create_time` datetime DEFAULT NULL COMMENT '操作时间',
  `remark` varchar(255) COLLATE utf8_bin DEFAULT NULL COMMENT '备注',
  PRIMARY KEY (`id`)
) ENGINE=InnoDB DEFAULT CHARSET=utf8 COLLATE=utf8_bin COMMENT='退款操作表';

DROP TABLE IF EXISTS  `trade_shipping`;
CREATE TABLE `trade_shipping` (
  `id` bigint(20) NOT NULL AUTO_INCREMENT COMMENT '主键',
  `shipping_name` varchar(100) DEFAULT NULL COMMENT '配送方式名称',
  `enabled` tinyint(2) DEFAULT NULL COMMENT '是否可用:1，是；2，否',
  `last_update_time` datetime DEFAULT NULL COMMENT '最后更新时间',
  `init_start` int(11) DEFAULT NULL COMMENT '首重',
  `init_fee` decimal(10,2) DEFAULT NULL COMMENT '首费',
  `add_start` int(11) DEFAULT NULL COMMENT '续重',
  `add_fee` decimal(10,2) DEFAULT NULL COMMENT '续费',
  PRIMARY KEY (`id`)
) ENGINE=InnoDB AUTO_INCREMENT=14 DEFAULT CHARSET=utf8 ROW_FORMAT=DYNAMIC COMMENT='配送方式';

insert into `trade_shipping`(`id`,`shipping_name`,`enabled`,`last_update_time`,`init_start`,`init_fee`,`add_start`,`add_fee`) values
('1','圆通速递','1','2016-11-17 16:05:31',null,null,null,null),
('2','顺丰速运','1',null,null,null,null,null),
('3','中通快递','1',null,null,null,null,null),
('4','韵达快递','1',null,null,null,null,null),
('5','邮政EMS','1',null,null,null,null,null),
('6','申通快递','1',null,null,null,null,null),
('7','百世快递','1',null,null,null,null,null),
('8','天天快递','2',null,null,null,null,null),
('9','人人快递','2',null,null,null,null,null),
('10','优速快递','2',null,null,null,null,null),
('11','闪送','2',null,null,null,null,null),
('12','蓝犀牛','2',null,null,null,null,null),
('13','菜鸟驿站','2',null,null,null,null,null);
DROP TABLE IF EXISTS  `trade_shipping_fee`;
CREATE TABLE `trade_shipping_fee` (
  `id` bigint(20) unsigned NOT NULL AUTO_INCREMENT COMMENT '主键',
  `shipping_id` bigint(20) unsigned NOT NULL COMMENT '配送方式',
  `region_area` varchar(100) NOT NULL COMMENT '地区区域',
  `init_start` int(11) DEFAULT NULL COMMENT '首重',
  `init_fee` decimal(10,2) DEFAULT NULL COMMENT '首费',
  `add_start` int(11) DEFAULT NULL COMMENT '续重',
  `add_fee` decimal(10,2) DEFAULT NULL COMMENT '续费',
  `region_id` bigint(20) DEFAULT NULL,
  PRIMARY KEY (`id`),
  KEY `shipping_id` (`shipping_id`)
) ENGINE=InnoDB AUTO_INCREMENT=3 DEFAULT CHARSET=utf8 ROW_FORMAT=DYNAMIC COMMENT='快递地区运费';

insert into `trade_shipping_fee`(`id`,`shipping_id`,`region_area`,`init_start`,`init_fee`,`add_start`,`add_fee`,`region_id`) values
('1','1','1','2',1.00,'3',18.00,null),
('2','2','2','3',6.00,'8',16.00,null);
DROP TABLE IF EXISTS  `trade_tuan`;
CREATE TABLE `trade_tuan` (
  `id` bigint(20) NOT NULL AUTO_INCREMENT COMMENT '团ID',
  `group_id` bigint(11) DEFAULT NULL COMMENT '商品ID',
  `commander_id` bigint(11) DEFAULT NULL COMMENT '团长ID',
  `tuan_code` varchar(100) DEFAULT NULL COMMENT '团编码',
  `people_num` int(10) DEFAULT NULL COMMENT '成团人数',
  `join_num` int(10) DEFAULT NULL COMMENT '已经加入的人数',
  `tuan_start_date` datetime DEFAULT NULL COMMENT '团开始时间',
  `tuan_end_date` datetime DEFAULT NULL COMMENT '团结束时间',
  `order_sort` tinyint(2) DEFAULT NULL COMMENT '订单分类：1，一元购；2，拼团',
  `goods_img` varchar(100) DEFAULT NULL COMMENT '商品图片',
  `goods_name` varchar(200) DEFAULT NULL COMMENT '商品名称',
  `goods_code` varchar(100) DEFAULT NULL COMMENT '商品编码',
  `goods_price` decimal(60,2) DEFAULT NULL COMMENT '商品金额',
  `order_code` varchar(100) DEFAULT NULL COMMENT '订单编码',
  `user_name` varchar(80) DEFAULT NULL COMMENT '用户名',
  `tuan_status` varchar(20) DEFAULT NULL COMMENT '团状态：0，全部订单；1，待成团；2，已成团；3，拼团失败',
  PRIMARY KEY (`id`)
) ENGINE=InnoDB AUTO_INCREMENT=137 DEFAULT CHARSET=utf8 ROW_FORMAT=DYNAMIC COMMENT='团订单';

insert into `trade_tuan`(`id`,`group_id`,`commander_id`,`tuan_code`,`people_num`,`join_num`,`tuan_start_date`,`tuan_end_date`,`order_sort`,`goods_img`,`goods_name`,`goods_code`,`goods_price`,`order_code`,`user_name`,`tuan_status`) values
('1','20','27','20161217105726159','2','0','2016-12-17 10:57:26','2016-12-18 10:57:26','0','http://img.yiqingo.com/goodsimg/2016/12/16/a665a2534eb94f938cd97d669b48e570.jpg','上架商品测试',null,0.01,null,null,null),
('2','20','24','20161217105727060','2','2','2016-12-17 10:57:27','2016-12-18 10:57:27','0','http://img.yiqingo.com/goodsimg/2016/12/16/a665a2534eb94f938cd97d669b48e570.jpg','上架商品测试',null,0.01,null,null,'SUCCESSED'),
('3','20','27','20161217105737073','2','0','2016-12-17 10:57:37','2016-12-18 10:57:37','0','http://img.yiqingo.com/goodsimg/2016/12/16/a665a2534eb94f938cd97d669b48e570.jpg','上架商品测试',null,0.01,null,null,null),
('4','20','27','20161217105740887','2','0','2016-12-17 10:57:40','2016-12-18 10:57:40','0','http://img.yiqingo.com/goodsimg/2016/12/16/a665a2534eb94f938cd97d669b48e570.jpg','上架商品测试',null,0.01,null,null,null),
('5','20','14','20161217111851747','2','-2','2016-12-17 11:18:51','2016-12-18 11:18:51','0','http://img.yiqingo.com/goodsimg/2016/12/16/a665a2534eb94f938cd97d669b48e570.jpg','上架商品测试',null,0.01,null,null,null),
('6','20','14','20161217111955746','2','1','2016-12-17 11:19:55','2016-12-18 11:19:55','0','http://img.yiqingo.com/goodsimg/2016/12/16/a665a2534eb94f938cd97d669b48e570.jpg','上架商品测试',null,0.01,null,null,'FAIL'),
('7','20','27','20161217112621781','2','0','2016-12-17 11:26:21','2016-12-18 11:26:21','0','http://img.yiqingo.com/goodsimg/2016/12/16/a665a2534eb94f938cd97d669b48e570.jpg','上架商品测试',null,0.01,null,null,null),
('8','20','14','20161217112622005','2','-2','2016-12-17 11:26:22','2016-12-18 11:26:22','0','http://img.yiqingo.com/goodsimg/2016/12/16/a665a2534eb94f938cd97d669b48e570.jpg','上架商品测试',null,0.01,null,null,null),
('9','20','27','20161217112723351','2','2','2016-12-17 11:27:23','2016-12-18 11:27:23','0','http://img.yiqingo.com/goodsimg/2016/12/16/a665a2534eb94f938cd97d669b48e570.jpg','上架商品测试',null,0.01,null,null,'SUCCESSED'),
('10','20','14','20161217113456714','2','-2','2016-12-17 11:34:56','2016-12-18 11:34:56','0','http://img.yiqingo.com/goodsimg/2016/12/16/a665a2534eb94f938cd97d669b48e570.jpg','上架商品测试',null,0.01,null,null,null),
('11','22','6','20161217135727860','5','0','2016-12-17 13:57:27','2016-12-20 13:57:27','1','http://img.yiqingo.com/goodsimg/2016/12/10/576a7c57638f42d095af7a554e6e00b7.jpg','澳洲佰澳朗德BIO ISLAND婴幼儿牛乳钙（90粒）',null,0.01,null,null,null),
('12','20','24','20161217160844295','2','1','2016-12-17 16:08:44','2016-12-18 16:08:44','0','http://img.yiqingo.com/goodsimg/2016/12/16/a665a2534eb94f938cd97d669b48e570.jpg','上架商品测试',null,0.01,null,null,'FAIL'),
('13','20','27','20161217164121080','2','0','2016-12-17 16:41:21','2016-12-18 16:41:21','0','http://img.yiqingo.com/goodsimg/2016/12/16/a665a2534eb94f938cd97d669b48e570.jpg','上架商品测试',null,0.01,null,null,null),
('14','20','27','20161217164126348','2','0','2016-12-17 16:41:26','2016-12-18 16:41:26','0','http://img.yiqingo.com/goodsimg/2016/12/16/a665a2534eb94f938cd97d669b48e570.jpg','上架商品测试',null,0.01,null,null,null),
('15','20','27','20161217170334558','2','0','2016-12-17 17:03:34','2016-12-18 17:03:34','0','http://img.yiqingo.com/goodsimg/2016/12/16/a665a2534eb94f938cd97d669b48e570.jpg','上架商品测试',null,0.01,null,null,null),
('16','20','27','20161217170343123','2','0','2016-12-17 17:03:43','2016-12-18 17:03:43','0','http://img.yiqingo.com/goodsimg/2016/12/16/a665a2534eb94f938cd97d669b48e570.jpg','上架商品测试',null,0.01,null,null,null),
('17','20','14','20161219084523713','2','-2','2016-12-19 08:45:23','2016-12-20 08:45:23','0','http://img.yiqingo.com/goodsimg/2016/12/16/a665a2534eb94f938cd97d669b48e570.jpg','上架商品测试',null,0.01,null,null,null),
('18','20','24','20161219084820036','2','0','2016-12-19 08:48:20','2016-12-20 08:48:20','0','http://img.yiqingo.com/goodsimg/2016/12/16/a665a2534eb94f938cd97d669b48e570.jpg','上架商品测试',null,0.01,null,null,null),
('19','20','14','20161219085403114','2','4','2016-12-19 08:54:03','2016-12-20 08:54:03','0','http://img.yiqingo.com/goodsimg/2016/12/16/a665a2534eb94f938cd97d669b48e570.jpg','上架商品测试',null,0.01,null,null,'SUCCESSED'),
('20','20','24','20161219090503005','2','0','2016-12-19 09:05:03','2016-12-20 09:05:03','0','http://img.yiqingo.com/goodsimg/2016/12/16/a665a2534eb94f938cd97d669b48e570.jpg','上架商品测试',null,0.01,null,null,null),
('21','21','14','20161219101448496','2','0','2016-12-19 10:14:48','2016-12-26 10:14:48','1','http://img.yiqingo.com/goodsimg/2016/12/10/576a7c57638f42d095af7a554e6e00b7.jpg','澳洲佰澳朗德BIO ISLAND婴幼儿牛乳钙（90粒）',null,0.01,null,null,null),
('22','20','27','20161219101640469','2','-2','2016-12-19 10:16:40','2016-12-20 10:16:40','0','http://img.yiqingo.com/goodsimg/2016/12/16/a665a2534eb94f938cd97d669b48e570.jpg','上架商品测试',null,0.01,null,null,null),
('23','20','24','20161219102521093','2','0','2016-12-19 10:25:21','2016-12-20 10:25:21','0','http://img.yiqingo.com/goodsimg/2016/12/16/a665a2534eb94f938cd97d669b48e570.jpg','上架商品测试',null,0.01,null,null,null),
('24','21','14','20161219102633881','2','2','2016-12-19 10:26:33','2016-12-26 10:26:33','1','http://img.yiqingo.com/goodsimg/2016/12/10/576a7c57638f42d095af7a554e6e00b7.jpg','澳洲佰澳朗德BIO ISLAND婴幼儿牛乳钙（90粒）',null,0.01,null,null,'SUCCESSED'),
('25','20','6','20161219120027748','2','2','2016-12-19 12:00:27','2016-12-20 12:00:27','0','http://img.yiqingo.com/goodsimg/2016/12/16/a665a2534eb94f938cd97d669b48e570.jpg','上架商品测试',null,0.01,null,null,'SUCCESSED'),
('26','20','7','20161219120316308','2','0','2016-12-19 12:03:16','2016-12-20 12:03:16','0','http://img.yiqingo.com/goodsimg/2016/12/16/a665a2534eb94f938cd97d669b48e570.jpg','上架商品测试',null,0.01,null,null,null),
('27','22','6','20161219123604749','5','5','2016-12-19 12:36:04','2016-12-22 12:36:04','1','http://img.yiqingo.com/goodsimg/2016/12/10/576a7c57638f42d095af7a554e6e00b7.jpg','澳洲佰澳朗德BIO ISLAND婴幼儿牛乳钙（90粒）',null,0.01,null,null,'SUCCESSED'),
('28','26','6','20161219125155567','2','2','2016-12-19 12:51:55','2016-12-20 12:51:55','1','http://img.yiqingo.com/goodsimg/2016/12/10/576a7c57638f42d095af7a554e6e00b7.jpg','澳洲佰澳朗德BIO ISLAND婴幼儿牛乳钙（90粒）',null,0.01,null,null,'SUCCESSED'),
('29','20','7','20161219145154837','2','2','2016-12-19 14:51:54','2016-12-20 14:51:54','0','http://img.yiqingo.com/goodsimg/2016/12/16/a665a2534eb94f938cd97d669b48e570.jpg','上架商品测试',null,0.01,null,null,'SUCCESSED'),
('30','20','14','20161219155632437','2','2','2016-12-19 15:56:32','2016-12-20 15:56:32','0','http://img.yiqingo.com/goodsimg/2016/12/16/a665a2534eb94f938cd97d669b48e570.jpg','上架商品测试',null,0.01,null,null,'SUCCESSED'),
('31','22','12','20161219155706433','5','0','2016-12-19 15:57:06','2016-12-22 15:57:06','1','http://img.yiqingo.com/goodsimg/2016/12/10/576a7c57638f42d095af7a554e6e00b7.jpg','澳洲佰澳朗德BIO ISLAND婴幼儿牛乳钙（90粒）',null,0.01,null,null,null),
('32','20','6','20161219160733436','2','1','2016-12-19 16:07:33','2016-12-20 16:07:33','0','http://img.yiqingo.com/goodsimg/2016/12/16/a665a2534eb94f938cd97d669b48e570.jpg','上架商品测试',null,0.01,null,null,'FAIL'),
('33','20','14','20161219160914863','2','2','2016-12-19 16:09:14','2016-12-20 16:09:14','0','http://img.yiqingo.com/goodsimg/2016/12/16/a665a2534eb94f938cd97d669b48e570.jpg','上架商品测试',null,0.01,null,null,'SUCCESSED'),
('34','22','6','20161220153805360','5','0','2016-12-20 15:38:05','2016-12-23 15:38:05','1','http://img.yiqingo.com/goodsimg/2016/12/10/576a7c57638f42d095af7a554e6e00b7.jpg','澳洲佰澳朗德BIO ISLAND婴幼儿牛乳钙（90粒）',null,0.01,null,null,null),
('35','22','31','20161221133534173','5','1','2016-12-21 13:35:34','2016-12-24 13:35:34','1','http://img.yiqingo.com/goodsimg/2016/12/10/576a7c57638f42d095af7a554e6e00b7.jpg','澳洲佰澳朗德BIO ISLAND婴幼儿牛乳钙（90粒）',null,0.01,null,null,'FAIL'),
('36','26','24','20161221133606545','2','2','2016-12-21 13:36:06','2016-12-22 13:36:06','1','http://img.yiqingo.com/goodsimg/2016/12/10/576a7c57638f42d095af7a554e6e00b7.jpg','澳洲佰澳朗德BIO ISLAND婴幼儿牛乳钙（90粒）',null,0.01,null,null,'SUCCESSED'),
('37','20','30','20161221133732752','2','2','2016-12-21 13:37:32','2016-12-22 13:37:32','0','http://img.yiqingo.com/goodsimg/2016/12/16/a665a2534eb94f938cd97d669b48e570.jpg','上架商品测试',null,0.01,null,null,'SUCCESSED'),
('38','22','5','20161222083042319','5','-1','2016-12-22 08:30:42','2016-12-25 08:30:42','1','http://img.yiqingo.com/goodsimg/2016/12/10/576a7c57638f42d095af7a554e6e00b7.jpg','澳洲佰澳朗德BIO ISLAND婴幼儿牛乳钙（90粒）',null,0.01,null,null,null),
('39','22','31','20161222092208374','5','1','2016-12-22 09:22:08','2016-12-25 09:22:08','1','http://img.yiqingo.com/goodsimg/2016/12/10/576a7c57638f42d095af7a554e6e00b7.jpg','澳洲佰澳朗德BIO ISLAND婴幼儿牛乳钙（90粒）',null,0.01,null,null,'FAIL'),
('40','22','31','20161222104347232','5','1','2016-12-22 10:43:47','2016-12-25 10:43:47','1','http://img.yiqingo.com/goodsimg/2016/12/10/576a7c57638f42d095af7a554e6e00b7.jpg','澳洲佰澳朗德BIO ISLAND婴幼儿牛乳钙（90粒）',null,0.01,null,null,'FAIL'),
('41','22','31','20161222113654720','5','1','2016-12-22 11:36:54','2016-12-25 11:36:54','1','http://img.yiqingo.com/goodsimg/2016/12/10/576a7c57638f42d095af7a554e6e00b7.jpg','澳洲佰澳朗德BIO ISLAND婴幼儿牛乳钙（90粒）',null,0.01,null,null,'FAIL'),
('42','22','31','20161222113907585','5','1','2016-12-22 11:39:07','2016-12-25 11:39:07','1','http://img.yiqingo.com/goodsimg/2016/12/10/576a7c57638f42d095af7a554e6e00b7.jpg','澳洲佰澳朗德BIO ISLAND婴幼儿牛乳钙（90粒）',null,0.01,null,null,'FAIL'),
('43','22','6','20161222141601207','5','1','2016-12-22 14:16:01','2016-12-25 14:16:01','1','http://img.yiqingo.com/goodsimg/2016/12/10/576a7c57638f42d095af7a554e6e00b7.jpg','澳洲佰澳朗德BIO ISLAND婴幼儿牛乳钙（90粒）',null,0.01,null,null,'FAIL'),
('44','22','6','20161222143744987','5','0','2016-12-22 14:37:44','2016-12-25 14:37:44','1','http://img.yiqingo.com/goodsimg/2016/12/10/576a7c57638f42d095af7a554e6e00b7.jpg','澳洲佰澳朗德BIO ISLAND婴幼儿牛乳钙（90粒）',null,0.01,null,null,null),
('45','22','6','20161222144219031','5','1','2016-12-22 14:42:19','2016-12-25 14:42:19','1','http://img.yiqingo.com/goodsimg/2016/12/10/576a7c57638f42d095af7a554e6e00b7.jpg','澳洲佰澳朗德BIO ISLAND婴幼儿牛乳钙（90粒）',null,0.01,null,null,'FAIL'),
('46','22','6','20161222150756411','5','0','2016-12-22 15:07:56','2016-12-25 15:07:56','1','http://img.yiqingo.com/goodsimg/2016/12/10/576a7c57638f42d095af7a554e6e00b7.jpg','澳洲佰澳朗德BIO ISLAND婴幼儿牛乳钙（90粒）',null,0.01,null,null,null),
('47','22','6','20161222151543501','5','0','2016-12-22 15:15:43','2016-12-25 15:15:43','1','http://img.yiqingo.com/goodsimg/2016/12/10/576a7c57638f42d095af7a554e6e00b7.jpg','澳洲佰澳朗德BIO ISLAND婴幼儿牛乳钙（90粒）',null,0.01,null,null,null),
('48','22','14','20161222154806070','5','0','2016-12-22 15:48:06','2016-12-25 15:48:06','1','http://img.yiqingo.com/goodsimg/2016/12/10/576a7c57638f42d095af7a554e6e00b7.jpg','澳洲佰澳朗德BIO ISLAND婴幼儿牛乳钙（90粒）',null,0.01,null,null,null),
('49','22','14','20161222155448292','5','1','2016-12-22 15:54:48','2016-12-25 15:54:48','1','http://img.yiqingo.com/goodsimg/2016/12/10/576a7c57638f42d095af7a554e6e00b7.jpg','澳洲佰澳朗德BIO ISLAND婴幼儿牛乳钙（90粒）',null,0.01,null,null,'FAIL'),
('50','22','6','20161222155453965','5','1','2016-12-22 15:54:53','2016-12-25 15:54:53','1','http://img.yiqingo.com/goodsimg/2016/12/10/576a7c57638f42d095af7a554e6e00b7.jpg','澳洲佰澳朗德BIO ISLAND婴幼儿牛乳钙（90粒）',null,0.01,null,null,'FAIL'),
('51','29','27','20161223171516976','2','0','2016-12-23 17:15:16','2016-12-26 17:15:16','0','http://img.yiqingo.com/goodsimg/2016/12/23/0eec1c2c92f0468dbd124b3011c2038b.jpg','俄罗斯正宗椴树蜜',null,0.01,null,null,null),
('52','29','27','20161223171537004','2','2','2016-12-23 17:15:37','2016-12-26 17:15:37','0','http://img.yiqingo.com/goodsimg/2016/12/23/0eec1c2c92f0468dbd124b3011c2038b.jpg','俄罗斯正宗椴树蜜',null,0.01,null,null,'SUCCESSED'),
('53','29','36','20161224081204627','30','-1','2016-12-24 08:12:04','2016-12-27 08:12:04','0','http://img.yiqingo.com/goodsimg/2016/12/23/0eec1c2c92f0468dbd124b3011c2038b.jpg','俄罗斯正宗椴树蜜',null,1.00,null,null,null),
('54','33','36','20161224081610345','28','-1','2016-12-24 08:16:10','2016-12-27 08:16:10','0','http://img.yiqingo.com/goodsimg/2016/12/23/44a1892808e946b8b5c921456011fc3b.jpg','保宁 新款B&B洗衣液（1300ml）',null,1.00,null,null,null),
('55','33','36','20161224081731711','28','-1','2016-12-24 08:17:31','2016-12-27 08:17:31','0','http://img.yiqingo.com/goodsimg/2016/12/23/44a1892808e946b8b5c921456011fc3b.jpg','保宁 新款B&B洗衣液（1300ml）',null,1.00,null,null,null),
('56','33','36','20161224081858976','28','2','2016-12-24 08:18:58','2016-12-27 08:18:58','0','http://img.yiqingo.com/goodsimg/2016/12/23/44a1892808e946b8b5c921456011fc3b.jpg','保宁 新款B&B洗衣液（1300ml）',null,1.00,null,null,'FAIL'),
('57','31','14','20161224093940291','50','-1','2016-12-24 09:39:40','2016-12-27 09:39:40','0','http://img.yiqingo.com/goodsimg/2016/12/23/0212e8f91d164ec383f6efb0f007a4c5.jpg','德国施巴Sebamed洁肤沐浴露400ml',null,1.00,null,null,null),
('58','33','37','20161224105508890','28','1','2016-12-24 10:55:08','2016-12-27 10:55:08','0','http://img.yiqingo.com/goodsimg/2016/12/23/44a1892808e946b8b5c921456011fc3b.jpg','保宁 新款B&B洗衣液（1300ml）',null,1.00,null,null,'FAIL'),
('59','29','46','20161224125209378','30','1','2016-12-24 12:52:09','2016-12-27 12:52:09','0','http://img.yiqingo.com/goodsimg/2016/12/23/0eec1c2c92f0468dbd124b3011c2038b.jpg','俄罗斯正宗椴树蜜',null,1.00,null,null,'FAIL'),
('60','31','51','20161224145847113','50','1','2016-12-24 14:58:47','2016-12-27 14:58:47','0','http://img.yiqingo.com/goodsimg/2016/12/23/0212e8f91d164ec383f6efb0f007a4c5.jpg','【伊亲购】德国施巴Sebamed洁肤沐浴露400ml',null,1.00,null,null,'FAIL'),
('61','29','51','20161224152134287','30','1','2016-12-24 15:21:34','2016-12-27 15:21:34','0','http://img.yiqingo.com/goodsimg/2016/12/23/0eec1c2c92f0468dbd124b3011c2038b.jpg','【伊亲购】俄罗斯正宗椴树蜜',null,1.00,null,null,'FAIL'),
('62','33','51','20161224152250883','28','1','2016-12-24 15:22:50','2016-12-27 15:22:50','0','http://img.yiqingo.com/goodsimg/2016/12/23/44a1892808e946b8b5c921456011fc3b.jpg','【伊亲购】保宁 新款B&B洗衣液（1300ml）',null,1.00,null,null,'FAIL'),
('63','32','14','20161224152922738','30','1','2016-12-24 15:29:22','2016-12-27 15:29:22','0','http://img.yiqingo.com/goodsimg/2016/12/23/0fe4d0c6d58849afa417c62c97da9d81.jpg','【伊亲购】澳大利亚Lucas Papaw天然神奇木瓜膏25g',null,1.00,null,null,'FAIL'),
('64','42','27','20161224173120542','3','0','2016-12-24 17:31:20','2016-12-25 17:31:20','1','http://img.yiqingo.com/goodsimg/2016/12/24/7da619db2d934240ba1c0017c9c5a59a.jpg','【伊亲购】免税澳洲金装爱他美奶粉2段900g铁罐装（适用6-12个月宝宝）900g*2',null,499.00,null,null,null),
('65','33','6','20161226133415888','28','-1','2016-12-26 13:34:15','2016-12-29 13:34:15','0','http://img.yiqingo.com/goodsimg/2016/12/23/44a1892808e946b8b5c921456011fc3b.jpg','【伊亲购】保宁 新款B&B洗衣液（1300ml）',null,1.00,null,null,null),
('66','42','6','20161226133732500','3','-1','2016-12-26 13:37:32','2016-12-27 13:37:32','1','http://img.yiqingo.com/goodsimg/2016/12/24/7da619db2d934240ba1c0017c9c5a59a.jpg','【伊亲购】免税澳洲金装爱他美奶粉2段900g铁罐装（适用6-12个月宝宝）900g*2',null,499.00,null,null,null),
('67','50','6','20161226134646065','2','6','2016-12-26 13:46:46','2016-12-27 13:46:46','0','http://img.yiqingo.com/goodsimg/2016/12/26/3e2820960a2a47219ff51a633c0ac826.jpg','一元团测试商品，请勿购买',null,0.01,null,null,'SUCCESSED'),
('68','50','6','20161226140144940','2','2','2016-12-26 14:01:44','2016-12-27 14:01:44','0','http://img.yiqingo.com/goodsimg/2016/12/26/3e2820960a2a47219ff51a633c0ac826.jpg','一元团测试商品，请勿购买',null,0.01,null,null,'SUCCESSED'),
('69','50','6','20161226224416301','2','0','2016-12-26 22:44:16','2016-12-27 22:44:16','0','http://img.yiqingo.com/goodsimg/2016/12/26/3e2820960a2a47219ff51a633c0ac826.jpg','一元团测试商品，请勿购买',null,0.01,null,null,null),
('70','33','142','20161227075646417','28','0','2016-12-27 07:56:46','2016-12-30 07:56:46','0','http://img.yiqingo.com/goodsimg/2016/12/23/44a1892808e946b8b5c921456011fc3b.jpg','【伊亲购】保宁 新款B&B洗衣液（1300ml）',null,1.00,null,null,null),
('71','29','37','20161227081402527','30','2','2016-12-27 08:14:02','2016-12-30 08:14:02','0','http://img.yiqingo.com/goodsimg/2016/12/23/0eec1c2c92f0468dbd124b3011c2038b.jpg','【伊亲购】俄罗斯正宗椴树蜜',null,1.00,null,null,'FAIL'),
('72','29','192','20161227081559828','30','1','2016-12-27 08:15:59','2016-12-30 08:15:59','0','http://img.yiqingo.com/goodsimg/2016/12/23/0eec1c2c92f0468dbd124b3011c2038b.jpg','【伊亲购】俄罗斯正宗椴树蜜',null,1.00,null,null,'WAIT_JOIN'),
('73','50','6','20161227111506326','2','2','2016-12-27 11:15:06','2016-12-28 11:15:06','0','http://img.yiqingo.com/goodsimg/2016/12/26/3e2820960a2a47219ff51a633c0ac826.jpg','一元团测试商品，请勿购买',null,0.01,null,null,'SUCCESSED'),
('74','50','6','20161227112603297','2','2','2016-12-27 11:26:03','2016-12-28 11:26:03','0','http://img.yiqingo.com/goodsimg/2016/12/26/3e2820960a2a47219ff51a633c0ac826.jpg','一元团测试商品，请勿购买',null,0.01,null,null,'SUCCESSED'),
('75','50','6','20161227141752620','2','2','2016-12-27 14:17:52','2016-12-28 14:17:52','0','http://img.yiqingo.com/goodsimg/2016/12/26/3e2820960a2a47219ff51a633c0ac826.jpg','一元团测试商品，请勿购买',null,0.01,null,null,'SUCCESSED'),
('76','32','46','20161227150518461','30','5','2016-12-27 15:05:18','2016-12-30 15:05:18','0','http://img.yiqingo.com/goodsimg/2016/12/23/0fe4d0c6d58849afa417c62c97da9d81.jpg','【伊亲购】澳大利亚Lucas Papaw天然神奇木瓜膏25g',null,1.00,null,null,'WAIT_JOIN'),
('77','33','37','20161227151258579','28','1','2016-12-27 15:12:58','2016-12-30 15:12:58','0','http://img.yiqingo.com/goodsimg/2016/12/23/44a1892808e946b8b5c921456011fc3b.jpg','【伊亲购】保宁 新款B&B洗衣液（1300ml）',null,1.00,null,null,'WAIT_JOIN'),
('78','33','230','20161227151524883','28','3','2016-12-27 15:15:24','2016-12-30 15:15:24','0','http://img.yiqingo.com/goodsimg/2016/12/23/44a1892808e946b8b5c921456011fc3b.jpg','【伊亲购】保宁 新款B&B洗衣液（1300ml）',null,1.00,null,null,'WAIT_JOIN'),
('79','32','233','20161227152835257','30','1','2016-12-27 15:28:35','2016-12-30 15:28:35','0','http://img.yiqingo.com/goodsimg/2016/12/23/0fe4d0c6d58849afa417c62c97da9d81.jpg','【伊亲购】澳大利亚Lucas Papaw天然神奇木瓜膏25g',null,1.00,null,null,'WAIT_JOIN'),
('80','32','5','20161227161303004','30','1','2016-12-27 16:13:03','2016-12-31 16:13:03','0','http://img.yiqingo.com/goodsimg/2016/12/23/0fe4d0c6d58849afa417c62c97da9d81.jpg','【伊亲购】澳大利亚Lucas Papaw天然神奇木瓜膏25g',null,1.00,null,null,'WAIT_JOIN'),
('81','32','240','20161227161608214','30','1','2016-12-27 16:16:08','2016-12-31 16:16:08','0','http://img.yiqingo.com/goodsimg/2016/12/23/0fe4d0c6d58849afa417c62c97da9d81.jpg','【伊亲购】澳大利亚Lucas Papaw天然神奇木瓜膏25g',null,1.00,null,null,'WAIT_JOIN'),
('82','32','246','20161227165355324','30','1','2016-12-27 16:53:55','2016-12-31 16:53:55','0','http://img.yiqingo.com/goodsimg/2016/12/23/0fe4d0c6d58849afa417c62c97da9d81.jpg','【伊亲购】澳大利亚Lucas Papaw天然神奇木瓜膏25g',null,1.00,null,null,'WAIT_JOIN'),
('83','32','251','20161227173356505','30','1','2016-12-27 17:33:56','2016-12-31 17:33:56','0','http://img.yiqingo.com/goodsimg/2016/12/23/0fe4d0c6d58849afa417c62c97da9d81.jpg','【伊亲购】澳大利亚Lucas Papaw天然神奇木瓜膏25g',null,1.00,null,null,'WAIT_JOIN'),
('84','32','260','20161227194441468','30','3','2016-12-27 19:44:41','2016-12-31 19:44:41','0','http://img.yiqingo.com/goodsimg/2016/12/23/0fe4d0c6d58849afa417c62c97da9d81.jpg','【伊亲购】澳大利亚Lucas Papaw天然神奇木瓜膏25g',null,1.00,null,null,'WAIT_JOIN'),
('85','29','261','20161227195140978','30','1','2016-12-27 19:51:40','2016-12-31 19:51:40','0','http://img.yiqingo.com/goodsimg/2016/12/23/0eec1c2c92f0468dbd124b3011c2038b.jpg','【伊亲购】俄罗斯正宗椴树蜜',null,1.00,null,null,'WAIT_JOIN'),
('86','56','6','20161228085120410','2','1','2016-12-28 08:51:20','2016-12-28 10:51:20','0','http://img.yiqingo.com/goodsimg/2016/12/26/3e2820960a2a47219ff51a633c0ac826.jpg','一元团测试商品，请勿购买',null,5.00,null,null,'FAIL'),
('87','56','6','20161228102712121','2','1','2016-12-28 10:27:12','2016-12-28 10:31:12','0','http://img.yiqingo.com/goodsimg/2016/12/26/3e2820960a2a47219ff51a633c0ac826.jpg','一元团测试商品，请勿购买',null,5.00,null,null,'FAIL'),
('88','33','306','20161228171419808','28','0','2016-12-28 17:14:19','2017-01-01 17:14:19','0','http://img.yiqingo.com/goodsimg/2016/12/23/44a1892808e946b8b5c921456011fc3b.jpg','【伊亲购】保宁 新款B&B洗衣液（1300ml）',null,1.00,null,null,null),
('89','33','308','20161228171933503','28','1','2016-12-28 17:19:33','2017-01-01 17:19:33','0','http://img.yiqingo.com/goodsimg/2016/12/23/44a1892808e946b8b5c921456011fc3b.jpg','【伊亲购】保宁 新款B&B洗衣液（1300ml）',null,1.00,null,null,'WAIT_JOIN'),
('90','29','310','20161228172506335','30','1','2016-12-28 17:25:06','2017-01-01 17:25:06','0','http://img.yiqingo.com/goodsimg/2016/12/23/0eec1c2c92f0468dbd124b3011c2038b.jpg','【伊亲购】俄罗斯正宗椴树蜜',null,1.00,null,null,'WAIT_JOIN'),
('91','33','316','20161228172545093','28','1','2016-12-28 17:25:45','2017-01-01 17:25:45','0','http://img.yiqingo.com/goodsimg/2016/12/23/44a1892808e946b8b5c921456011fc3b.jpg','【伊亲购】保宁 新款B&B洗衣液（1300ml）',null,1.00,null,null,'WAIT_JOIN'),
('92','33','322','20161228172958481','28','1','2016-12-28 17:29:58','2017-01-01 17:29:58','0','http://img.yiqingo.com/goodsimg/2016/12/23/44a1892808e946b8b5c921456011fc3b.jpg','【伊亲购】保宁 新款B&B洗衣液（1300ml）',null,1.00,null,null,'WAIT_JOIN'),
('93','33','311','20161228173006772','28','1','2016-12-28 17:30:06','2017-01-01 17:30:06','0','http://img.yiqingo.com/goodsimg/2016/12/23/44a1892808e946b8b5c921456011fc3b.jpg','【伊亲购】保宁 新款B&B洗衣液（1300ml）',null,1.00,null,null,'WAIT_JOIN'),
('94','33','323','20161228173056773','28','1','2016-12-28 17:30:56','2017-01-01 17:30:56','0','http://img.yiqingo.com/goodsimg/2016/12/23/44a1892808e946b8b5c921456011fc3b.jpg','【伊亲购】保宁 新款B&B洗衣液（1300ml）',null,1.00,null,null,'WAIT_JOIN'),
('95','32','157','20161228174118797','30','1','2016-12-28 17:41:18','2017-01-01 17:41:18','0','http://img.yiqingo.com/goodsimg/2016/12/23/0fe4d0c6d58849afa417c62c97da9d81.jpg','【伊亲购】澳大利亚Lucas Papaw天然神奇木瓜膏25g',null,1.00,null,null,'WAIT_JOIN'),
('96','32','337','20161228174745249','30','2','2016-12-28 17:47:45','2017-01-01 17:47:45','0','http://img.yiqingo.com/goodsimg/2016/12/23/0fe4d0c6d58849afa417c62c97da9d81.jpg','【伊亲购】澳大利亚Lucas Papaw天然神奇木瓜膏25g',null,1.00,null,null,'WAIT_JOIN'),
('97','29','344','20161228175428903','30','1','2016-12-28 17:54:28','2017-01-01 17:54:28','0','http://img.yiqingo.com/goodsimg/2016/12/23/0eec1c2c92f0468dbd124b3011c2038b.jpg','【伊亲购】俄罗斯正宗椴树蜜',null,1.00,null,null,'WAIT_JOIN'),
('98','29','349','20161228181136983','30','1','2016-12-28 18:11:36','2017-01-01 18:11:36','0','http://img.yiqingo.com/goodsimg/2016/12/23/0eec1c2c92f0468dbd124b3011c2038b.jpg','【伊亲购】俄罗斯正宗椴树蜜',null,1.00,null,null,'WAIT_JOIN'),
('99','29','353','20161228183901057','30','1','2016-12-28 18:39:01','2017-01-01 18:39:01','0','http://img.yiqingo.com/goodsimg/2016/12/23/0eec1c2c92f0468dbd124b3011c2038b.jpg','【伊亲购】俄罗斯正宗椴树蜜',null,1.00,null,null,'WAIT_JOIN'),
('100','32','359','20161228190945493','30','1','2016-12-28 19:09:45','2017-01-01 19:09:45','0','http://img.yiqingo.com/goodsimg/2016/12/23/0fe4d0c6d58849afa417c62c97da9d81.jpg','【伊亲购】澳大利亚Lucas Papaw天然神奇木瓜膏25g',null,1.00,null,null,'WAIT_JOIN'),
('101','32','370','20161228200022807','30','2','2016-12-28 20:00:22','2017-01-01 20:00:22','0','http://img.yiqingo.com/goodsimg/2016/12/23/0fe4d0c6d58849afa417c62c97da9d81.jpg','【伊亲购】澳大利亚Lucas Papaw天然神奇木瓜膏25g',null,1.00,null,null,'WAIT_JOIN'),
('102','32','373','20161228201711992','30','1','2016-12-28 20:17:11','2017-01-01 20:17:11','0','http://img.yiqingo.com/goodsimg/2016/12/23/0fe4d0c6d58849afa417c62c97da9d81.jpg','【伊亲购】澳大利亚Lucas Papaw天然神奇木瓜膏25g',null,1.00,null,null,'WAIT_JOIN'),
('103','33','35','20161228204818159','28','1','2016-12-28 20:48:18','2017-01-01 20:48:18','0','http://img.yiqingo.com/goodsimg/2016/12/23/44a1892808e946b8b5c921456011fc3b.jpg','【伊亲购】保宁 新款B&B洗衣液（1300ml）',null,1.00,null,null,'WAIT_JOIN'),
('104','29','377','20161228205821508','30','1','2016-12-28 20:58:21','2017-01-01 20:58:21','0','http://img.yiqingo.com/goodsimg/2016/12/23/0eec1c2c92f0468dbd124b3011c2038b.jpg','【伊亲购】俄罗斯正宗椴树蜜',null,1.00,null,null,'WAIT_JOIN'),
('105','33','382','20161228210855877','28','0','2016-12-28 21:08:55','2017-01-01 21:08:55','0','http://img.yiqingo.com/goodsimg/2016/12/23/44a1892808e946b8b5c921456011fc3b.jpg','【伊亲购】保宁 新款B&B洗衣液（1300ml）',null,1.00,null,null,null),
('106','33','382','20161228211403206','28','1','2016-12-28 21:14:03','2017-01-01 21:14:03','0','http://img.yiqingo.com/goodsimg/2016/12/23/44a1892808e946b8b5c921456011fc3b.jpg','【伊亲购】保宁 新款B&B洗衣液（1300ml）',null,1.00,null,null,'WAIT_JOIN'),
('107','32','394','20161228224621144','30','1','2016-12-28 22:46:21','2017-01-01 22:46:21','0','http://img.yiqingo.com/goodsimg/2016/12/23/0fe4d0c6d58849afa417c62c97da9d81.jpg','【伊亲购】澳大利亚Lucas Papaw天然神奇木瓜膏25g',null,1.00,null,null,'WAIT_JOIN'),
('108','32','395','20161228224906291','30','1','2016-12-28 22:49:06','2017-01-01 22:49:06','0','http://img.yiqingo.com/goodsimg/2016/12/23/0fe4d0c6d58849afa417c62c97da9d81.jpg','【伊亲购】澳大利亚Lucas Papaw天然神奇木瓜膏25g',null,1.00,null,null,'WAIT_JOIN'),
('109','32','396','20161228225344827','30','1','2016-12-28 22:53:44','2017-01-01 22:53:44','0','http://img.yiqingo.com/goodsimg/2016/12/23/0fe4d0c6d58849afa417c62c97da9d81.jpg','【伊亲购】澳大利亚Lucas Papaw天然神奇木瓜膏25g',null,1.00,null,null,'WAIT_JOIN'),
('110','33','408','20161229085944369','28','1','2016-12-29 08:59:44','2017-01-02 08:59:44','0','http://img.yiqingo.com/goodsimg/2016/12/23/44a1892808e946b8b5c921456011fc3b.jpg','【伊亲购】保宁 新款B&B洗衣液（1300ml）',null,1.00,null,null,'WAIT_JOIN'),
('111','33','410','20161229090650306','28','1','2016-12-29 09:06:50','2017-01-02 09:06:50','0','http://img.yiqingo.com/goodsimg/2016/12/23/44a1892808e946b8b5c921456011fc3b.jpg','【伊亲购】保宁 新款B&B洗衣液（1300ml）',null,1.00,null,null,'WAIT_JOIN'),
('112','33','412','20161229090906231','28','1','2016-12-29 09:09:06','2017-01-02 09:09:06','0','http://img.yiqingo.com/goodsimg/2016/12/23/44a1892808e946b8b5c921456011fc3b.jpg','【伊亲购】保宁 新款B&B洗衣液（1300ml）',null,1.00,null,null,'WAIT_JOIN'),
('113','33','413','20161229091217084','28','1','2016-12-29 09:12:17','2017-01-02 09:12:17','0','http://img.yiqingo.com/goodsimg/2016/12/23/44a1892808e946b8b5c921456011fc3b.jpg','【伊亲购】保宁 新款B&B洗衣液（1300ml）',null,1.00,null,null,'WAIT_JOIN'),
('114','33','416','20161229091817709','28','1','2016-12-29 09:18:17','2017-01-02 09:18:17','0','http://img.yiqingo.com/goodsimg/2016/12/23/44a1892808e946b8b5c921456011fc3b.jpg','【伊亲购】保宁 新款B&B洗衣液（1300ml）',null,1.00,null,null,'WAIT_JOIN'),
('115','32','419','20161229093553197','30','1','2016-12-29 09:35:53','2017-01-02 09:35:53','0','http://img.yiqingo.com/goodsimg/2016/12/23/0fe4d0c6d58849afa417c62c97da9d81.jpg','【伊亲购】澳大利亚Lucas Papaw天然神奇木瓜膏25g',null,1.00,null,null,'WAIT_JOIN'),
('116','32','420','20161229094650549','30','2','2016-12-29 09:46:50','2017-01-02 09:46:50','0','http://img.yiqingo.com/goodsimg/2016/12/23/0fe4d0c6d58849afa417c62c97da9d81.jpg','【伊亲购】澳大利亚Lucas Papaw天然神奇木瓜膏25g',null,1.00,null,null,'WAIT_JOIN'),
('117','32','425','20161229095738191','30','0','2016-12-29 09:57:38','2017-01-02 09:57:38','0','http://img.yiqingo.com/goodsimg/2016/12/23/0fe4d0c6d58849afa417c62c97da9d81.jpg','【伊亲购】澳大利亚Lucas Papaw天然神奇木瓜膏25g',null,1.00,null,null,null),
('118','33','430','20161229102219294','28','1','2016-12-29 10:22:19','2017-01-02 10:22:19','0','http://img.yiqingo.com/goodsimg/2016/12/23/44a1892808e946b8b5c921456011fc3b.jpg','【伊亲购】保宁 新款B&B洗衣液（1300ml）',null,1.00,null,null,'WAIT_JOIN'),
('119','32','434','20161229111019364','30','1','2016-12-29 11:10:19','2017-01-02 11:10:19','0','http://img.yiqingo.com/goodsimg/2016/12/23/0fe4d0c6d58849afa417c62c97da9d81.jpg','【伊亲购】澳大利亚Lucas Papaw天然神奇木瓜膏25g',null,1.00,null,null,'WAIT_JOIN'),
('120','31','443','20161229115258993','50','1','2016-12-29 11:52:58','2017-01-02 11:52:58','0','http://img.yiqingo.com/goodsimg/2016/12/23/0212e8f91d164ec383f6efb0f007a4c5.jpg','【伊亲购】德国施巴Sebamed洁肤沐浴露400ml',null,1.00,null,null,'WAIT_JOIN'),
('121','30','443','20161229132438336','48','1','2016-12-29 13:24:38','2017-01-02 13:24:38','0','http://img.yiqingo.com/goodsimg/2016/12/23/972c350c374d468d82fd8efdf5583cf8.jpg','【伊亲购】哈罗闪婴儿二合一沐浴洗发露500ml',null,1.00,null,null,'WAIT_JOIN'),
('122','29','46','20161229151706592','5','5','2016-12-29 15:17:06','2017-01-02 15:17:06','2','http://img.yiqingo.com/goodsimg/2016/12/23/0eec1c2c92f0468dbd124b3011c2038b.jpg','【伊亲购】俄罗斯正宗椴树蜜',null,1.00,null,null,'SUCCESSED'),
('123','32','46','20161229151833091','8','1','2016-12-29 15:18:33','2017-01-02 15:18:33','2','http://img.yiqingo.com/goodsimg/2016/12/23/0fe4d0c6d58849afa417c62c97da9d81.jpg','【伊亲购】澳大利亚Lucas Papaw天然神奇木瓜膏25g',null,1.00,null,null,'WAIT_JOIN'),
('124','30','459','20161229152118183','10','3','2016-12-29 15:21:18','2017-01-02 15:21:18','2','http://img.yiqingo.com/goodsimg/2016/12/23/972c350c374d468d82fd8efdf5583cf8.jpg','【伊亲购】哈罗闪婴儿二合一沐浴洗发露500ml',null,1.00,null,null,'WAIT_JOIN'),
('125','29','461','20161229153125263','5','2','2016-12-29 15:31:25','2017-01-02 15:31:25','2','http://img.yiqingo.com/goodsimg/2016/12/23/0eec1c2c92f0468dbd124b3011c2038b.jpg','【伊亲购】俄罗斯正宗椴树蜜',null,1.00,null,null,'WAIT_JOIN'),
('126','32','355','20161229154139289','8','1','2016-12-29 15:41:39','2017-01-02 15:41:39','2','http://img.yiqingo.com/goodsimg/2016/12/23/0fe4d0c6d58849afa417c62c97da9d81.jpg','【伊亲购】澳大利亚Lucas Papaw天然神奇木瓜膏25g',null,1.00,null,null,'WAIT_JOIN'),
('127','29','463','20161229155412789','5','1','2016-12-29 15:54:12','2017-01-02 15:54:12','2','http://img.yiqingo.com/goodsimg/2016/12/23/0eec1c2c92f0468dbd124b3011c2038b.jpg','【伊亲购】俄罗斯正宗椴树蜜',null,1.00,null,null,'WAIT_JOIN'),
('128','29','462','20161229155839459','5','0','2016-12-29 15:58:39','2017-01-02 15:58:39','2','http://img.yiqingo.com/goodsimg/2016/12/23/0eec1c2c92f0468dbd124b3011c2038b.jpg','【伊亲购】俄罗斯正宗椴树蜜',null,1.00,null,null,null),
('129','29','462','20161229155912161','5','0','2016-12-29 15:59:12','2017-01-02 15:59:12','2','http://img.yiqingo.com/goodsimg/2016/12/23/0eec1c2c92f0468dbd124b3011c2038b.jpg','【伊亲购】俄罗斯正宗椴树蜜',null,1.00,null,null,null),
('130','29','462','20161229155939080','5','0','2016-12-29 15:59:39','2017-01-02 15:59:39','2','http://img.yiqingo.com/goodsimg/2016/12/23/0eec1c2c92f0468dbd124b3011c2038b.jpg','【伊亲购】俄罗斯正宗椴树蜜',null,1.00,null,null,null),
('131','29','239','20161229163307890','5','0','2016-12-29 16:33:07','2017-01-02 16:33:07','2','http://img.yiqingo.com/goodsimg/2016/12/23/0eec1c2c92f0468dbd124b3011c2038b.jpg','【伊亲购】俄罗斯正宗椴树蜜',null,1.00,null,null,null),
('132','29','239','20161229163453437','5','1','2016-12-29 16:34:53','2017-01-02 16:34:53','2','http://img.yiqingo.com/goodsimg/2016/12/23/0eec1c2c92f0468dbd124b3011c2038b.jpg','【伊亲购】俄罗斯正宗椴树蜜',null,1.00,null,null,'WAIT_JOIN'),
('133','32','465','20161229200039098','8','1','2016-12-29 20:00:39','2017-01-02 20:00:39','2','http://img.yiqingo.com/goodsimg/2016/12/23/0fe4d0c6d58849afa417c62c97da9d81.jpg','【伊亲购】澳大利亚Lucas Papaw天然神奇木瓜膏25g',null,1.00,null,null,'WAIT_JOIN'),
('134','29','465','20161229200140135','5','1','2016-12-29 20:01:40','2017-01-02 20:01:40','2','http://img.yiqingo.com/goodsimg/2016/12/23/0eec1c2c92f0468dbd124b3011c2038b.jpg','【伊亲购】俄罗斯正宗椴树蜜',null,1.00,null,null,'WAIT_JOIN'),
('135','31','466','20161229200536215','10','0','2016-12-29 20:05:36','2017-01-02 20:05:36','2','http://img.yiqingo.com/goodsimg/2016/12/23/0212e8f91d164ec383f6efb0f007a4c5.jpg','【伊亲购】德国施巴Sebamed洁肤沐浴露400ml',null,1.00,null,null,null),
('136','31','466','20161229200554564','10','1','2016-12-29 20:05:54','2017-01-02 20:05:54','2','http://img.yiqingo.com/goodsimg/2016/12/23/0212e8f91d164ec383f6efb0f007a4c5.jpg','【伊亲购】德国施巴Sebamed洁肤沐浴露400ml',null,1.00,null,null,'WAIT_JOIN');
DROP TABLE IF EXISTS  `trade_tuan_order`;
CREATE TABLE `trade_tuan_order` (
  `id` bigint(10) NOT NULL AUTO_INCREMENT COMMENT '团订单ID',
  `user_id` bigint(10) DEFAULT NULL COMMENT '用户ID',
  `tuan_id` bigint(10) DEFAULT NULL COMMENT '团ID',
  `group_id` bigint(10) DEFAULT NULL COMMENT '团商品ID',
  `tuan_code` varchar(100) DEFAULT NULL COMMENT '团编码',
  `goods_id` bigint(10) DEFAULT NULL COMMENT '商品ID',
  `user_name` varchar(100) DEFAULT NULL COMMENT '用户名',
  `headimgurl` varchar(255) DEFAULT NULL COMMENT '头像路径',
  `order_code` varchar(100) DEFAULT NULL COMMENT '订单编号',
  `order_time` datetime DEFAULT NULL COMMENT '下单时间',
  `pay_time` datetime DEFAULT NULL COMMENT '支付时间',
  `order_sort` tinyint(2) DEFAULT NULL COMMENT '订单分类：0，一元购；1，拼团',
  `goods_img` varchar(100) DEFAULT NULL COMMENT '商品图片',
  `goods_name` varchar(200) DEFAULT NULL COMMENT '商品名称',
  `goods_code` varchar(100) DEFAULT NULL COMMENT '商品编码',
  `goods_price` decimal(20,2) DEFAULT NULL COMMENT '商品价格',
  `order_price` decimal(20,2) DEFAULT NULL COMMENT '订单价格',
  `order_status` varchar(20) DEFAULT NULL COMMENT '订单状态：wait_pay:待付款;wait_join:待成团;wait_shipping待发货;wait_receive:待收货;wait_comment:待评价;successed:已完成;wait_refund_goods:待退货;wait_refund_money:待退款;closed:已关闭;',
  `address` varchar(120) DEFAULT NULL COMMENT '收获地址',
  `lucky_order` tinyint(2) DEFAULT NULL COMMENT '是否中奖：1，是；2，否',
  `colonel` bigint(20) DEFAULT NULL COMMENT '团长',
  `invoice_no` varchar(30) DEFAULT NULL COMMENT '物流单号',
  `shipping_id` bigint(10) DEFAULT NULL COMMENT '物流公司ID',
  `shipping_time` datetime DEFAULT NULL COMMENT '发货时间',
  `shipping_name` varchar(255) DEFAULT NULL COMMENT '物流公司名称',
  `order_phone` varchar(20) DEFAULT NULL COMMENT '订单手机号',
  `order_pay_code` varchar(200) DEFAULT '',
  `consignee` varchar(60) CHARACTER SET utf8 COLLATE utf8_bin DEFAULT NULL COMMENT '收货人姓名',
  `country` smallint(5) DEFAULT NULL COMMENT '国家',
  `county_name` varchar(50) CHARACTER SET utf8 COLLATE utf8_bin DEFAULT NULL COMMENT '国家名称',
  `province` smallint(5) DEFAULT NULL COMMENT '省',
  `province_name` varchar(50) CHARACTER SET utf8 COLLATE utf8_bin DEFAULT NULL COMMENT '省名称',
  `city` smallint(5) DEFAULT NULL COMMENT '市',
  `city_name` varchar(50) CHARACTER SET utf8 COLLATE utf8_bin DEFAULT NULL COMMENT '城市名称',
  `district` smallint(5) DEFAULT NULL COMMENT '区、县',
  `district_name` varchar(50) CHARACTER SET utf8 COLLATE utf8_bin DEFAULT NULL COMMENT '区县名称',
  `zipcode` varchar(60) CHARACTER SET utf8 COLLATE utf8_bin DEFAULT NULL COMMENT '邮编',
  `tel` varchar(60) CHARACTER SET utf8 COLLATE utf8_bin DEFAULT NULL COMMENT '电话',
  `mobile` varchar(60) CHARACTER SET utf8 COLLATE utf8_bin DEFAULT NULL COMMENT '手机',
  PRIMARY KEY (`id`)
) ENGINE=InnoDB AUTO_INCREMENT=192 DEFAULT CHARSET=utf8 ROW_FORMAT=DYNAMIC COMMENT='商品订单';

insert into `trade_tuan_order`(`id`,`user_id`,`tuan_id`,`group_id`,`tuan_code`,`goods_id`,`user_name`,`headimgurl`,`order_code`,`order_time`,`pay_time`,`order_sort`,`goods_img`,`goods_name`,`goods_code`,`goods_price`,`order_price`,`order_status`,`address`,`lucky_order`,`colonel`,`invoice_no`,`shipping_id`,`shipping_time`,`shipping_name`,`order_phone`,`order_pay_code`,`consignee`,`country`,`county_name`,`province`,`province_name`,`city`,`city_name`,`district`,`district_name`,`zipcode`,`tel`,`mobile`) values
('72','27','51',null,'20161223171516976','154','天贝','http://wx.qlogo.cn/mmopen/PiajxSqBRaEJTKR2tr4L4tkHA4VibXNvib1UhJeNI5Rq9gCfZeHUs7Ts4J3yjaetfEqluvgpoWl8iaWCJcX2rjUXKg/0','20161223171516989','2016-12-23 17:15:16',null,'0','http://img.yiqingo.com/goodsimg/2016/12/23/0eec1c2c92f0468dbd124b3011c2038b.jpg','俄罗斯正宗椴树蜜',null,1.00,0.01,'WAIT_PAY','刘海霞**17753917031*北京*北京*东城区*sdfdsfdsfdsfdsfsd*fdsfds',null,'27',null,null,null,null,'17753917031',null,null,null,null,null,null,null,null,null,null,null,null,null),
('73','27','52',null,'20161223171537004','154','天贝','http://wx.qlogo.cn/mmopen/PiajxSqBRaEJTKR2tr4L4tkHA4VibXNvib1UhJeNI5Rq9gCfZeHUs7Ts4J3yjaetfEqluvgpoWl8iaWCJcX2rjUXKg/0','20161223171537013','2016-12-23 17:15:37','2016-12-23 17:15:44','0','http://img.yiqingo.com/goodsimg/2016/12/23/0eec1c2c92f0468dbd124b3011c2038b.jpg','俄罗斯正宗椴树蜜',null,1.00,0.01,'WAIT_SHIPPING','刘海霞**17753917031*北京*北京*东城区*sdfdsfdsfdsfdsfsd*fdsfds',null,'27',null,null,null,null,'17753917031','4006452001201612233721575320',null,null,null,null,null,null,null,null,null,null,null,null),
('74','24','52',null,'20161223171537004','154','刘玉娇18669976994软件','http://wx.qlogo.cn/mmopen/BGOzbkwMZib6x6bj0GYaUeiciacXmZnVvUYFVFerEhIN1N5cLkrff8r678Nm6sHyxGeicDfqFO1sanhjliavsQbI7zztE3uBuOmx9/0','20161223171622664','2016-12-23 17:16:22','2016-12-23 17:16:29','0','http://img.yiqingo.com/goodsimg/2016/12/23/0eec1c2c92f0468dbd124b3011c2038b.jpg','俄罗斯正宗椴树蜜',null,1.00,0.01,'CLOSED','刘玉娇S**18669976994****谁发个红包*',null,'24',null,null,null,null,'18669976994','4000592001201612233721618153',null,null,null,null,null,null,null,null,null,null,null,null),
('75','36','53',null,'20161224081204627','154','伊亲购英子','http://wx.qlogo.cn/mmopen/BGOzbkwMZib6x6bj0GYaUeicWFicCIFN6Jia39RHsmlG3D9DoibibrTQHZTNq1kRQr0b5PAZRnicPImVztJvFM8N8CsfZQ9o3LFdBUu/0','20161224081204634','2016-12-24 08:12:04',null,'0','http://img.yiqingo.com/goodsimg/2016/12/23/0eec1c2c92f0468dbd124b3011c2038b.jpg','俄罗斯正宗椴树蜜',null,1.00,1.00,'CLOSED','英子**17753917913*山东*临沂*兰山区*蒙山大道与北园路交汇*276000',null,'36',null,null,null,null,'17753917913',null,null,null,null,null,null,null,null,null,null,null,null,null),
('76','36','54',null,'20161224081610345','150','伊亲购英子','http://wx.qlogo.cn/mmopen/BGOzbkwMZib6x6bj0GYaUeicWFicCIFN6Jia39RHsmlG3D9DoibibrTQHZTNq1kRQr0b5PAZRnicPImVztJvFM8N8CsfZQ9o3LFdBUu/0','20161224081610353','2016-12-24 08:16:10',null,'0','http://img.yiqingo.com/goodsimg/2016/12/23/44a1892808e946b8b5c921456011fc3b.jpg','保宁 新款B&B洗衣液（1300ml）',null,1.00,1.00,'CLOSED','英子**17753917913*山东*临沂*兰山区*蒙山大道与北园路交汇*276000',null,'36',null,null,null,null,'17753917913',null,null,null,null,null,null,null,null,null,null,null,null,null),
('77','36','55',null,'20161224081731711','150','伊亲购英子','http://wx.qlogo.cn/mmopen/BGOzbkwMZib6x6bj0GYaUeicWFicCIFN6Jia39RHsmlG3D9DoibibrTQHZTNq1kRQr0b5PAZRnicPImVztJvFM8N8CsfZQ9o3LFdBUu/0','20161224081731719','2016-12-24 08:17:31',null,'0','http://img.yiqingo.com/goodsimg/2016/12/23/44a1892808e946b8b5c921456011fc3b.jpg','保宁 新款B&B洗衣液（1300ml）',null,1.00,1.00,'CLOSED','英子**17753917913*山东*临沂*兰山区*蒙山大道与北园路交汇*276000',null,'36',null,null,null,null,'17753917913',null,null,null,null,null,null,null,null,null,null,null,null,null),
('78','36','56',null,'20161224081858976','150','伊亲购英子','http://wx.qlogo.cn/mmopen/BGOzbkwMZib6x6bj0GYaUeicWFicCIFN6Jia39RHsmlG3D9DoibibrTQHZTNq1kRQr0b5PAZRnicPImVztJvFM8N8CsfZQ9o3LFdBUu/0','20161224081858984','2016-12-24 08:18:58','2016-12-24 08:19:10','0','http://img.yiqingo.com/goodsimg/2016/12/23/44a1892808e946b8b5c921456011fc3b.jpg','保宁 新款B&B洗衣液（1300ml）',null,1.00,1.00,'CLOSED','英子**17753917913*山东*临沂*兰山区*蒙山大道与北园路交汇*276000',null,'36',null,null,null,null,'17753917913','4008482001201612243778691515',null,null,null,null,null,null,null,null,null,null,null,null),
('79','14','57',null,'20161224093940291','152','玲儿','http://wx.qlogo.cn/mmopen/Kwv0ftVtB482zfb8hMhsh727dicVicGc5erw3dFccjRBl3qwmSA8P5lZNMBWJ0YLZbGpKKr6695T59Rj8bX1OibrWnFib4Bvle37/0','20161224093940298','2016-12-24 09:39:40',null,'0','http://img.yiqingo.com/goodsimg/2016/12/23/0212e8f91d164ec383f6efb0f007a4c5.jpg','德国施巴Sebamed洁肤沐浴露400ml',null,1.00,1.00,'CLOSED','你好**14725836911****家里*253614',null,'14',null,null,null,null,'14725836911',null,null,null,null,null,null,null,null,null,null,null,null,null),
('80','37','58',null,'20161224105508890','150','刘巧玲','http://wx.qlogo.cn/mmopen/ajNVdqHZLLD8ibXcarGVY4U4mUXjYKyxkiaPxtkjnmaLYOaHlFuibWGLdzUjia7XiabgPJ0tGt5xFGEIkb7q2rmGdug/0','20161224105508905','2016-12-24 10:55:08','2016-12-24 10:55:20','0','http://img.yiqingo.com/goodsimg/2016/12/23/44a1892808e946b8b5c921456011fc3b.jpg','保宁 新款B&B洗衣液（1300ml）',null,1.00,1.00,'CLOSED','刘巧玲**13375392065*山东*临沂*兰山区*伊亲购*276000',null,'37',null,null,null,null,'13375392065','4000532001201612243791634480',null,null,null,null,null,null,null,null,null,null,null,null),
('81','46','59',null,'20161224125209378','154','庄 敏','http://wx.qlogo.cn/mmopen/mOW261WJzibtQdeicgRd4honQJMLg0icQueRAMHFekoCW6P6tWxfPdeHNZdSzzicduOreSWUpicdoFTszkNPSrFYcCv4X0e4qqhLl/0','20161224125209392','2016-12-24 12:52:09','2016-12-24 12:52:22','0','http://img.yiqingo.com/goodsimg/2016/12/23/0eec1c2c92f0468dbd124b3011c2038b.jpg','俄罗斯正宗椴树蜜',null,1.00,1.00,'CLOSED','庄敏**15376082087*山东*临沂*兰山区*北园路与蒙山大道交汇*276000',null,'46',null,null,null,null,'15376082087','4007562001201612243806967825',null,null,null,null,null,null,null,null,null,null,null,null),
('82','46','56',null,'20161224081858976','150','庄 敏','http://wx.qlogo.cn/mmopen/mOW261WJzibtQdeicgRd4honQJMLg0icQueRAMHFekoCW6P6tWxfPdeHNZdSzzicduOreSWUpicdoFTszkNPSrFYcCv4X0e4qqhLl/0','20161224130741302','2016-12-24 13:07:41','2016-12-24 13:07:52','0','http://img.yiqingo.com/goodsimg/2016/12/23/44a1892808e946b8b5c921456011fc3b.jpg','保宁 新款B&B洗衣液（1300ml）',null,1.00,1.00,'CLOSED','庄敏**15376082087*山东*临沂*兰山区*北园路与蒙山大道交汇*276000',null,'46',null,null,null,null,'15376082087','4007562001201612243807811756',null,null,null,null,null,null,null,null,null,null,null,null),
('83','51','60',null,'20161224145847113','152','紫晶玫瑰','http://wx.qlogo.cn/mmopen/IVBGfN6mdADz4FCTy6libs0rGUoIMfk2Ffz7rkHMdVZAWpibzzibAMUOA0poyZmuPw10qWeV00NWqiacRmXhhEDjkicRH5IFeFwoc/0','20161224145847124','2016-12-24 14:58:47','2016-12-24 14:58:57','0','http://img.yiqingo.com/goodsimg/2016/12/23/0212e8f91d164ec383f6efb0f007a4c5.jpg','【伊亲购】德国施巴Sebamed洁肤沐浴露400ml',null,1.00,1.00,'CLOSED','李明**15165581675*山东*临沂*兰山区*临西八路美多商贸城1568-1569号*',null,'51',null,null,null,null,'15165581675','4001602001201612243820014259',null,null,null,null,null,null,null,null,null,null,null,null),
('84','51','61',null,'20161224152134287','154','紫晶玫瑰','http://wx.qlogo.cn/mmopen/IVBGfN6mdADz4FCTy6libs0rGUoIMfk2Ffz7rkHMdVZAWpibzzibAMUOA0poyZmuPw10qWeV00NWqiacRmXhhEDjkicRH5IFeFwoc/0','20161224152134294','2016-12-24 15:21:34','2016-12-24 15:21:46','0','http://img.yiqingo.com/goodsimg/2016/12/23/0eec1c2c92f0468dbd124b3011c2038b.jpg','【伊亲购】俄罗斯正宗椴树蜜',null,1.00,1.00,'CLOSED','李明**15165581675*山东*临沂*兰山区*临西八路美多商贸城1568-1569号*',null,'51',null,null,null,null,'15165581675','4001602001201612243822082836',null,null,null,null,null,null,null,null,null,null,null,null),
('85','51','62',null,'20161224152250883','150','紫晶玫瑰','http://wx.qlogo.cn/mmopen/IVBGfN6mdADz4FCTy6libs0rGUoIMfk2Ffz7rkHMdVZAWpibzzibAMUOA0poyZmuPw10qWeV00NWqiacRmXhhEDjkicRH5IFeFwoc/0','20161224152250890','2016-12-24 15:22:50','2016-12-24 15:22:57','0','http://img.yiqingo.com/goodsimg/2016/12/23/44a1892808e946b8b5c921456011fc3b.jpg','【伊亲购】保宁 新款B&B洗衣液（1300ml）',null,1.00,1.00,'CLOSED','李明**15165581675*山东*临沂*兰山区*临西八路美多商贸城1568-1569号*',null,'51',null,null,null,null,'15165581675','4001602001201612243822141660',null,null,null,null,null,null,null,null,null,null,null,null),
('86','14','63',null,'20161224152922738','151','玲儿','http://wx.qlogo.cn/mmopen/Kwv0ftVtB482zfb8hMhsh727dicVicGc5erw3dFccjRBl3qwmSA8P5lZNMBWJ0YLZbGpKKr6695T59Rj8bX1OibrWnFib4Bvle37/0','20161224152922744','2016-12-24 15:29:22','2016-12-24 15:29:30','0','http://img.yiqingo.com/goodsimg/2016/12/23/0fe4d0c6d58849afa417c62c97da9d81.jpg','【伊亲购】澳大利亚Lucas Papaw天然神奇木瓜膏25g',null,1.00,1.00,'CLOSED','胡玲**18315738189*山东*临沂*兰山区*蒙山大道和北园路交汇处西北角伊亲购*276700',null,'14',null,null,null,null,'18315738189','4004562001201612243823485587',null,null,null,null,null,null,null,null,null,null,null,null),
('87','27','64',null,'20161224173120542','159','天贝','http://wx.qlogo.cn/mmopen/PiajxSqBRaEJTKR2tr4L4tkHA4VibXNvib1UhJeNI5Rq9gCfZeHUs7Ts4J3yjaetfEqluvgpoWl8iaWCJcX2rjUXKg/0','20161224173120549','2016-12-24 17:31:20',null,'1','http://img.yiqingo.com/goodsimg/2016/12/24/7da619db2d934240ba1c0017c9c5a59a.jpg','【伊亲购】免税澳洲金装爱他美奶粉2段900g铁罐装（适用6-12个月宝宝）900g*2',null,499.00,499.00,'WAIT_PAY','刘海霞**17753917031*北京*北京*东城区*sdfdsfdsfdsfdsfsd*fdsfds',null,'27',null,null,null,null,'17753917031',null,null,null,null,null,null,null,null,null,null,null,null,null),
('88','6','65',null,'20161226133415888','150','中强','http://wx.qlogo.cn/mmopen/ryInS4jYaj5ATk0yskSSG1sZYn22ksUg5mTicqem11rr0zMjCMc1oj377gg6oLOSoNMqLAfiaU13LpZ0DE79JbPXAHfT9R2FDn/0','20161226133415902','2016-12-26 13:34:15',null,'0','http://img.yiqingo.com/goodsimg/2016/12/23/44a1892808e946b8b5c921456011fc3b.jpg','【伊亲购】保宁 新款B&B洗衣液（1300ml）',null,1.00,1.00,'CLOSED','进来了',null,'6',null,null,null,null,'18669996211',null,'孙中强',null,null,'22','山东','292','临沂','2408','兰山区','277100',null,'18669996211'),
('89','6','66',null,'20161226133732500','159','中强','http://wx.qlogo.cn/mmopen/ryInS4jYaj5ATk0yskSSG1sZYn22ksUg5mTicqem11rr0zMjCMc1oj377gg6oLOSoNMqLAfiaU13LpZ0DE79JbPXAHfT9R2FDn/0','20161226133732509','2016-12-26 13:37:32',null,'1','http://img.yiqingo.com/goodsimg/2016/12/24/7da619db2d934240ba1c0017c9c5a59a.jpg','【伊亲购】免税澳洲金装爱他美奶粉2段900g铁罐装（适用6-12个月宝宝）900g*2',null,499.00,499.00,'CLOSED','进来了',null,'6',null,null,null,null,'18669996211',null,'孙中强',null,null,'22','山东','292','临沂','2408','兰山区','277100',null,'18669996211'),
('90','6','67',null,'20161226134646065','162','中强','http://wx.qlogo.cn/mmopen/ryInS4jYaj5ATk0yskSSG1sZYn22ksUg5mTicqem11rr0zMjCMc1oj377gg6oLOSoNMqLAfiaU13LpZ0DE79JbPXAHfT9R2FDn/0','20161226134646078','2016-12-26 13:46:46','2016-12-26 13:46:55','0','http://img.yiqingo.com/goodsimg/2016/12/26/3e2820960a2a47219ff51a633c0ac826.jpg','一元团测试商品，请勿购买',null,10.00,0.01,'WAIT_SHIPPING','进来了',null,'6',null,null,null,null,'18669996211','4008522001201612264045717586','孙中强',null,null,'22','山东','292','临沂','2408','兰山区','277100',null,'18669996211'),
('91','5','67',null,'20161226134646065','162','-_-','http://wx.qlogo.cn/mmopen/mOW261WJzibtQdeicgRd4hou0Lv9qRDz5jN4louNw9oFqFX5XibA1cQdiaOkLb9Vibdic4Zzl2RgYol4Nkg7ib5vzSJNoSub9bco1UK/0','20161226134918196','2016-12-26 13:49:18',null,'0','http://img.yiqingo.com/goodsimg/2016/12/26/3e2820960a2a47219ff51a633c0ac826.jpg','一元团测试商品，请勿购买',null,10.00,0.01,'WAIT_PAY','13213213213213',null,'5',null,null,null,null,'15266665555',null,'额鹅鹅鹅额',null,null,'11','','163','','1385','','',null,'15266665555'),
('92','5','67',null,'20161226134646065','162','-_-','http://wx.qlogo.cn/mmopen/mOW261WJzibtQdeicgRd4hou0Lv9qRDz5jN4louNw9oFqFX5XibA1cQdiaOkLb9Vibdic4Zzl2RgYol4Nkg7ib5vzSJNoSub9bco1UK/0','20161226135043878','2016-12-26 13:50:43','2016-12-26 13:55:00','0','http://img.yiqingo.com/goodsimg/2016/12/26/3e2820960a2a47219ff51a633c0ac826.jpg','一元团测试商品，请勿购买',null,10.00,0.01,'CLOSED','13213213213213',null,'5',null,null,null,null,'15266665555','4009422001201612264046551222','额鹅鹅鹅额',null,null,'11','','163','','1385','','',null,'15266665555'),
('93','6','68',null,'20161226140144940','162','中强','http://wx.qlogo.cn/mmopen/ryInS4jYaj5ATk0yskSSG1sZYn22ksUg5mTicqem11rr0zMjCMc1oj377gg6oLOSoNMqLAfiaU13LpZ0DE79JbPXAHfT9R2FDn/0','20161226140144985','2016-12-26 14:01:44','2016-12-26 14:01:54','0','http://img.yiqingo.com/goodsimg/2016/12/26/3e2820960a2a47219ff51a633c0ac826.jpg','一元团测试商品，请勿购买',null,10.00,0.01,'CLOSED','进来了',null,'6',null,null,null,null,'18669996211','4008522001201612264048586035','孙中强',null,null,'22','山东','292','临沂','2408','兰山区','277100',null,'18669996211'),
('94','5','68',null,'20161226140144940','162','-_-','http://wx.qlogo.cn/mmopen/mOW261WJzibtQdeicgRd4hou0Lv9qRDz5jN4louNw9oFqFX5XibA1cQdiaOkLb9Vibdic4Zzl2RgYol4Nkg7ib5vzSJNoSub9bco1UK/0','20161226140513520','2016-12-26 14:05:13','2016-12-26 14:05:20','0','http://img.yiqingo.com/goodsimg/2016/12/26/3e2820960a2a47219ff51a633c0ac826.jpg','一元团测试商品，请勿购买',null,10.00,0.01,'WAIT_SHIPPING','13213213213213',null,'5',null,null,null,null,'15266665555','4009422001201612264047273419','额鹅鹅鹅额',null,null,'11','','163','','1385','','',null,'15266665555'),
('95','6','69',null,'20161226224416301','162','中强','http://wx.qlogo.cn/mmopen/ryInS4jYaj5ATk0yskSSG1sZYn22ksUg5mTicqem11rr0zMjCMc1oj377gg6oLOSoNMqLAfiaU13LpZ0DE79JbPXAHfT9R2FDn/0','20161226224416312','2016-12-26 22:44:16',null,'0','http://img.yiqingo.com/goodsimg/2016/12/26/3e2820960a2a47219ff51a633c0ac826.jpg','一元团测试商品，请勿购买',null,10.00,0.01,'WAIT_PAY','进来了',null,'6',null,null,null,null,'18669996211',null,'孙中强',null,null,'22','山东','292','临沂','2408','兰山区','277100',null,'18669996211'),
('96','142','70',null,'20161227075646417','150','','','20161227075646424','2016-12-27 07:56:46',null,'0','http://img.yiqingo.com/goodsimg/2016/12/23/44a1892808e946b8b5c921456011fc3b.jpg','【伊亲购】保宁 新款B&B洗衣液（1300ml）',null,1.00,1.00,'WAIT_PAY','2222',null,'142',null,null,null,null,'15552979799',null,'路庆保',null,null,'3','安徽','39','池州','423','石台县','276000',null,'15552979799'),
('97','37','71',null,'20161227081402527','154','刘巧玲','http://wx.qlogo.cn/mmopen/ajNVdqHZLLD8ibXcarGVY4U4mUXjYKyxkiaPxtkjnmaLYOaHlFuibWGLdzUjia7XiabgPJ0tGt5xFGEIkb7q2rmGdug/0','20161227081402534','2016-12-27 08:14:02','2016-12-27 08:14:12','0','http://img.yiqingo.com/goodsimg/2016/12/23/0eec1c2c92f0468dbd124b3011c2038b.jpg','【伊亲购】俄罗斯正宗椴树蜜',null,1.00,1.00,'CLOSED','伊亲购',null,'37',null,null,null,null,'13375392065','4000532001201612274121433089','刘巧玲',null,null,'22','山东','292','临沂','2408','兰山区','276000',null,'13375392065'),
('98',null,'72',null,'20161227081559828','154','','','20161227081559836','2016-12-27 08:15:59','2016-12-27 08:16:05','0','http://img.yiqingo.com/goodsimg/2016/12/23/0eec1c2c92f0468dbd124b3011c2038b.jpg','【伊亲购】俄罗斯正宗椴树蜜',null,1.00,1.00,'CLOSED','伊亲购',null,'192',null,null,null,null,'15863940843','4000692001201612274121510536','刘巧玲',null,null,'22','山东','292','临沂','2408','兰山区','276000',null,'15863940843'),
('99','6','73',null,'20161227111506326','162','中强','http://wx.qlogo.cn/mmopen/ryInS4jYaj5ATk0yskSSG1sZYn22ksUg5mTicqem11rr0zMjCMc1oj377gg6oLOSoNMqLAfiaU13LpZ0DE79JbPXAHfT9R2FDn/0','20161227111506341','2016-12-27 11:15:06','2016-12-27 11:15:12','0','http://img.yiqingo.com/goodsimg/2016/12/26/3e2820960a2a47219ff51a633c0ac826.jpg','一元团测试商品，请勿购买',null,10.00,0.01,'WAIT_JOIN','进来了',null,'6',null,null,null,null,'18669996211','4008522001201612274138413488','孙中强',null,null,'22','山东','292','临沂','2408','兰山区','277100',null,'18669996211'),
('100','28','73',null,'20161227111506326','162','路庆保17753917031','http://wx.qlogo.cn/mmopen/BGOzbkwMZib6x6bj0GYaUe5z0dnK7Gic1sib7B55jtsxGCtwvskl3zxXiaa6I4jTpOcz4PPbPxCpvtuLbiaccqntMW7EzmMEmKpbG/0','20161227111635716','2016-12-27 11:16:35',null,'0','http://img.yiqingo.com/goodsimg/2016/12/26/3e2820960a2a47219ff51a633c0ac826.jpg','一元团测试商品，请勿购买',null,10.00,0.01,'WAIT_PAY','进口',null,'28',null,null,null,null,'15552979799',null,'路庆保',null,null,'2','北京','52','北京','503','朝阳区','276000',null,'15552979799'),
('101','28','73',null,'20161227111506326','162','路庆保17753917031','http://wx.qlogo.cn/mmopen/BGOzbkwMZib6x6bj0GYaUe5z0dnK7Gic1sib7B55jtsxGCtwvskl3zxXiaa6I4jTpOcz4PPbPxCpvtuLbiaccqntMW7EzmMEmKpbG/0','20161227111653021','2016-12-27 11:16:53','2016-12-27 11:17:05','0','http://img.yiqingo.com/goodsimg/2016/12/26/3e2820960a2a47219ff51a633c0ac826.jpg','一元团测试商品，请勿购买',null,10.00,0.01,'WAIT_SHIPPING','进口',null,'28',null,null,null,null,'15552979799','4006872001201612274138129009','路庆保',null,null,'2','北京','52','北京','503','朝阳区','276000',null,'15552979799'),
('102','6','74',null,'20161227112603297','162','中强','http://wx.qlogo.cn/mmopen/ryInS4jYaj5ATk0yskSSG1sZYn22ksUg5mTicqem11rr0zMjCMc1oj377gg6oLOSoNMqLAfiaU13LpZ0DE79JbPXAHfT9R2FDn/0','20161227112603343','2016-12-27 11:26:03','2016-12-27 11:26:15','0','http://img.yiqingo.com/goodsimg/2016/12/26/3e2820960a2a47219ff51a633c0ac826.jpg','一元团测试商品，请勿购买',null,10.00,0.01,'WAIT_RECEIVE','进来了',null,'6','115522','2','2016-12-27 14:49:04','顺丰速运','18669996211','4008522001201612274140600088','孙中强',null,null,'22','山东','292','临沂','2408','兰山区','277100',null,'18669996211'),
('103','28','74',null,'20161227112603297','162','路庆保17753917031','http://wx.qlogo.cn/mmopen/BGOzbkwMZib6x6bj0GYaUe5z0dnK7Gic1sib7B55jtsxGCtwvskl3zxXiaa6I4jTpOcz4PPbPxCpvtuLbiaccqntMW7EzmMEmKpbG/0','20161227113252222','2016-12-27 11:32:52','2016-12-27 11:33:00','0','http://img.yiqingo.com/goodsimg/2016/12/26/3e2820960a2a47219ff51a633c0ac826.jpg','一元团测试商品，请勿购买',null,10.00,0.01,'WAIT_JOIN','进口',null,'28',null,null,null,null,'15552979799','4006872001201612274139391786','路庆保',null,null,'2','北京','52','北京','503','朝阳区','276000',null,'15552979799'),
('104','6','75',null,'20161227141752620','162','中强','http://wx.qlogo.cn/mmopen/ryInS4jYaj5ATk0yskSSG1sZYn22ksUg5mTicqem11rr0zMjCMc1oj377gg6oLOSoNMqLAfiaU13LpZ0DE79JbPXAHfT9R2FDn/0','20161227141752632','2016-12-27 14:17:52','2016-12-27 14:18:00','0','http://img.yiqingo.com/goodsimg/2016/12/26/3e2820960a2a47219ff51a633c0ac826.jpg','一元团测试商品，请勿购买',null,10.00,0.01,'WAIT_RECEIVE','进来了',null,'6','123322222','5','2016-12-27 14:49:31','邮政EMS','18669996211','4008522001201612274158963445','孙中强',null,null,'22','山东','292','临沂','2408','兰山区','277100',null,'18669996211'),
('105','14','75',null,'20161227141752620','162','玲儿','http://wx.qlogo.cn/mmopen/Kwv0ftVtB482zfb8hMhsh727dicVicGc5erw3dFccjRBl3qwmSA8P5lZNMBWJ0YLZbGpKKr6695T59Rj8bX1OibrWnFib4Bvle37/0','20161227141849488','2016-12-27 14:18:49','2016-12-27 14:18:55','0','http://img.yiqingo.com/goodsimg/2016/12/26/3e2820960a2a47219ff51a633c0ac826.jpg','一元团测试商品，请勿购买',null,10.00,0.01,'CLOSED','蒙山大道和北园路交汇处西北角伊亲购',null,'14',null,null,null,null,'18315738189','4004562001201612274160316757','胡玲',null,null,'22','山东','292','临沂','2408','兰山区','276700',null,'18315738189'),
('106','46','76',null,'20161227150518461','151','庄 敏','http://wx.qlogo.cn/mmopen/mOW261WJzibtQdeicgRd4honQJMLg0icQueRAMHFekoCW6P6tWxfPdeHNZdSzzicduOreSWUpicdoFTszkNPSrFYcCv4X0e4qqhLl/0','20161227150518470','2016-12-27 15:05:18','2016-12-27 15:05:31','0','http://img.yiqingo.com/goodsimg/2016/12/23/0fe4d0c6d58849afa417c62c97da9d81.jpg','【伊亲购】澳大利亚Lucas Papaw天然神奇木瓜膏25g',null,1.00,1.00,'WAIT_JOIN','北园路与蒙山大道交汇',null,'46',null,null,null,null,'15376082087','4007562001201612274164627669','庄敏',null,null,'22','山东','292','临沂','2408','兰山区','276000',null,'15376082087'),
('107','37','77',null,'20161227151258579','150','刘巧玲','http://wx.qlogo.cn/mmopen/ajNVdqHZLLD8ibXcarGVY4U4mUXjYKyxkiaPxtkjnmaLYOaHlFuibWGLdzUjia7XiabgPJ0tGt5xFGEIkb7q2rmGdug/0','20161227151258588','2016-12-27 15:12:58','2016-12-27 15:13:15','0','http://img.yiqingo.com/goodsimg/2016/12/23/44a1892808e946b8b5c921456011fc3b.jpg','【伊亲购】保宁 新款B&B洗衣液（1300ml）',null,1.00,1.00,'WAIT_JOIN','伊亲购',null,'37',null,null,null,null,'13375392065','4000532001201612274163593064','刘巧玲',null,null,'22','山东','292','临沂','2408','兰山区','276000',null,'13375392065'),
('108','230','78',null,'20161227151524883','150','','','20161227151524890','2016-12-27 15:15:24','2016-12-27 15:15:30','0','http://img.yiqingo.com/goodsimg/2016/12/23/44a1892808e946b8b5c921456011fc3b.jpg','【伊亲购】保宁 新款B&B洗衣液（1300ml）',null,1.00,1.00,'WAIT_JOIN','',null,'230',null,null,null,null,'15863940843','4000692001201612274165006146','刘巧玲',null,null,'22','山东','292','临沂','2408','兰山区','276000',null,'15863940843'),
('109','233','79',null,'20161227152835257','151','','','20161227152835265','2016-12-27 15:28:35','2016-12-27 15:28:45','0','http://img.yiqingo.com/goodsimg/2016/12/23/0fe4d0c6d58849afa417c62c97da9d81.jpg','【伊亲购】澳大利亚Lucas Papaw天然神奇木瓜膏25g',null,1.00,1.00,'WAIT_JOIN','清河南路与电厂路交汇处沂景新苑小区30号楼2单元101室',null,'233',null,null,null,null,'13954959353','4005612001201612274166406004','郁贝',null,null,'22','山东','292','临沂','2409','罗庄区','276000',null,'13954959353'),
('110','6','76',null,'20161227150518461','151','中强','http://wx.qlogo.cn/mmopen/ryInS4jYaj5ATk0yskSSG1sZYn22ksUg5mTicqem11rr0zMjCMc1oj377gg6oLOSoNMqLAfiaU13LpZ0DE79JbPXAHfT9R2FDn/0','20161227155404953','2016-12-27 15:54:04','2016-12-27 15:54:17','0','http://img.yiqingo.com/goodsimg/2016/12/23/0fe4d0c6d58849afa417c62c97da9d81.jpg','【伊亲购】澳大利亚Lucas Papaw天然神奇木瓜膏25g',null,1.00,1.00,'WAIT_JOIN','进来了',null,'6',null,null,null,null,'18669996211','4008522001201612274167506734','孙中强',null,null,'22','山东','292','临沂','2408','兰山区','277100',null,'18669996211'),
('111','5','76',null,'20161227150518461','151','-_-','http://wx.qlogo.cn/mmopen/mOW261WJzibtQdeicgRd4hou0Lv9qRDz5jN4louNw9oFqFX5XibA1cQdiaOkLb9Vibdic4Zzl2RgYol4Nkg7ib5vzSJNoSub9bco1UK/0','20161227155941885','2016-12-27 15:59:41',null,'0','http://img.yiqingo.com/goodsimg/2016/12/23/0fe4d0c6d58849afa417c62c97da9d81.jpg','【伊亲购】澳大利亚Lucas Papaw天然神奇木瓜膏25g',null,1.00,1.00,'WAIT_PAY','13213213213213',null,'5',null,null,null,null,'15266665555',null,'额鹅鹅鹅额',null,null,'11','','163','','1385','','',null,'15266665555'),
('112','14','76',null,'20161227150518461','151','玲儿','http://wx.qlogo.cn/mmopen/Kwv0ftVtB482zfb8hMhsh727dicVicGc5erw3dFccjRBl3qwmSA8P5lZNMBWJ0YLZbGpKKr6695T59Rj8bX1OibrWnFib4Bvle37/0','20161227161126813','2016-12-27 16:11:26','2016-12-27 16:11:37','0','http://img.yiqingo.com/goodsimg/2016/12/23/0fe4d0c6d58849afa417c62c97da9d81.jpg','【伊亲购】澳大利亚Lucas Papaw天然神奇木瓜膏25g',null,1.00,1.00,'WAIT_JOIN','蒙山大道和北园路交汇处西北角伊亲购',null,'14',null,null,null,null,'18315738189','4004562001201612274170337516','胡玲',null,null,'22','山东','292','临沂','2408','兰山区','276700',null,'18315738189'),
('113','5','80',null,'20161227161303004','151','-_-','http://wx.qlogo.cn/mmopen/mOW261WJzibtQdeicgRd4hou0Lv9qRDz5jN4louNw9oFqFX5XibA1cQdiaOkLb9Vibdic4Zzl2RgYol4Nkg7ib5vzSJNoSub9bco1UK/0','20161227161303013','2016-12-27 16:13:03','2016-12-27 16:13:13','0','http://img.yiqingo.com/goodsimg/2016/12/23/0fe4d0c6d58849afa417c62c97da9d81.jpg','【伊亲购】澳大利亚Lucas Papaw天然神奇木瓜膏25g',null,1.00,1.00,'WAIT_JOIN','涑河南街与蒙山大道交汇东林庄小区',null,'5',null,null,null,null,'15266691228','4009422001201612274169857657','徐志浩',null,null,'22','山东','292','临沂','2408','兰山区','',null,'15266691228'),
('114','240','81',null,'20161227161608214','151','亭亭','http://wx.qlogo.cn/mmopen/IVBGfN6mdADz4FCTy6libs2vV0C3v43dC3vvJNxJurlO1osbcw96ibzXKAT4jVslzoYXzGNfuYokmleDrU4cyF0Dtbib3CuUKgI/0','20161227161608223','2016-12-27 16:16:08','2016-12-27 16:16:24','0','http://img.yiqingo.com/goodsimg/2016/12/23/0fe4d0c6d58849afa417c62c97da9d81.jpg','【伊亲购】澳大利亚Lucas Papaw天然神奇木瓜膏25g',null,1.00,1.00,'WAIT_JOIN','大山路十三路交汇伊亲公司',null,'240',null,null,null,null,'18854499596','4009922001201612274170502541','黄亭',null,null,'22','山东','292','临沂','2408','兰山区','',null,'18854499596'),
('115','246','82',null,'20161227165355324','151','呆瓜바보','http://wx.qlogo.cn/mmopen/ajNVdqHZLLAypoczz9hSD325dLacQhOW4YsjQa2sTsJWb2pZbd30vzccObAHcdjibYM8Ece99NwUFekPmPRLoHG0qLSbOrQUaA4KpibsE1OUI/0','20161227165355335','2016-12-27 16:53:55','2016-12-27 16:54:08','0','http://img.yiqingo.com/goodsimg/2016/12/23/0fe4d0c6d58849afa417c62c97da9d81.jpg','【伊亲购】澳大利亚Lucas Papaw天然神奇木瓜膏25g',null,1.00,1.00,'WAIT_JOIN','',null,'246',null,null,null,null,'15266687673','4007312001201612274174458734','陈菲',null,null,'22','山东','292','临沂','2409','罗庄区','276017',null,'15266687673'),
('116','251','83',null,'20161227173356505','151','小颖','http://wx.qlogo.cn/mmopen/Q3auHgzwzM4uYdwuWiaVicfCu0up1UHQOF46qa3ILsTo82SvpLt38ZjQPXRepiaOUN6Wib0COEGf3gLLnt3eh2uyePl9kL59Q7rvSAnLhCfn4UU/0','20161227173356517','2016-12-27 17:33:56','2016-12-27 17:34:11','0','http://img.yiqingo.com/goodsimg/2016/12/23/0fe4d0c6d58849afa417c62c97da9d81.jpg','【伊亲购】澳大利亚Lucas Papaw天然神奇木瓜膏25g',null,1.00,1.00,'WAIT_JOIN','宗裕城售楼处',null,'251',null,null,null,null,'13804152800','4005822001201612274178059161','苗光照',null,null,'18','辽宁','249','丹东','2106','元宝区','118000',null,'13804152800'),
('117','31','71',null,'20161227081402527','154','Beatrice','http://wx.qlogo.cn/mmopen/PiajxSqBRaEKqfaW1iah1w2G86WBFmClNVnADnvpAdM5tLkPXF5OV0ZJ9beSIaMRGU9fCke6fdGCtHCG8ZSuuvibg/0','20161227174307306','2016-12-27 17:43:07','2016-12-27 17:47:09','0','http://img.yiqingo.com/goodsimg/2016/12/23/0eec1c2c92f0468dbd124b3011c2038b.jpg','【伊亲购】俄罗斯正宗椴树蜜',null,1.00,1.00,'CLOSED','测试11111111111',null,'31',null,null,null,null,'18669976994','4006872001201612274179459671','rice123',null,null,'4','','55','','542','','',null,'18669976994'),
('118','260','84',null,'20161227194441468','151','嘟嘟','http://wx.qlogo.cn/mmopen/ryInS4jYaj5RXjdibB4u9O9EiapLKtoZdfq7mACWgwr04MReUDIpicBoXGs2ujRn908SD2Hr28m6K8Yzy6rAEVe0FpFN1ic96oZt/0','20161227194441475','2016-12-27 19:44:41','2016-12-27 19:45:11','0','http://img.yiqingo.com/goodsimg/2016/12/23/0fe4d0c6d58849afa417c62c97da9d81.jpg','【伊亲购】澳大利亚Lucas Papaw天然神奇木瓜膏25g',null,1.00,1.00,'WAIT_JOIN','中和路湖景花园16号楼二单元',null,'260',null,null,null,null,'18366668272','4003022001201612274194108517','吕鑫',null,null,'22','山东','298','枣庄','2463','薛城区','277000',null,'18366668272'),
('119','261','85',null,'20161227195140978','154','釹王','http://wx.qlogo.cn/mmopen/ryInS4jYaj5ATk0yskSSGicqJL4PhlA3P5RrwfPs0bn2jZlugOVTwMLiaicdU11AGp6AjeELViaRPmKXUg6IkwhFyU9HAxJbeQR8/0','20161227195140984','2016-12-27 19:51:40','2016-12-27 19:51:53','0','http://img.yiqingo.com/goodsimg/2016/12/23/0eec1c2c92f0468dbd124b3011c2038b.jpg','【伊亲购】俄罗斯正宗椴树蜜',null,1.00,1.00,'WAIT_JOIN','南坊北京路与秀水路交汇大朱夏社区49号楼3单元101室',null,'261',null,null,null,null,'15806918979','4001402001201612274195096774','梁雯',null,null,'22','山东','292','临沂','2408','兰山区','276000',null,'15806918979'),
('120','6','86',null,'20161228085120410','162','中强','http://wx.qlogo.cn/mmopen/ryInS4jYaj5ATk0yskSSG1sZYn22ksUg5mTicqem11rr0zMjCMc1oj377gg6oLOSoNMqLAfiaU13LpZ0DE79JbPXAHfT9R2FDn/0','20161228085120416','2016-12-28 08:51:20','2016-12-28 08:51:30','0','http://img.yiqingo.com/goodsimg/2016/12/26/3e2820960a2a47219ff51a633c0ac826.jpg','一元团测试商品，请勿购买',null,10.00,5.00,'CLOSED','进来了',null,'6',null,null,null,null,'18669996211','4008522001201612284234318683','孙中强',null,null,'22','山东','292','临沂','2408','兰山区','277100',null,'18669996211'),
('121','6','87',null,'20161228102712121','162','中强','http://wx.qlogo.cn/mmopen/ryInS4jYaj5ATk0yskSSG1sZYn22ksUg5mTicqem11rr0zMjCMc1oj377gg6oLOSoNMqLAfiaU13LpZ0DE79JbPXAHfT9R2FDn/0','20161228102712127','2016-12-28 10:27:12','2016-12-28 10:27:30','0','http://img.yiqingo.com/goodsimg/2016/12/26/3e2820960a2a47219ff51a633c0ac826.jpg','一元团测试商品，请勿购买',null,10.00,5.00,'CLOSED','进来了',null,'6',null,null,null,null,'18669996211','4008522001201612284242647896','孙中强',null,null,'22','山东','292','临沂','2408','兰山区','277100',null,'18669996211'),
('122','28','76',null,'20161227150518461','151','路庆保17753917031','http://wx.qlogo.cn/mmopen/BGOzbkwMZib6x6bj0GYaUe5z0dnK7Gic1sib7B55jtsxGCtwvskl3zxXiaa6I4jTpOcz4PPbPxCpvtuLbiaccqntMW7EzmMEmKpbG/0','20161228105122775','2016-12-28 10:51:22',null,'0','http://img.yiqingo.com/goodsimg/2016/12/23/0fe4d0c6d58849afa417c62c97da9d81.jpg','【伊亲购】澳大利亚Lucas Papaw天然神奇木瓜膏25g',null,1.00,1.00,'WAIT_PAY','进口',null,'28',null,null,null,null,'15552979799',null,'路庆保',null,null,'2','北京','52','北京','503','朝阳区','276000',null,'15552979799'),
('123','28','76',null,'20161227150518461','151','路庆保17753917031','http://wx.qlogo.cn/mmopen/BGOzbkwMZib6x6bj0GYaUe5z0dnK7Gic1sib7B55jtsxGCtwvskl3zxXiaa6I4jTpOcz4PPbPxCpvtuLbiaccqntMW7EzmMEmKpbG/0','20161228105132371','2016-12-28 10:51:32',null,'0','http://img.yiqingo.com/goodsimg/2016/12/23/0fe4d0c6d58849afa417c62c97da9d81.jpg','【伊亲购】澳大利亚Lucas Papaw天然神奇木瓜膏25g',null,1.00,1.00,'WAIT_PAY','进口',null,'28',null,null,null,null,'15552979799',null,'路庆保',null,null,'2','北京','52','北京','503','朝阳区','276000',null,'15552979799'),
('124','28','76',null,'20161227150518461','151','路庆保17753917031','http://wx.qlogo.cn/mmopen/BGOzbkwMZib6x6bj0GYaUe5z0dnK7Gic1sib7B55jtsxGCtwvskl3zxXiaa6I4jTpOcz4PPbPxCpvtuLbiaccqntMW7EzmMEmKpbG/0','20161228105206206','2016-12-28 10:52:06','2016-12-28 10:52:23','0','http://img.yiqingo.com/goodsimg/2016/12/23/0fe4d0c6d58849afa417c62c97da9d81.jpg','【伊亲购】澳大利亚Lucas Papaw天然神奇木瓜膏25g',null,1.00,1.00,'WAIT_JOIN','进口',null,'28',null,null,null,null,'15552979799','4006872001201612284245343783','路庆保',null,null,'2','北京','52','北京','503','朝阳区','276000',null,'15552979799'),
('125','24','76',null,'20161227150518461','151','刘玉娇18669976994软件','http://wx.qlogo.cn/mmopen/BGOzbkwMZib6x6bj0GYaUeiciacXmZnVvUYFVFerEhIN1N5cLkrff8r678Nm6sHyxGeicDfqFO1sanhjliavsQbI7zztE3uBuOmx9/0','20161228111822206','2016-12-28 11:18:22',null,'0','http://img.yiqingo.com/goodsimg/2016/12/23/0fe4d0c6d58849afa417c62c97da9d81.jpg','【伊亲购】澳大利亚Lucas Papaw天然神奇木瓜膏25g',null,1.00,1.00,'WAIT_PAY','谁发个红包',null,'24',null,null,null,null,'18669976994',null,'刘玉娇S',null,null,'5','','65','','628','','',null,'18669976994'),
('126','230','71',null,'20161227081402527','154','','','20161228154431347','2016-12-28 15:44:31','2016-12-28 15:44:44','0','http://img.yiqingo.com/goodsimg/2016/12/23/0eec1c2c92f0468dbd124b3011c2038b.jpg','【伊亲购】俄罗斯正宗椴树蜜',null,1.00,1.00,'CLOSED','',null,'230',null,null,null,null,'15863940843','4000692001201612284275322585','刘巧玲',null,null,'22','山东','292','临沂','2408','兰山区','276000',null,'15863940843'),
('127','306','88',null,'20161228171419808','150','苗子','http://wx.qlogo.cn/mmopen/BGOzbkwMZib6x6bj0GYaUe68VvkoQWnvNLXajJvrKtr202CGbQe6PFzyYuKwgGHW3ujdQX78AbfDm9E9HDzvzEmWmmQX4zMGR/0','20161228171419816','2016-12-28 17:14:19',null,'0','http://img.yiqingo.com/goodsimg/2016/12/23/44a1892808e946b8b5c921456011fc3b.jpg','【伊亲购】保宁 新款B&B洗衣液（1300ml）',null,1.00,1.00,'WAIT_PAY','马陵山路与武汉路交汇花语馨苑10号楼',null,'306',null,null,null,null,'18353935185',null,'李苗',null,null,'22','山东','292','临沂','2408','兰山区','276000',null,'18353935185'),
('128','308','89',null,'20161228171933503','150','多多','http://wx.qlogo.cn/mmopen/mOW261WJzibtQdeicgRd4hogucwp1z5HdkCB5CghywZF9z5UAicvIChfmo3m6VDRJuZCVTAtOeHiaXAY8ibKZoX0glJwyNibuh1ia0m/0','20161228171933511','2016-12-28 17:19:33','2016-12-28 17:19:45','0','http://img.yiqingo.com/goodsimg/2016/12/23/44a1892808e946b8b5c921456011fc3b.jpg','【伊亲购】保宁 新款B&B洗衣液（1300ml）',null,1.00,1.00,'WAIT_JOIN','永尚润城8号楼1单元201',null,'308',null,null,null,null,'13256522719','4007992001201612284285902617','刘春阳',null,null,'22','山东','292','临沂','2408','兰山区','276000',null,'13256522719'),
('129','308','84',null,'20161227194441468','151','多多','http://wx.qlogo.cn/mmopen/mOW261WJzibtQdeicgRd4hogucwp1z5HdkCB5CghywZF9z5UAicvIChfmo3m6VDRJuZCVTAtOeHiaXAY8ibKZoX0glJwyNibuh1ia0m/0','20161228172215559','2016-12-28 17:22:15','2016-12-28 17:22:26','0','http://img.yiqingo.com/goodsimg/2016/12/23/0fe4d0c6d58849afa417c62c97da9d81.jpg','【伊亲购】澳大利亚Lucas Papaw天然神奇木瓜膏25g',null,1.00,1.00,'WAIT_JOIN','永尚润城8号楼1单元201',null,'308',null,null,null,null,'13256522719','4007992001201612284286028442','刘春阳',null,null,'22','山东','292','临沂','2408','兰山区','276000',null,'13256522719'),
('130','310','90',null,'20161228172506335','154','遥不可及','http://wx.qlogo.cn/mmopen/mOW261WJzibtQdeicgRd4hovTImVUJc9ibfhzHH927Nxb3cVocic7H65fGibvVCdicXuDsyY7VCC4lEiaK0uhy4s8qjia2rlIIbibncqM/0','20161228172506342','2016-12-28 17:25:06','2016-12-28 17:25:13','0','http://img.yiqingo.com/goodsimg/2016/12/23/0eec1c2c92f0468dbd124b3011c2038b.jpg','【伊亲购】俄罗斯正宗椴树蜜',null,1.00,1.00,'WAIT_JOIN','芝麻墩街道后朱汪沿街楼红高粱原浆酒',null,'310',null,null,null,null,'13581098572','4000322001201612284286407567','景玉',null,null,'22','山东','292','临沂','2410','河东区','276000',null,'13581098572'),
('131','316','91',null,'20161228172545093','150','布丁奶茶','http://wx.qlogo.cn/mmopen/PiajxSqBRaELH3qM5icBTRVXxmDk9IktzvWjrvQ06NS2hdgcKEH8Ryfv9YoHV0s0wejUutHtLQia2uyKXzQWPRhibw/0','20161228172545101','2016-12-28 17:25:45','2016-12-28 17:25:51','0','http://img.yiqingo.com/goodsimg/2016/12/23/44a1892808e946b8b5c921456011fc3b.jpg','【伊亲购】保宁 新款B&B洗衣液（1300ml）',null,1.00,1.00,'WAIT_JOIN','金一路与新华二路交汇北 五里堡小区',null,'316',null,null,null,null,'15153926103','4003602001201612284286606052','虞浩',null,null,'22','山东','292','临沂','2408','兰山区','276000',null,'15153926103'),
('132','310','76',null,'20161227150518461','151','遥不可及','http://wx.qlogo.cn/mmopen/mOW261WJzibtQdeicgRd4hovTImVUJc9ibfhzHH927Nxb3cVocic7H65fGibvVCdicXuDsyY7VCC4lEiaK0uhy4s8qjia2rlIIbibncqM/0','20161228172944364','2016-12-28 17:29:44','2016-12-28 17:29:56','0','http://img.yiqingo.com/goodsimg/2016/12/23/0fe4d0c6d58849afa417c62c97da9d81.jpg','【伊亲购】澳大利亚Lucas Papaw天然神奇木瓜膏25g',null,1.00,1.00,'WAIT_JOIN','芝麻墩街道后朱汪沿街楼红高粱原浆酒',null,'310',null,null,null,null,'13581098572','4000322001201612284288359749','景玉',null,null,'22','山东','292','临沂','2410','河东区','276000',null,'13581098572'),
('133','322','92',null,'20161228172958481','150','','','20161228172958488','2016-12-28 17:29:58','2016-12-28 17:30:15','0','http://img.yiqingo.com/goodsimg/2016/12/23/44a1892808e946b8b5c921456011fc3b.jpg','【伊亲购】保宁 新款B&B洗衣液（1300ml）',null,1.00,1.00,'WAIT_JOIN','临西六路与涑河南街交汇永尚润城3号楼1单元',null,'322',null,null,null,null,'15589065852','4003352001201612284286695174','朱召伟',null,null,'22','山东','292','临沂','2408','兰山区','276300',null,'15589065852'),
('134','311','93',null,'20161228173006772','150','柠檬不萌2016.7.22','http://wx.qlogo.cn/mmopen/mOW261WJzibtQdeicgRd4hogglXQtD70kiczT13kj7clLrnQUrfiaL8jHYyicEyfsE7OnS8qiaqg6OpnSkibPaTvtN6vN33ck70lyyT/0','20161228173006780','2016-12-28 17:30:06','2016-12-28 17:30:17','0','http://img.yiqingo.com/goodsimg/2016/12/23/44a1892808e946b8b5c921456011fc3b.jpg','【伊亲购】保宁 新款B&B洗衣液（1300ml）',null,1.00,1.00,'WAIT_JOIN','恒益馨苑小区202楼三门',null,'311',null,null,null,null,'15512516724','4005952001201612284288439292','张奇',null,null,'10','河北','146','唐山','1206','丰润区','064000',null,'15512516724'),
('135','323','94',null,'20161228173056773','150','','','20161228173056780','2016-12-28 17:30:56','2016-12-28 17:31:02','0','http://img.yiqingo.com/goodsimg/2016/12/23/44a1892808e946b8b5c921456011fc3b.jpg','【伊亲购】保宁 新款B&B洗衣液（1300ml）',null,1.00,1.00,'WAIT_JOIN','临西六路涑河南街永尚润城5号楼',null,'323',null,null,null,null,'15266497023','4006892001201612284288545808','红雨',null,null,'22','山东','292','临沂','2408','兰山区','276000',null,'15266497023'),
('136','157','95',null,'20161228174118797','151','小珂乐妈咪(BBU纸尿裤)','http://wx.qlogo.cn/mmopen/BGOzbkwMZib6x6bj0GYaUe7buYNsPwmfSibXF0Vqic6KDLAlw47VG2L4FG2yZ6ZuTAOibpg1sZ0vjjet006LuwK5v9PZBM8hhSp0/0','20161228174118804','2016-12-28 17:41:18','2016-12-28 17:41:29','0','http://img.yiqingo.com/goodsimg/2016/12/23/0fe4d0c6d58849afa417c62c97da9d81.jpg','【伊亲购】澳大利亚Lucas Papaw天然神奇木瓜膏25g',null,1.00,1.00,'WAIT_JOIN','河东区河东车管所东800米路南顺鹏哈佛店',null,'157',null,null,null,null,'15216529030','4006002001201612284287470043','王婷婷',null,null,'22','山东','292','临沂','2410','河东区','276000',null,'15216529030'),
('137','157','77',null,'20161227151258579','150','小珂乐妈咪(BBU纸尿裤)','http://wx.qlogo.cn/mmopen/BGOzbkwMZib6x6bj0GYaUe7buYNsPwmfSibXF0Vqic6KDLAlw47VG2L4FG2yZ6ZuTAOibpg1sZ0vjjet006LuwK5v9PZBM8hhSp0/0','20161228174333369','2016-12-28 17:43:33',null,'0','http://img.yiqingo.com/goodsimg/2016/12/23/44a1892808e946b8b5c921456011fc3b.jpg','【伊亲购】保宁 新款B&B洗衣液（1300ml）',null,1.00,1.00,'WAIT_PAY','河东区河东车管所东800米路南顺鹏哈佛店',null,'157',null,null,null,null,'15216529030',null,'王婷婷',null,null,'22','山东','292','临沂','2410','河东区','276000',null,'15216529030'),
('138','337','96',null,'20161228174745249','151','cathy','http://wx.qlogo.cn/mmopen/ajNVdqHZLLBbrkhzJ5DC9DwGk0jedAdyT2LXaOh0GXVWHy30HOmUrdoeibicA5q4kncjJ3eanXa03ywgT9ZicuQcg/0','20161228174745256','2016-12-28 17:47:45','2016-12-28 17:47:55','0','http://img.yiqingo.com/goodsimg/2016/12/23/0fe4d0c6d58849afa417c62c97da9d81.jpg','【伊亲购】澳大利亚Lucas Papaw天然神奇木瓜膏25g',null,1.00,1.00,'WAIT_JOIN','工业大道天河家园东区19号楼1单元401',null,'337',null,null,null,null,'18853923839','4005442001201612284287778193','韩花花',null,null,'22','山东','292','临沂','2408','兰山区','276000',null,'18853923839'),
('139','344','97',null,'20161228175428903','154','勿忘初心 ','http://wx.qlogo.cn/mmopen/ajNVdqHZLLDRjUKc9t3pJuLENQTB1eKZib66xbkFZ4Ub8FmRbLaLHR10wcJ6StpbGqnlVRI16e3not3CjhHqDZw/0','20161228175428911','2016-12-28 17:54:28','2016-12-28 17:54:36','0','http://img.yiqingo.com/goodsimg/2016/12/23/0eec1c2c92f0468dbd124b3011c2038b.jpg','【伊亲购】俄罗斯正宗椴树蜜',null,1.00,1.00,'WAIT_JOIN','临西十一路鲁南化工市场A区259',null,'344',null,null,null,null,'18669653122','4009082001201612284289759144','卞舒展',null,null,'22','山东','292','临沂','2408','兰山区','276000',null,'18669653122'),
('140','349','98',null,'20161228181136983','154','','http://wx.qlogo.cn/mmopen/PiajxSqBRaEJWVODe4G1nrNicsC8yWm7MBlaV1rh5tm7yzuwO6KGeualQFbO1rZzDjwKrQu4O4yXyuYFTFV8IyZw/0','20161228181136990','2016-12-28 18:11:36','2016-12-28 18:11:45','0','http://img.yiqingo.com/goodsimg/2016/12/23/0eec1c2c92f0468dbd124b3011c2038b.jpg','【伊亲购】俄罗斯正宗椴树蜜',null,1.00,1.00,'WAIT_JOIN','山东省临沂市沂南县湖头镇',null,'349',null,null,null,null,'18769962007','4003292001201612284291220799','郭先生',null,null,'22','山东','292','临沂','2411','沂南县','276301',null,'18769962007'),
('141','353','99',null,'20161228183901057','154','亲宝宝','http://wx.qlogo.cn/mmopen/ryInS4jYaj5ATk0yskSSGicOUuvy15WlbodfnaVoQRgB5fic4MW10geBibCPO2T2TuLS4CgzzuOU9ko06OolF1up5Fm7YyW68Ly/0','20161228183901063','2016-12-28 18:39:01','2016-12-28 18:39:08','0','http://img.yiqingo.com/goodsimg/2016/12/23/0eec1c2c92f0468dbd124b3011c2038b.jpg','【伊亲购】俄罗斯正宗椴树蜜',null,1.00,1.00,'WAIT_JOIN','伊亲购',null,'353',null,null,null,null,'15064997640','4001292001201612284295003547','吴琼',null,null,'22','山东','292','临沂','2408','兰山区','276000',null,'15064997640'),
('142','359','100',null,'20161228190945493','151','','','20161228190945499','2016-12-28 19:09:45','2016-12-28 19:09:53','0','http://img.yiqingo.com/goodsimg/2016/12/23/0fe4d0c6d58849afa417c62c97da9d81.jpg','【伊亲购】澳大利亚Lucas Papaw天然神奇木瓜膏25g',null,1.00,1.00,'WAIT_JOIN','城隍庙街与沂蒙路交汇处东南100米
临沂第三实验小学',null,'359',null,null,null,null,'13854983772','4002892001201612284300519824','张欣欣',null,null,'22','山东','292','临沂','2408','兰山区','276000',null,'13854983772'),
('143','359','96',null,'20161228174745249','151','','','20161228191255013','2016-12-28 19:12:55','2016-12-28 19:13:02','0','http://img.yiqingo.com/goodsimg/2016/12/23/0fe4d0c6d58849afa417c62c97da9d81.jpg','【伊亲购】澳大利亚Lucas Papaw天然神奇木瓜膏25g',null,1.00,1.00,'WAIT_JOIN','城隍庙街与沂蒙路交汇处东南100米
临沂第三实验小学',null,'359',null,null,null,null,'13854983772','4002892001201612284299195807','张欣欣',null,null,'22','山东','292','临沂','2408','兰山区','276000',null,'13854983772'),
('144','370','101',null,'20161228200022807','151','蜜雪薇琪','http://wx.qlogo.cn/mmopen/ajNVdqHZLLDsUyGIlic2riaR7vNZDl2DpV6O2ZMjP3AibSxQnXxScEFphljiajKPsWkEvsQWoicQcCBdbUeibic5Llb2ib1yE278AOic4japB9Js3icDA/0','20161228200022813','2016-12-28 20:00:22','2016-12-28 20:00:50','0','http://img.yiqingo.com/goodsimg/2016/12/23/0fe4d0c6d58849afa417c62c97da9d81.jpg','【伊亲购】澳大利亚Lucas Papaw天然神奇木瓜膏25g',null,1.00,1.00,'WAIT_JOIN','临沂市蒙阴县蒙山佳园1号楼4单元',null,'370',null,null,null,null,'15153979890','4004582001201612284303899186','张莉',null,null,'22','山东','292','临沂','2418','蒙阴县','276200',null,'15153979890'),
('145','373','102',null,'20161228201711992','151','瑜瑜妈','http://wx.qlogo.cn/mmopen/BGOzbkwMZib5iagrsLJ5icdRkrpSPiczd7stSWRdclJRicnx353slyUUjiaszU6tETxsdPe8hEtDiaaYAibqMGazXHOsiaOAskicLSQNWE/0','20161228201711999','2016-12-28 20:17:11','2016-12-28 20:17:21','0','http://img.yiqingo.com/goodsimg/2016/12/23/0fe4d0c6d58849afa417c62c97da9d81.jpg','【伊亲购】澳大利亚Lucas Papaw天然神奇木瓜膏25g',null,1.00,1.00,'WAIT_JOIN','山东省临沂市罗庄区金六路与临西四路交汇处大成家苑',null,'373',null,null,null,null,'18369555958','4004402001201612284306938615','汲晓芳',null,null,'22','山东','292','临沂','2409','罗庄区','',null,'18369555958'),
('146','35','103',null,'20161228204818159','150','欢','http://wx.qlogo.cn/mmopen/IVBGfN6mdAAIYdhXjPP6Nd1pw0Bib882zv1eB6UQ5bqkrDFO5AgjTZs4r3LbWz4pcuTV1ibicDOIaeCUOFicfonHMUo4f7iaguDev/0','20161228204818166','2016-12-28 20:48:18','2016-12-28 20:48:29','0','http://img.yiqingo.com/goodsimg/2016/12/23/44a1892808e946b8b5c921456011fc3b.jpg','【伊亲购】保宁 新款B&B洗衣液（1300ml）',null,1.00,1.00,'WAIT_JOIN','苍山县庄坞镇西高尧村',null,'35',null,null,null,null,'15269994662','4007702001201612284310756740','周欢欢',null,null,'22','山东','292','临沂','2414','苍山县','',null,'15269994662'),
('147','377','104',null,'20161228205821508','154','思思','http://wx.qlogo.cn/mmopen/mOW261WJzibtQdeicgRd4hohUY9C8KhiaBoJbSZBkImUqBricSlpjia9J929sESTfcMz2AwCrVZGR0tgiaRzepP8zhpssRMgfTKfGw/0','20161228205821515','2016-12-28 20:58:21','2016-12-28 20:58:38','0','http://img.yiqingo.com/goodsimg/2016/12/23/0eec1c2c92f0468dbd124b3011c2038b.jpg','【伊亲购】俄罗斯正宗椴树蜜',null,1.00,1.00,'WAIT_JOIN','山东省临沂市兰陵县向城镇',null,'377',null,null,null,null,'18266701586','4009372001201612284311328338','尹荣超',null,null,'22','山东','292','临沂','2414','苍山县','277711',null,'18266701586'),
('148','382','105',null,'20161228210855877','150','','','20161228210855883','2016-12-28 21:08:55',null,'0','http://img.yiqingo.com/goodsimg/2016/12/23/44a1892808e946b8b5c921456011fc3b.jpg','【伊亲购】保宁 新款B&B洗衣液（1300ml）',null,1.00,1.00,'WAIT_PAY','通达路50号三号楼',null,'382',null,null,null,null,'15615692326',null,'郭女士',null,null,'22','山东','292','临沂','2408','兰山区','',null,'15615692326'),
('149','382','106',null,'20161228211403206','150','','','20161228211403213','2016-12-28 21:14:03','2016-12-28 21:14:17','0','http://img.yiqingo.com/goodsimg/2016/12/23/44a1892808e946b8b5c921456011fc3b.jpg','【伊亲购】保宁 新款B&B洗衣液（1300ml）',null,1.00,1.00,'WAIT_JOIN','通达路50号三号楼',null,'382',null,null,null,null,'15615692326','4006122001201612284312292428','郭女士',null,null,'22','山东','292','临沂','2408','兰山区','',null,'15615692326'),
('150','394','107',null,'20161228224621144','151','ting','http://wx.qlogo.cn/mmopen/IVBGfN6mdADz4FCTy6libs4FNlpd886ZBW4bwBia2IPvgRGWiaNxQF2zM5GGM0IibaOZJzIKmlrKW58SGGsS1UEAPK7NeaN9PiaUT/0','20161228224621150','2016-12-28 22:46:21','2016-12-28 22:46:26','0','http://img.yiqingo.com/goodsimg/2016/12/23/0fe4d0c6d58849afa417c62c97da9d81.jpg','【伊亲购】澳大利亚Lucas Papaw天然神奇木瓜膏25g',null,1.00,1.00,'WAIT_JOIN','四川省达州市大竹县北大街47号文化馆楼底',null,'394',null,null,null,null,'15880260155','4007162001201612284324415443','王婷婷',null,null,'26','四川','326','达州','2784','大竹县','651000',null,'15880260155'),
('151','395','108',null,'20161228224906291','151','','','20161228224906298','2016-12-28 22:49:06','2016-12-28 22:49:21','0','http://img.yiqingo.com/goodsimg/2016/12/23/0fe4d0c6d58849afa417c62c97da9d81.jpg','【伊亲购】澳大利亚Lucas Papaw天然神奇木瓜膏25g',null,1.00,1.00,'WAIT_JOIN','江西省瑞昌市南义镇王家铺',null,'395',null,null,null,null,'15387723242','4006482001201612284324542592','王金芝',null,null,'17','江西','238','九江','2018','瑞昌市','332200',null,'15387723242'),
('152','396','109',null,'20161228225344827','151','','','20161228225344834','2016-12-28 22:53:44','2016-12-28 22:54:20','0','http://img.yiqingo.com/goodsimg/2016/12/23/0fe4d0c6d58849afa417c62c97da9d81.jpg','【伊亲购】澳大利亚Lucas Papaw天然神奇木瓜膏25g',null,1.00,1.00,'WAIT_JOIN','河东一区',null,'396',null,null,null,null,'13038002475','4003252001201612284324723581','任燕',null,null,'23','山西','306','吕梁','2545','离石区','',null,'13038002475'),
('153','36','71',null,'20161227081402527','154','伊亲购英子','http://wx.qlogo.cn/mmopen/BGOzbkwMZib6x6bj0GYaUeicWFicCIFN6Jia39RHsmlG3D9DoibibrTQHZTNq1kRQr0b5PAZRnicPImVztJvFM8N8CsfZQ9o3LFdBUu/0','20161229085148820','2016-12-29 08:51:48',null,'0','http://img.yiqingo.com/goodsimg/2016/12/23/0eec1c2c92f0468dbd124b3011c2038b.jpg','【伊亲购】俄罗斯正宗椴树蜜',null,1.00,1.00,'CLOSED','蒙山大道与北园路交汇',null,'36',null,null,null,null,'17753917913',null,'英子',null,null,'22','山东','292','临沂','2408','兰山区','276000',null,'17753917913'),
('154','36','78',null,'20161227151524883','150','伊亲购英子','http://wx.qlogo.cn/mmopen/BGOzbkwMZib6x6bj0GYaUeicWFicCIFN6Jia39RHsmlG3D9DoibibrTQHZTNq1kRQr0b5PAZRnicPImVztJvFM8N8CsfZQ9o3LFdBUu/0','20161229085310222','2016-12-29 08:53:10','2016-12-29 08:53:31','0','http://img.yiqingo.com/goodsimg/2016/12/23/44a1892808e946b8b5c921456011fc3b.jpg','【伊亲购】保宁 新款B&B洗衣液（1300ml）',null,1.00,1.00,'WAIT_JOIN','蒙山大道与北园路交汇',null,'36',null,null,null,null,'17753917913','4008482001201612294342055679','英子',null,null,'22','山东','292','临沂','2408','兰山区','276000',null,'17753917913'),
('155','408','110',null,'20161229085944369','150','a伊亲购进口母婴13963999881','http://wx.qlogo.cn/mmopen/IVBGfN6mdADz4FCTy6libsyYzOtljtjyQ9GfRvBdFicPvibS1N04RWBicMjPBCZdIGP2icAhLhmA3f5ticsGPPsStHZQODgZksg1wK/0','20161229085944380','2016-12-29 08:59:44','2016-12-29 08:59:52','0','http://img.yiqingo.com/goodsimg/2016/12/23/44a1892808e946b8b5c921456011fc3b.jpg','【伊亲购】保宁 新款B&B洗衣液（1300ml）',null,1.00,1.00,'WAIT_JOIN','广州路78号',null,'408',null,null,null,null,'13963999881','4008262001201612294342241397','倪雅梅',null,null,'22','山东','284','青岛','2351','平度市','266700',null,'13963999881'),
('156','410','111',null,'20161229090650306','150','宁静致远','http://wx.qlogo.cn/mmopen/Q3auHgzwzM4uYdwuWiaVicfCu0up1UHQOF2daCOwkgcxUKo3h9ywe5Ym37XYjCVf0ia06YaAoOtGegTzcKm5tzRzmXbeN7bRuX2mJZ6DZbggqs/0','20161229090650313','2016-12-29 09:06:50','2016-12-29 09:07:13','0','http://img.yiqingo.com/goodsimg/2016/12/23/44a1892808e946b8b5c921456011fc3b.jpg','【伊亲购】保宁 新款B&B洗衣液（1300ml）',null,1.00,1.00,'WAIT_JOIN','临沂市北城新区桥坊社区5号楼',null,'410',null,null,null,null,'15339975617','4000462001201612294344537798','赵东晓',null,null,'22','山东','292','临沂','3409','南坊','276000',null,'15339975617'),
('157','412','112',null,'20161229090906231','150','鱼鱼鱼','http://wx.qlogo.cn/mmopen/ryInS4jYaj5ATk0yskSSG56WV37zzyG7G0zvw9PtINWfG4C9nHapxypArIhNuoDjoJ8yrAU8mv6NxLaMUHgskKjJeRtFkKRW/0','20161229090906240','2016-12-29 09:09:06','2016-12-29 09:09:13','0','http://img.yiqingo.com/goodsimg/2016/12/23/44a1892808e946b8b5c921456011fc3b.jpg','【伊亲购】保宁 新款B&B洗衣液（1300ml）',null,1.00,1.00,'WAIT_JOIN','',null,'412',null,null,null,null,' 15020307181','4001132001201612294344662532','于腾',null,null,'22','山东','292','临沂','2415','费县','273400',null,' 15020307181'),
('158','413','113',null,'20161229091217084','150','','','20161229091217091','2016-12-29 09:12:17','2016-12-29 09:12:54','0','http://img.yiqingo.com/goodsimg/2016/12/23/44a1892808e946b8b5c921456011fc3b.jpg','【伊亲购】保宁 新款B&B洗衣液（1300ml）',null,1.00,1.00,'WAIT_JOIN','临西六路与化五路鹏盛装饰城4栋4号',null,'413',null,null,null,null,'13605497630','4004502001201612294344815315','葛常举',null,null,'22','山东','292','临沂','2409','罗庄区','276000',null,'13605497630'),
('159','416','114',null,'20161229091817709','150','','','20161229091817716','2016-12-29 09:18:17','2016-12-29 09:18:26','0','http://img.yiqingo.com/goodsimg/2016/12/23/44a1892808e946b8b5c921456011fc3b.jpg','【伊亲购】保宁 新款B&B洗衣液（1300ml）',null,1.00,1.00,'WAIT_JOIN','临沂经济技术开发区临工路与香港路交汇处明德花苑1号楼',null,'416',null,null,null,null,'15092932529','4005632001201612294343522277','王凡',null,null,'22','山东','292','临沂','2410','河东区','276000',null,'15092932529'),
('160','416','84',null,'20161227194441468','151','','','20161229091927196','2016-12-29 09:19:27','2016-12-29 09:19:34','0','http://img.yiqingo.com/goodsimg/2016/12/23/0fe4d0c6d58849afa417c62c97da9d81.jpg','【伊亲购】澳大利亚Lucas Papaw天然神奇木瓜膏25g',null,1.00,1.00,'WAIT_JOIN','临沂经济技术开发区临工路与香港路交汇处明德花苑1号楼',null,'416',null,null,null,null,'15092932529','4005632001201612294343518149','王凡',null,null,'22','山东','292','临沂','2410','河东区','276000',null,'15092932529'),
('161','419','115',null,'20161229093553197','151','','','20161229093553204','2016-12-29 09:35:53','2016-12-29 09:36:04','0','http://img.yiqingo.com/goodsimg/2016/12/23/0fe4d0c6d58849afa417c62c97da9d81.jpg','【伊亲购】澳大利亚Lucas Papaw天然神奇木瓜膏25g',null,1.00,1.00,'WAIT_JOIN','业州镇惠明小区A区c1-602',null,'419',null,null,null,null,'18107187699','4009402001201612294345810717','吴阳珊',null,null,'13','湖北','196','恩施','1641','建始县','445300',null,'18107187699'),
('162','420','116',null,'20161229094650549','151','A蜕变~童装成人装19元29元可代发','http://wx.qlogo.cn/mmopen/mOW261WJzibsaQIDaeQ2gJ60tZID2122SuuqOkXh4FedJMGZknkkjeZVDiaaybJT3l8AernwxXQiaDDjeYPK1icIuLYz9MCVnGicy/0','20161229094650556','2016-12-29 09:46:50','2016-12-29 09:47:03','0','http://img.yiqingo.com/goodsimg/2016/12/23/0fe4d0c6d58849afa417c62c97da9d81.jpg','【伊亲购】澳大利亚Lucas Papaw天然神奇木瓜膏25g',null,1.00,1.00,'WAIT_JOIN','蒙山大道通达小区1号楼',null,'420',null,null,null,null,'15762962966','4002672001201612294346279356','王芳芳',null,null,'22','山东','292','临沂','2416','平邑县','273300',null,'15762962966'),
('163','425','117',null,'20161229095738191','151','','','20161229095738198','2016-12-29 09:57:38',null,'0','http://img.yiqingo.com/goodsimg/2016/12/23/0fe4d0c6d58849afa417c62c97da9d81.jpg','【伊亲购】澳大利亚Lucas Papaw天然神奇木瓜膏25g',null,1.00,1.00,'WAIT_PAY','临沂市平邑县丰华苑小区',null,'425',null,null,null,null,'15866955312',null,'沙怡霖',null,null,'22','山东','292','临沂','2416','平邑县','273300',null,'15866955312'),
('164','425','116',null,'20161229094650549','151','','','20161229101057768','2016-12-29 10:10:57','2016-12-29 10:11:05','0','http://img.yiqingo.com/goodsimg/2016/12/23/0fe4d0c6d58849afa417c62c97da9d81.jpg','【伊亲购】澳大利亚Lucas Papaw天然神奇木瓜膏25g',null,1.00,1.00,'WAIT_JOIN','临沂市平邑县丰华苑小区',null,'425',null,null,null,null,'15866955312','4005812001201612294349325935','沙怡霖',null,null,'22','山东','292','临沂','2416','平邑县','273300',null,'15866955312'),
('165','430','118',null,'20161229102219294','150','Y-rui','http://wx.qlogo.cn/mmopen/PiajxSqBRaEIzxFibc7ERMSfMNoMib0wCZKKJQictwtHg6LDrCpUu60loRc4NzQjwEw84v2QeflPAj1ujvbgA3BRzQ/0','20161229102219303','2016-12-29 10:22:19','2016-12-29 10:22:35','0','http://img.yiqingo.com/goodsimg/2016/12/23/44a1892808e946b8b5c921456011fc3b.jpg','【伊亲购】保宁 新款B&B洗衣液（1300ml）',null,1.00,1.00,'WAIT_JOIN','李庄镇华埠5村',null,'430',null,null,null,null,'18306560797','4007692001201612294348263380','杨瑞',null,null,'22','山东','292','临沂','2412','郯城县','276000',null,'18306560797'),
('166','434','119',null,'20161229111019364','151','奶茶','http://wx.qlogo.cn/mmopen/mOW261WJzibtQdeicgRd4hoial7kG5dbwa3uX4HM8sG7Xib1dHzMcS8PEDlDhmLe59XKbQ59f6msXqIxKlQ22VTI4aTAfMfe2JKe/0','20161229111019373','2016-12-29 11:10:19','2016-12-29 11:10:24','0','http://img.yiqingo.com/goodsimg/2016/12/23/0fe4d0c6d58849afa417c62c97da9d81.jpg','【伊亲购】澳大利亚Lucas Papaw天然神奇木瓜膏25g',null,1.00,1.00,'WAIT_JOIN','彭于埠高层',null,'434',null,null,null,null,'15266699055','4009932001201612294354607766','奶茶',null,null,'22','山东','292','临沂','2410','河东区','276034',null,'15266699055'),
('167','434','95',null,'20161228174118797','151','奶茶','http://wx.qlogo.cn/mmopen/mOW261WJzibtQdeicgRd4hoial7kG5dbwa3uX4HM8sG7Xib1dHzMcS8PEDlDhmLe59XKbQ59f6msXqIxKlQ22VTI4aTAfMfe2JKe/0','20161229111425690','2016-12-29 11:14:25',null,'0','http://img.yiqingo.com/goodsimg/2016/12/23/0fe4d0c6d58849afa417c62c97da9d81.jpg','【伊亲购】澳大利亚Lucas Papaw天然神奇木瓜膏25g',null,1.00,1.00,'WAIT_PAY','彭于埠高层',null,'434',null,null,null,null,'15266699055',null,'奶茶',null,null,'22','山东','292','临沂','2410','河东区','276034',null,'15266699055'),
('168','443','120',null,'20161229115258993','152','','','20161229115258999','2016-12-29 11:52:59','2016-12-29 11:53:09','0','http://img.yiqingo.com/goodsimg/2016/12/23/0212e8f91d164ec383f6efb0f007a4c5.jpg','【伊亲购】德国施巴Sebamed洁肤沐浴露400ml',null,1.00,1.00,'WAIT_JOIN','二环东段爱墨墨婴儿游泳馆',null,'443',null,null,null,null,'15511054807','4004622001201612294360755975','张向丽',null,null,'10','河北','142','邯郸','1160','临漳县','050600',null,'15511054807'),
('169','443','121',null,'20161229132438336','153','','','20161229132438342','2016-12-29 13:24:38','2016-12-29 13:24:50','0','http://img.yiqingo.com/goodsimg/2016/12/23/972c350c374d468d82fd8efdf5583cf8.jpg','【伊亲购】哈罗闪婴儿二合一沐浴洗发露500ml',null,1.00,1.00,'WAIT_JOIN','二环东段爱墨墨婴儿游泳馆',null,'443',null,null,null,null,'15511054807','4004622001201612294370579893','张向丽',null,null,'10','河北','142','邯郸','1160','临漳县','050600',null,'15511054807'),
('170','46','122',null,'20161229151706592','154','庄 敏','http://wx.qlogo.cn/mmopen/mOW261WJzibtQdeicgRd4honQJMLg0icQueRAMHFekoCW6P6tWxfPdeHNZdSzzicduOreSWUpicdoFTszkNPSrFYcCv4X0e4qqhLl/0','20161229151706608','2016-12-29 15:17:06','2016-12-29 15:17:17','2','http://img.yiqingo.com/goodsimg/2016/12/23/0eec1c2c92f0468dbd124b3011c2038b.jpg','【伊亲购】俄罗斯正宗椴树蜜',null,1.00,1.00,'WAIT_CHOOSE','北园路与蒙山大道交汇',null,'46',null,null,null,null,'15376082087','4007562001201612294381750703','庄敏',null,null,'22','山东','292','临沂','2408','兰山区','276000',null,'15376082087'),
('171','46','123',null,'20161229151833091','151','庄 敏','http://wx.qlogo.cn/mmopen/mOW261WJzibtQdeicgRd4honQJMLg0icQueRAMHFekoCW6P6tWxfPdeHNZdSzzicduOreSWUpicdoFTszkNPSrFYcCv4X0e4qqhLl/0','20161229151833098','2016-12-29 15:18:33','2016-12-29 15:18:39','2','http://img.yiqingo.com/goodsimg/2016/12/23/0fe4d0c6d58849afa417c62c97da9d81.jpg','【伊亲购】澳大利亚Lucas Papaw天然神奇木瓜膏25g',null,1.00,1.00,'WAIT_JOIN','北园路与蒙山大道交汇',null,'46',null,null,null,null,'15376082087','4007562001201612294381749755','庄敏',null,null,'22','山东','292','临沂','2408','兰山区','276000',null,'15376082087'),
('172','36','122',null,'20161229151706592','154','伊亲购英子','http://wx.qlogo.cn/mmopen/BGOzbkwMZib6x6bj0GYaUeicWFicCIFN6Jia39RHsmlG3D9DoibibrTQHZTNq1kRQr0b5PAZRnicPImVztJvFM8N8CsfZQ9o3LFdBUu/0','20161229151849267','2016-12-29 15:18:49','2016-12-29 15:18:56','2','http://img.yiqingo.com/goodsimg/2016/12/23/0eec1c2c92f0468dbd124b3011c2038b.jpg','【伊亲购】俄罗斯正宗椴树蜜',null,1.00,1.00,'WAIT_CHOOSE','蒙山大道与北园路交汇',null,'36',null,null,null,null,'17753917913','4008482001201612294380172080','英子',null,null,'22','山东','292','临沂','2408','兰山区','276000',null,'17753917913'),
('173','37','122',null,'20161229151706592','154','刘巧玲','http://wx.qlogo.cn/mmopen/ajNVdqHZLLD8ibXcarGVY4U4mUXjYKyxkiaPxtkjnmaLYOaHlFuibWGLdzUjia7XiabgPJ0tGt5xFGEIkb7q2rmGdug/0','20161229151921085','2016-12-29 15:19:21','2016-12-29 15:19:29','2','http://img.yiqingo.com/goodsimg/2016/12/23/0eec1c2c92f0468dbd124b3011c2038b.jpg','【伊亲购】俄罗斯正宗椴树蜜',null,1.00,1.00,'WAIT_CHOOSE','伊亲购',null,'37',null,null,null,null,'13375392065','4000532001201612294380244004','刘巧玲',null,null,'22','山东','292','临沂','2408','兰山区','276000',null,'13375392065'),
('174','459','124',null,'20161229152118183','153','A 可儿大美妞（卖防臭袜的）','http://wx.qlogo.cn/mmopen/ajNVdqHZLLBMKiavUANYjDbPNeANeCRhESecpEfZ59MD1La3nAkm5RBDecWicRS7YaNHa97A1FibBCacicYmoBCmpQ/0','20161229152118190','2016-12-29 15:21:18','2016-12-29 15:21:27','2','http://img.yiqingo.com/goodsimg/2016/12/23/972c350c374d468d82fd8efdf5583cf8.jpg','【伊亲购】哈罗闪婴儿二合一沐浴洗发露500ml',null,1.00,1.00,'WAIT_JOIN','五路与北园路交汇处锐腾优卡D1204',null,'459',null,null,null,null,'13853953211','4007232001201612294381967034','秦贞萍',null,null,'22','山东','292','临沂','2408','兰山区','276000',null,'13853953211'),
('175','461','125',null,'20161229153125263','154','刘娜15305392522财务会计','http://wx.qlogo.cn/mmopen/mOW261WJzibtQdeicgRd4hohRhtoHsALfia8fekp5vdpmsiaPZnJHBwibOlhcpO0iaFcEqOZvYduCAgul0NCfXXl86fqmicBjXfoAPo/0','20161229153125270','2016-12-29 15:31:25','2016-12-29 15:31:36','2','http://img.yiqingo.com/goodsimg/2016/12/23/0eec1c2c92f0468dbd124b3011c2038b.jpg','【伊亲购】俄罗斯正宗椴树蜜',null,1.00,1.00,'WAIT_JOIN','伊亲购',null,'461',null,null,null,null,'15305392522','4009932001201612294384457610','刘娜',null,null,'22','山东','292','临沂','2408','兰山区','276000',null,'15305392522'),
('176','355','126',null,'20161229154139289','151','真真','http://wx.qlogo.cn/mmopen/Kwv0ftVtB482zfb8hMhsh7RX8FfkH3G2Ju3E3icw1LaSa1BkxKteibOc9qUX1vZkQAY6uIuGKlzYEVmX031t3xf5EFTJg43og7/0','20161229154139302','2016-12-29 15:41:39','2016-12-29 15:41:50','2','http://img.yiqingo.com/goodsimg/2016/12/23/0fe4d0c6d58849afa417c62c97da9d81.jpg','【伊亲购】澳大利亚Lucas Papaw天然神奇木瓜膏25g',null,1.00,1.00,'WAIT_JOIN','大青山路106号金穗花园',null,'355',null,null,null,null,'13665392893','4004322001201612294383304002','李真真',null,null,'22','山东','292','临沂','3409','南坊','276000',null,'13665392893'),
('177','463','127',null,'20161229155412789','154','乐♥媽','http://wx.qlogo.cn/mmopen/mOW261WJzibtQdeicgRd4honfB8sO6DGJBd1qGibePNZjib7FxfxHxV0wUM908DB6Y67qEOJHVeh8zUv8mw2dRwP187EbQtUgkyE/0','20161229155412795','2016-12-29 15:54:12','2016-12-29 15:54:19','2','http://img.yiqingo.com/goodsimg/2016/12/23/0eec1c2c92f0468dbd124b3011c2038b.jpg','【伊亲购】俄罗斯正宗椴树蜜',null,1.00,1.00,'WAIT_JOIN','临沂市兰山区枣园镇大潮沂',null,'463',null,null,null,null,'15064987000','4002402001201612294383794916','韩春艳',null,null,'22','山东','292','临沂','2408','兰山区','276000',null,'15064987000'),
('178','462','128',null,'20161229155839459','154','荷塘月色','http://wx.qlogo.cn/mmopen/mOW261WJzibtQdeicgRd4hoqLJ4bibR0IBkaI05yBqZtIibUhRw2fEia58TJeZjNcZOsHib4LOGjw6oRQea6595koqNY1fBuVodDyD/0','20161229155839465','2016-12-29 15:58:39',null,'2','http://img.yiqingo.com/goodsimg/2016/12/23/0eec1c2c92f0468dbd124b3011c2038b.jpg','【伊亲购】俄罗斯正宗椴树蜜',null,1.00,1.00,'WAIT_PAY','沂河明珠芭山耸翠七号楼三单元502',null,'462',null,null,null,null,'13407678876',null,'刘文艳',null,null,'22','山东','292','临沂','2413','沂水县','276400',null,'13407678876'),
('179','462','129',null,'20161229155912161','154','荷塘月色','http://wx.qlogo.cn/mmopen/mOW261WJzibtQdeicgRd4hoqLJ4bibR0IBkaI05yBqZtIibUhRw2fEia58TJeZjNcZOsHib4LOGjw6oRQea6595koqNY1fBuVodDyD/0','20161229155912169','2016-12-29 15:59:12',null,'2','http://img.yiqingo.com/goodsimg/2016/12/23/0eec1c2c92f0468dbd124b3011c2038b.jpg','【伊亲购】俄罗斯正宗椴树蜜',null,1.00,1.00,'WAIT_PAY','沂河明珠芭山耸翠七号楼三单元502',null,'462',null,null,null,null,'13407678876',null,'刘文艳',null,null,'22','山东','292','临沂','2413','沂水县','276400',null,'13407678876'),
('180','462','130',null,'20161229155939080','154','荷塘月色','http://wx.qlogo.cn/mmopen/mOW261WJzibtQdeicgRd4hoqLJ4bibR0IBkaI05yBqZtIibUhRw2fEia58TJeZjNcZOsHib4LOGjw6oRQea6595koqNY1fBuVodDyD/0','20161229155939087','2016-12-29 15:59:39',null,'2','http://img.yiqingo.com/goodsimg/2016/12/23/0eec1c2c92f0468dbd124b3011c2038b.jpg','【伊亲购】俄罗斯正宗椴树蜜',null,1.00,1.00,'WAIT_PAY','沂河明珠芭山耸翠七号楼三单元502',null,'462',null,null,null,null,'13407678876',null,'刘文艳',null,null,'22','山东','292','临沂','2413','沂水县','276400',null,'13407678876'),
('181','239','131',null,'20161229163307890','154','人间百味','http://wx.qlogo.cn/mmopen/x81XLiaGrLgYZy43XAd9HQNt0vdrtDnboAwLnjrodfKQQbsEIibMvJNQ05y6mmVwgcZNKgRFem4xuGrEmxVT3q1Tmlnvxic89oic/0','20161229163307903','2016-12-29 16:33:07',null,'2','http://img.yiqingo.com/goodsimg/2016/12/23/0eec1c2c92f0468dbd124b3011c2038b.jpg','【伊亲购】俄罗斯正宗椴树蜜',null,1.00,1.00,'WAIT_PAY','山东省临沂市兰山区通达路与前十街交汇处交警大队院内公安局出入境照相室',null,'239',null,null,null,null,'13516399269',null,'赵秀艳',null,null,'22','山东','292','临沂','2408','兰山区','276000',null,'13516399269'),
('182','239','132',null,'20161229163453437','154','人间百味','http://wx.qlogo.cn/mmopen/x81XLiaGrLgYZy43XAd9HQNt0vdrtDnboAwLnjrodfKQQbsEIibMvJNQ05y6mmVwgcZNKgRFem4xuGrEmxVT3q1Tmlnvxic89oic/0','20161229163453445','2016-12-29 16:34:53','2016-12-29 16:35:00','2','http://img.yiqingo.com/goodsimg/2016/12/23/0eec1c2c92f0468dbd124b3011c2038b.jpg','【伊亲购】俄罗斯正宗椴树蜜',null,1.00,1.00,'WAIT_JOIN','通达路与前十街交汇处交警大队院内公安局出入境照相室',null,'239',null,null,null,null,'13516399269','4003302001201612294387815463','赵秀艳',null,null,'22','山东','292','临沂','2408','兰山区','276000',null,'13516399269'),
('183','6','122',null,'20161229151706592','154','中强','http://wx.qlogo.cn/mmopen/ryInS4jYaj5ATk0yskSSG1sZYn22ksUg5mTicqem11rr0zMjCMc1oj377gg6oLOSoNMqLAfiaU13LpZ0DE79JbPXAHfT9R2FDn/0','20161229172603074','2016-12-29 17:26:03','2016-12-29 17:26:14','2','http://img.yiqingo.com/goodsimg/2016/12/23/0eec1c2c92f0468dbd124b3011c2038b.jpg','【伊亲购】俄罗斯正宗椴树蜜',null,1.00,1.00,'WAIT_CHOOSE','进来了',null,'6',null,null,null,null,'18669996211','4008522001201612294394153998','孙中强',null,null,'22','山东','292','临沂','2408','兰山区','277100',null,'18669996211'),
('184','465','133',null,'20161229200039098','151','Candy','http://wx.qlogo.cn/mmopen/Kwv0ftVtB482zfb8hMhsh5eTTed1bZhN8jNkHkfDE70tW7NUJKNYFlbyCTBCtibGBLnHPAh0uVocRjfRwvtVg2icv0EqlKTicNQ/0','20161229200039105','2016-12-29 20:00:39','2016-12-29 20:00:53','2','http://img.yiqingo.com/goodsimg/2016/12/23/0fe4d0c6d58849afa417c62c97da9d81.jpg','【伊亲购】澳大利亚Lucas Papaw天然神奇木瓜膏25g',null,1.00,1.00,'WAIT_JOIN','上海市静安区洛川中路1158号名仕街B2幢609室',null,'465',null,null,null,null,'18321484646','4006512001201612294413813961','李琼',null,null,null,'',null,'',null,'','',null,'18321484646'),
('185','465','134',null,'20161229200140135','154','Candy','http://wx.qlogo.cn/mmopen/Kwv0ftVtB482zfb8hMhsh5eTTed1bZhN8jNkHkfDE70tW7NUJKNYFlbyCTBCtibGBLnHPAh0uVocRjfRwvtVg2icv0EqlKTicNQ/0','20161229200140142','2016-12-29 20:01:40','2016-12-29 20:01:45','2','http://img.yiqingo.com/goodsimg/2016/12/23/0eec1c2c92f0468dbd124b3011c2038b.jpg','【伊亲购】俄罗斯正宗椴树蜜',null,1.00,1.00,'WAIT_JOIN','上海市静安区洛川中路1158号名仕街B2幢609室',null,'465',null,null,null,null,'18321484646','4006512001201612294413896536','李琼',null,null,null,'',null,'',null,'','',null,'18321484646'),
('186','466','135',null,'20161229200536215','152','冉^_^','http://wx.qlogo.cn/mmopen/IVBGfN6mdADz4FCTy6libs1CNOcVm2wYabA0XYkeZz57YzH6e8PWzzcGorYQOVqjrzTp3WQyfgib5T3icIibeKhrQXjfZu6ibeicSf/0','20161229200536222','2016-12-29 20:05:36',null,'2','http://img.yiqingo.com/goodsimg/2016/12/23/0212e8f91d164ec383f6efb0f007a4c5.jpg','【伊亲购】德国施巴Sebamed洁肤沐浴露400ml',null,1.00,1.00,'WAIT_PAY','山东省济宁市微山县夏镇白庄小区20号楼4单元101室',null,'466',null,null,null,null,'15106376200',null,'张冉',null,null,'22','山东','289','济宁','2391','微山县','277600',null,'15106376200'),
('187','466','136',null,'20161229200554564','152','冉^_^','http://wx.qlogo.cn/mmopen/IVBGfN6mdADz4FCTy6libs1CNOcVm2wYabA0XYkeZz57YzH6e8PWzzcGorYQOVqjrzTp3WQyfgib5T3icIibeKhrQXjfZu6ibeicSf/0','20161229200554571','2016-12-29 20:05:54','2016-12-29 20:06:12','2','http://img.yiqingo.com/goodsimg/2016/12/23/0212e8f91d164ec383f6efb0f007a4c5.jpg','【伊亲购】德国施巴Sebamed洁肤沐浴露400ml',null,1.00,1.00,'WAIT_JOIN','山东省济宁市微山县夏镇白庄小区20号楼4单元101室',null,'466',null,null,null,null,'15106376200','4000132001201612294414479315','张冉',null,null,'22','山东','289','济宁','2391','微山县','277600',null,'15106376200'),
('188','261','125',null,'20161229153125263','154','釹王','http://wx.qlogo.cn/mmopen/ryInS4jYaj5ATk0yskSSGicqJL4PhlA3P5RrwfPs0bn2jZlugOVTwMLiaicdU11AGp6AjeELViaRPmKXUg6IkwhFyU9HAxJbeQR8/0','20161229200914297','2016-12-29 20:09:14','2016-12-29 20:09:25','2','http://img.yiqingo.com/goodsimg/2016/12/23/0eec1c2c92f0468dbd124b3011c2038b.jpg','【伊亲购】俄罗斯正宗椴树蜜',null,1.00,1.00,'WAIT_JOIN','南坊北京路与秀水路交汇大朱夏社区49号楼3单元101室',null,'261',null,null,null,null,'15806918979','4001402001201612294414709448','梁雯',null,null,'22','山东','292','临沂','2408','兰山区','276000',null,'15806918979'),
('189','466','124',null,'20161229152118183','153','冉^_^','http://wx.qlogo.cn/mmopen/IVBGfN6mdADz4FCTy6libs1CNOcVm2wYabA0XYkeZz57YzH6e8PWzzcGorYQOVqjrzTp3WQyfgib5T3icIibeKhrQXjfZu6ibeicSf/0','20161229201243971','2016-12-29 20:12:43','2016-12-29 20:12:59','2','http://img.yiqingo.com/goodsimg/2016/12/23/972c350c374d468d82fd8efdf5583cf8.jpg','【伊亲购】哈罗闪婴儿二合一沐浴洗发露500ml',null,1.00,1.00,'WAIT_JOIN','山东省济宁市微山县夏镇白庄小区20号楼4单元101室',null,'466',null,null,null,null,'15106376200','4000132001201612294416571109','张冉',null,null,'22','山东','289','济宁','2391','微山县','277600',null,'15106376200'),
('190','344','122',null,'20161229151706592','154','勿忘初心 ','http://wx.qlogo.cn/mmopen/ajNVdqHZLLDRjUKc9t3pJuLENQTB1eKZib66xbkFZ4Ub8FmRbLaLHR10wcJ6StpbGqnlVRI16e3not3CjhHqDZw/0','20161229203052897','2016-12-29 20:30:52','2016-12-29 20:30:57','2','http://img.yiqingo.com/goodsimg/2016/12/23/0eec1c2c92f0468dbd124b3011c2038b.jpg','【伊亲购】俄罗斯正宗椴树蜜',null,1.00,1.00,'WAIT_CHOOSE','临西十一路鲁南化工市场A区259',null,'344',null,null,null,null,'18669653122','4009082001201612294417630361','卞舒展',null,null,'22','山东','292','临沂','2408','兰山区','276000',null,'18669653122'),
('191','35','124',null,'20161229152118183','153','欢','http://wx.qlogo.cn/mmopen/IVBGfN6mdAAIYdhXjPP6Nd1pw0Bib882zv1eB6UQ5bqkrDFO5AgjTZs4r3LbWz4pcuTV1ibicDOIaeCUOFicfonHMUo4f7iaguDev/0','20161229223625255','2016-12-29 22:36:25','2016-12-29 22:36:40','2','http://img.yiqingo.com/goodsimg/2016/12/23/972c350c374d468d82fd8efdf5583cf8.jpg','【伊亲购】哈罗闪婴儿二合一沐浴洗发露500ml',null,1.00,1.00,'WAIT_JOIN','苍山县庄坞镇西高尧村',null,'35',null,null,null,null,'15269994662','4007702001201612294430968637','周欢欢',null,null,'22','山东','292','临沂','2414','苍山县','',null,'15269994662');
DROP TABLE IF EXISTS  `wx_app_auth`;
CREATE TABLE `wx_app_auth` (
  `id` int(11) NOT NULL AUTO_INCREMENT,
  `authorizer_appid` varchar(20) DEFAULT NULL COMMENT '授权方appid',
  `authorizer_access_token` varchar(200) DEFAULT NULL COMMENT '令牌',
  `authorizer_refresh_token` varchar(200) DEFAULT NULL COMMENT '据刷新令牌',
  `expires_in` int(11) DEFAULT NULL COMMENT '有效期',
  `modified` datetime DEFAULT NULL COMMENT '更新时间',
  `nick_name` varchar(50) DEFAULT NULL COMMENT '昵称',
  `head_img` varchar(180) DEFAULT NULL COMMENT '授权方头像',
  `user_name` varchar(50) DEFAULT NULL COMMENT '原始ID',
  `principal_name` varchar(50) DEFAULT NULL COMMENT '主体名称',
  `alias` varchar(50) DEFAULT NULL COMMENT '所设置的微信号',
  `business_info` varchar(300) DEFAULT NULL COMMENT '功能的开通状况',
  `qrcode_url` varchar(180) DEFAULT NULL COMMENT '二维码图片的URL',
  `func_info` varchar(300) DEFAULT NULL COMMENT '权限集列表',
  `authorization_info` varchar(300) DEFAULT NULL COMMENT '授权信息',
  PRIMARY KEY (`id`)
) ENGINE=InnoDB AUTO_INCREMENT=2 DEFAULT CHARSET=utf8 ROW_FORMAT=DYNAMIC COMMENT='微信授权APP';

insert into `wx_app_auth`(`id`,`authorizer_appid`,`authorizer_access_token`,`authorizer_refresh_token`,`expires_in`,`modified`,`nick_name`,`head_img`,`user_name`,`principal_name`,`alias`,`business_info`,`qrcode_url`,`func_info`,`authorization_info`) values
('1','wx4eea902ba31461ff','nPj3bWOED-aKfYMlCKZ9s0iULgLtkGRIvWo70UZS0PqF0SDQXfIqwBgruoTzxWlN3PZ_S9JqKiKD2KhJZGr5ZDJBX_UPrpQTuJl13O6OLveStdPesz9AkM6DqeZywa08QDSiALDVIX','refreshtoken@@@3YR865O5Q6o_RWodbtz4yUitw08_FOAZV87ZOgqtJDs','7200','2016-12-30 08:00:00',null,null,null,null,null,null,null,null,null);
DROP TABLE IF EXISTS  `wx_app_config`;
CREATE TABLE `wx_app_config` (
  `id` bigint(20) NOT NULL AUTO_INCREMENT COMMENT '主键',
  `code` varchar(50) DEFAULT NULL COMMENT '配置名称',
  `value` varchar(300) DEFAULT NULL COMMENT '配置值',
  `remark` varchar(300) DEFAULT NULL COMMENT '备注',
  `modified` datetime DEFAULT NULL COMMENT '更新时间',
  PRIMARY KEY (`id`)
) ENGINE=InnoDB AUTO_INCREMENT=3 DEFAULT CHARSET=utf8 ROW_FORMAT=DYNAMIC COMMENT='微信开发者账号配置';

insert into `wx_app_config`(`id`,`code`,`value`,`remark`,`modified`) values
('1','ComponentVerifyTicket','ticket@@@-o_oMgb0GW7UtZ_6J4DhE4URIn3lGzHilUS4KvfFdJ9tu4RnlG7-jowVff92zMreTRm-VixurqT6dvf8VyRqpg','组件票据','2016-12-30 08:43:54'),
('2','COMPONENT_ACCESS_TOKEN','Uo4iY5Kp1f6qFFMHpxAkXIuHs66rotnY6vsW9YR1S_yBU6uHGaElrqgF9cbdbImO_LmlYNvyrhOT8l1Jn8qJ-q2YGJZ9_eSWJy3IAfUz6smJg_p1Rh-tHjTZsHcMstryIGBeAHAZXS','COMPONENT_ACCESS_TOKEN','2016-12-30 08:00:01');
DROP TABLE IF EXISTS  `wx_app_user`;
CREATE TABLE `wx_app_user` (
  `id` bigint(20) NOT NULL AUTO_INCREMENT COMMENT '主键',
  `appid` varchar(50) NOT NULL COMMENT '公众号ID',
  `openID` varchar(100) NOT NULL COMMENT '窗口id',
  `nickname` varchar(100) DEFAULT NULL COMMENT '昵称',
  `address_id` bigint(20) DEFAULT NULL COMMENT '地址ID',
  `realname` varchar(10) DEFAULT NULL COMMENT '真实姓名',
  `sex` varchar(10) DEFAULT NULL COMMENT '性别',
  `language` varchar(10) DEFAULT NULL COMMENT '语言',
  `province` varchar(10) DEFAULT NULL COMMENT '省份',
  `city` varchar(10) DEFAULT NULL COMMENT '城市',
  `country` varchar(10) DEFAULT NULL COMMENT '国家',
  `headimgurl` varchar(255) DEFAULT NULL COMMENT '头像路径',
  `privilege` varchar(10) DEFAULT NULL COMMENT '权限',
  PRIMARY KEY (`id`)
) ENGINE=InnoDB AUTO_INCREMENT=2 DEFAULT CHARSET=utf8 ROW_FORMAT=DYNAMIC COMMENT='微信公众号的用户';

insert into `wx_app_user`(`id`,`appid`,`openID`,`nickname`,`address_id`,`realname`,`sex`,`language`,`province`,`city`,`country`,`headimgurl`,`privilege`) values
('1','wx4eea902ba31461ff','oc3U0wDP8Zl6U9d1N5m6C-L86_kw','中强',null,null,'1','zh_CN','山东','临沂','中国','http://wx.qlogo.cn/mmopen/UlPcoUZgicM4iaoHAnOy6UWHDFmThgOVVFSRA4w1oJHHoUbeEPlKFFRRoQBrfiaOBTKdmVEbnfNz4AnVAp7hrlQIe6DaWS0kdOQ/0',null);
SET FOREIGN_KEY_CHECKS = 1;

